0x58aa9c8d56d6227ee92f125d2c3e9b857c2e5bd9,0xf8567fe4446121ce9a944646ae1cbbd9651fa566
0xd308110315d499f4beb81292ff59a8ed8713ab1b,0x8c77e3597a162e8ba0b98d71c0addb58645a874d,0xeda5066780de29d00dfb54581a707ef6f52d8113,0xc19d75d57cd6d7912e8808b8518196405895d44d,0x9451f0ef7a6bbbb6466b69ca19b7944d7bb836fd,0xfa3f1aa1ca7f622f41a76c277feae6e34dce6a14,0xa7ef83a3475fbcc732ed908d69fe9af3a380d78e,0x6795b61877abee6225637233153760d74d9ebcff,0x4a3e49d0cccbd1ebe755bd25dbf934a8fc6df2d3,0x129d576f47ec14d6405b18cd5ceea09a1308c4f1,0x6504e199497772532e93b2ed4b9b0681b5641f88,0x55562f8102b588c08fe06b03e4e53965e93a4594,0x1f0645aa10e06129bfcc6585688bf86b9ae0b16d,0x77c43ebd7cea0850537f482f8e9e27cdfa1e749e,0x28b7ec763fd69f42eeb16ff6621e7c5f2f5e09ea,0x59c32b6ff23de00d272323c6dc2f2128ed61bbac,0xfe05290a3f8320b2c7eabd7cf354a307fde01fd0,0x4743006abb208b812330641834c4f27511a4fddc,0x2810ccae5d6e30a993c3f5f93f41366bb8fc0efc,0x6ffe4f3bf02d89079ef844fba003d0db702a2884,0xfe23fc1f735003271ab97eb3494397a2b7afc0fd
0x598cc08d04c2499358dbfb1c07793c1a639214ba,0xc5b527eceb8d9aa8ee80acf3945af638eb058dc0,0x4090748e91d07e43ba44efb6613ef9004b4ab25c,0x7a39e9fbe7245ccb80fea947fe069691a06e1f91,0xb4d6eaea0009cb185b7b4907245676000b8fbab7,0x2f52428e30551437671d05b867d0d9d91f26b815,0x5ac3811ace32908ef205c33e6191561f06dc5027,0x4e124a678c92b838f11161063248dd1fa6ded311,0xab7f8be7a4218e9ad2d54171c3aacdf331b91063,0xb30a2fc1bfd4406ddc3291e84c24055143d2d77e,0x2ddd29b569770b8c87f837f2a90c4dda9ad7eed7,0xb14aa1632cfdb5c2fddaebdf2a25244c23385a2d,0xc458cffbc1931c06c1d1e1576dca893955294343
0xb9afc3e4c79971e6ad3d26ef1ccd91f000faf033,0x3523d63f8b0b6be48479f5455092bc16569ec294,0x95c4081fe47ad81052982c020d4fcc3e00d6e657,0xea401a3b582749d4a5695d36dd29a971334018dd,0xf4fc6c136f7d857cf679d18c339f62bd252e988a,0x0ca170dc25f1ae2dd4bac85d375bb7bbd46886eb,0xfc488e6b5f367656bbb08b90fe3dc1a7438c9dd4,0xd7f850e0e78a72788d9d178d2fd59a85326feb92,0x599a449d4b7926e565f70c5d8ab6e0da90e8a786,0x25cb503c7bea295c250da8ce406d4c8867441755,0xa2ab2202d19d0d5cbc392f40190026941f63d517,0xcdeb203d7ef7117bd6bafb87a1e41930e4325488,0x9134f8002b01b5fb553942d4dafe99d0f1a90ed7,0x09da450e39f22c831d514ee0ea854611fdc4cfbf,0xdee9ba25415fcf8507a036c2efece4debf937899,0xdec26074f6c7e4fd4f5afc31cef0245abe2a563e,0x42bccddc961fa91f6b2f92a6e0a5e0db62dd5db3,0xbdbf4dd16c932ab149e708fa9081baf80f09dd3e,0x041ad6828f6b71b2d2aba73432ede88a19b44039,0xa215224066a5eecbcaaf6725183228b716eec0d4,0x5d76333944495276f76b7393f5d00f015f97daf5,0x72b2a2015570995a624231dcdd0254b4f50fd9ed,0x17b6a62e2a50567dfbe0a56b266665b348b75027,0x8abe7ef65d010bccfbb3f0819372dba43e03a52d,0xfe3a899e0de9791f5568c2fa614d909d80e81966,0xfcc2dad2849a774836b0c6327f3edbd19d22218d,0x9abd86b849aafa01e4f383690cd1d5595c2b2458,0xa113e112187f1444bd04cda391c41deb54df8a77,0x549f841e686e9c44a04abb8d16f9f32197ee1a24,0xbe70cf6749d97df054f4edbe51a3c63634f77eba,0xad9872f8a1e048ad9232b39889ec606de50603ad,0xc06d154021f3e5dee89a793698d959597d0f835c,0x4454b59e1980f093aca2f213f5a294b25f65a779,0x68cdaaab877a9d3f5d26080188f701a01f890765
0xda37822c903e3144089804455a7782ddb05dfe96,0x44e3dee09191340c00c12e9dd9fc356f469b3e47,0x19aa0ebd73eaa39e19b4e1bb42ef22858766ef96,0xaf745d9caa19c627536d89451ac7ac1e66b20d67,0x0b535b5e95a046eeccfc19e7ff274b2f4523b9c6,0x995c3d396148f3fbd708edcbd2f494ef0a865781,0x033b846f9d2e235ae7d604b5034bd7c54d3a3a86,0xbd7c1ab32aa52ddc79deca1b9df06f98b1420f52,0x6c904b3bb57865516a0d054ccfe7449e01b85421,0xe609a451a6c71a273297d355422ecb4e999422a6,0x61b2a3b2548c0d678ec85b4b791409895604e5eb,0x9d9e6c90d93e7ff0db520e737bec4012ea8ab7a4,0xf99ae72d41b6287e9e192cedd4e20237279494f2,0xb9ffcd9b7771226e34ec9c023a0949e9cabcc8d2,0xcaa1a24f416c0be85d5042ef6de2c2288f3fe55c,0x764af8079ae523b000f006bded5aad724d9e6de4,0x69b6fb2be2c31653985be8ee1e515f441c868e10,0x4c54b26877b7cd8613e8eeb5761aa01ee7128bc2,0xc57ce4bc91c2fe2e1b04edc1bd15be04e02bf592,0xfcc48a78222bcc1a856cef199266e9acf5cab5c6,0xd7b6c5d86058b378d28f917b83c40758c43a0e7f,0xef0ee5017840fcc47bfd16f3ae7799201eeeb865,0x05ef09eab46a78cfc973c957ffeaeb0f8722f271,0x9647a2d17abeac666c8ba0b227ab72dfd4bda22a,0xf6d7c771172042c9e810e5c85634c5bd4aa52ff2,0x07f64ace410b097cd245f7312a47fd822c3627a6,0x29aa429dbc7fad16ad4730e39a6e3fccd688f748,0x74558552541d5732822e64c1dcbd7b14e8f5d316
0xd4e204aeb7b291cead6cfee1d4fc158e54030dea,0x00b1eea0000011fa006700f9f1008000240b16ee,0x2954d8c6a41b8b70a1895c752aca9c476b20343c,0x5d8c38cb98a03cf3b430161ab84f859002249d9a,0xcc4dedc9b20a141db74c8c1d7533316d2ce7bbf9,0xcedaa447fa9c41d660c2ced408c7ad4c34c6c2d6,0x64f4d24cbfb32d6f483b94d08133e69c6c5808c7,0xc409cffd53c34d71fde44883bdb00cede6dcae8d,0x3b9df342de1b72f54f644e712e22432878a0447b,0xa5bd64df544411b816bb08315319298bf5e861a2,0x542530cbc454e60ab96000dae935c81fe8cf1897,0x9bddb94aa2498f2c5f01c01a44a4788b7d17f36d
0xff8ab240089472ca5e3eea3c1e458560719d9b28,0xa9f431e6fcee0ad28fe5946c670ba94324446de2,0xc875381a0d0114ea4181d73bd88fd11b189455db,0xcdfbeabf8772f437a9a6cecb41fc8c731915248c,0x856249f620213dc9c76cb14dc32c44bc0cf8b73b,0x59ab1bd1531e79c52a5e61b54f30fb1dc7da0af1,0xead5b7d86c681c036c59cd00a0390541061c69f2,0x3d555fc27b6564939d0e91fc919aae0e81623c20
0x4439b783f28f1305f2e280925d1f5b738ce4b533,0xb193da6f9f2252be679fd5b020c22ded01f4ec8d
0xe67163ab11d4b39c5616bd84bbdf8efbdf7a5d00
0x336b8677e45d89483bdd78d595c8de27f9dd7a31,0xb788a53403a02c60a19d3cb69e3968c4366464f8,0x45e5ef3e047760fc299542cfde806d2118857515,0x4d5494fc6565c3732a08a8f66687b60030c57b0d,0x510b215b27aec73f3e2f2508f895dd037f3f8be4,0x11d6b5b4aed2b85af9e54e61252aefc06daba3db,0x1ba9dcb4ced01c0103eae00a34379568a171a822,0x57bf3b0f29e37619623994071c9e12091919675c,0x6b4f384cd9213a46c3d454fb8a4989fa8f5ee4db,0x0f292c7bc2a3fbc1747d5f8b0020105d0d32ec5a,0xd53e2d7cdfe9d7429debf059b8d8d4f617a40bf6,0x982f5698febb2b8d1b9a560228abbceafbb11568,0x6cf4c498d5c28e64a5d4af76f585a3f3c3ea5a7a,0x0038c1c7def9b413001a39647dbce2d0075d98b1,0x373704e394ef150241aee836115d78aba3fc5c76,0xd3b6a5c9574bfc80ce34d67db04b5ea53dad6ae9,0x36ce14bf2bdd81aedcc11398e7a7f8c9c519621f,0x99042cfe4efa93c1265ad01c855aa3096331f2ab,0x1d3b6491bea6fc0c1da97bbefe5d5d07df87bc16,0x2eecb4d3f1bd706a08cb3b4e7a816c1f5478c4bf,0x8ee88955d76c019887904d2f309b883c6635f399,0x7a0e7adb1b9a40a4b4656ad55102d46dfdd6c19d,0x631bc8809e4851f829fcb18aa0a4cf14523b48c0
0xa8900cbf3473666674417b81b77e6df96d76d97a,0x460c5025d8054c6dcd5f6dbbd0ea155422075337,0x255be5924dbcef2268365833f0fb50a0059d1fe6
0x34e809e36f37c4be3f0b8448ac0447f0c3173789,0x184cf5f951d40b10a3eec7824d0681245d846bd7,0x0276a896e0fca3e54e46e3d18cb95749053ceea1,0x5692d4ffbd0401129c704c4e19f1098f963ce090,0x996f5ccbf2856137744603b382de559b78a096fc,0x801018f81920f65f5de4815b4078710bc62b00f8,0x6e58fd99e3ef4bfb7ec6b94d150c7b6af2bd8c4c,0xd82b98489b1841f941bb4da36322f455d0f4abc5,0xc7bbd917aa82e919822270a8abdcacc051fcafeb,0x238935288fe29edb5c8ab3dd44bc8931ce11d4c5,0xeeeb14e26bfdf7cea2cc3361c1d36a75374f1f4b,0xed517b1aaa0d05525b84a14aa1aa0f9d6b537270,0xc73e4eea6f31e16bcea8b19172d6ab36809bc8ea,0x1d7ba248350318d72808b7bdd22c3ee1bd3b92e3,0xa1b894a524443a0be388f2b11fa9e7ed9428046d,0xfdef0fd98f6a96a6f4397922c9671f94c0b1d0d2,0x930471d835133b52679ae581e83a65af9a751a62,0x3358d838bffff60a2c3577b595483dae87066396,0xe320857cfe6563e0581839dbd4fe00e4a2e69717,0x58fbf84346f5dde8352501dbde0c23b75b574ed0,0x5023bc5ef6a2ee360ad8513f45cdff2e5cd29ecb
0x16ee485fc4176773c131bbfb405879e4da8bc6be,0x66e3aa853b70d7ad8c8c57c1e028d2e7d8b991d7
0xb0e8f57a2712a7f5a6a41742c538a965867b952b,0x8ad0d5bf4af1161f00a26a527b755e01ab28decd,0xce19d314a10ba291e7ab2e33fd9ecd2e699141a2,0xfdb881112584fc4513c0347bd864ced0bc5c5f1e,0xc5f787cd61ba3cc3abe4779d11cf7bfbdc3284f9,0x1de534453370428e5f0ebe192ae324ff911c31a3,0x5955b65bacb386e5a58f5452491c8968caea797b,0x7ee7ea174dcd20b501299c9a9e7402c9ae863f8a,0xbb9e5f75d293322eacc9a478e39aea072f72c617,0x54a4ed8d507ab86544e4f7f975546c298737b30d,0x9305d3b084fa269afe5a1a8ca414715d39041eb9,0x704fb9826d3051d80970a25f96a0efd06ccb3bf5,0xd36d988332c4ea70ea5d6d6770b40a21c0f70618,0xa459089be73351362f481463ad95f6aba8578280,0xbc06e83ab442c2842d92fca3e918cf92328f3310,0x000729f1022cbf699dafc3928b6e92ce2fe33841,0x30563e0710610edc9c6c6f3db04eb0957210d5af,0x07aba841dbbb953b493100697a7db0033ef64aa1,0xb404d69d5f368837c6d790b037714c44db43d111,0xf26581344679244ac934a956b2f9cd9a4cfb20e6,0x42364a05bb7c9b2e0a7e421abddcff4f0e134a20,0x1290805fd581ba79170ae629d998bedcc1e00d0b,0x2aa6d2023ad209221ea49b5689ba1f4ad1378980,0xbfa9fe0453489a73fb421cb451686e9502735173,0x609094df7756a4f4f5b4f342dbcadadfee7353a6,0xeca2444e8672ae3de62eb816be0f0e1f4bd03443,0x30a391e506d8e754da969aa0c506fb155e9e0034,0x7a421c257d8d2b49054ac65194c5dc65b517d38f,0x9faa04cd0a0b0624560315c9630f36d9192c67b5,0x0cd1e18cf57a1536bdcde52a435d06532b920162,0x2f3b8d1b5fa62c9d2f0fb2b9827c9cf593b127d1,0x618107d94fd6aa156dc06d05999d1dc9ea5fbe62,0x02aeff41de2742fade246252bb260f72b1c4e52a,0xac02a036f8e14a42a885e76b65b0853e483640ac,0x2b3aaec3e80afaaf89f5238f38f1f461b58e8c78,0x3fba408aca326798b1a81293f2bc5351252729ce,0x1a382d3e0ebc7d906e1116f946ca5cdce7598e55,0x4cf01e31fe75ca1f8ae0630f30a4f2d945a41454,0x7010b045a740c343f83ca32271da3a43e78ca7a8,0x3a63d97cdbfab89420348f297565300d789656b8,0xf81073559bb0eb50a3d16848793c3c017a7554ea,0xab4b67d6844c839909f6e8f80080bcf28479c307,0x51eb4c4edda65fd8de80bf3ec1155a12bd271882,0x532aa900a1bcbdfbedd53e2647849e62c7baaaa2,0xeeb60b3f66d576777d1fdaa6a4764358891496a4,0x79f246f3482b618efd6e07c5f98ddc652633c2fd,0x56ef482130958db9105bf7bdead637ace9bce4db,0xa55378bef45603eee1699b4969e8b31b79420c00,0xae7ebd19d085341770124ce356e43168a70e55da,0x8d7b44ffb48c75b85f4fde74ef2090ef2d032550,0xf616227e8def73d92fe36354c9bc404ebb4467cc,0x64677f177bc68382fc86714a3ed8f22bc368b7da,0xe15106fb1da3d5a101582cafa19ebbd668a6efac,0xa2b631a11e67430997968327c01cab8c43aeb3fa,0x1233cef7fb8f65edc64834d89802800040ffed7e,0x31989511c02408bcfef781f678c794bf95e3c23b,0xa0ea15b270f3d6e265fcdb5418abb5ab70e5eafa,0xcd2641775426fc569caf4709ccee1fa3b7a8f2fb,0xd493611ce6c1627cc0f192cf425eefcfaa94b845,0x98cebbe7d0ad140bfca5707206ac617f610e6297,0x252bdd82c7262124cdebe3607731e8a9f2320358,0x30fd9cc1920b1bf7590ddeb734d264fffdd316ff,0xd7b57b212020973f4c3847b39ca48edae2c2e8b1,0x3de9a3914fbd37d5a0208d427da4c0ea817bd304
0xd8e749e457fcd1918c9a589bfaa87db9f8e154d6
0x2212a277feeed1e4778f376ebf04182629ec4303,0x9649346dd922f3e3d0d896ac3fb9cf1be7ac74af,0xe6b882a9f59ef5e72369f8d1106d707264070f9e,0x5b3f8af0afb2b5197b644d193cc751079c2b80f1,0x5609c734f2bdea29f655e2b2ce96e414d45984fd,0xd39ede02d333356e86759ac65686fd32ed2f4319,0x8b597bd197b5a6cc53e09cef65fe918ff0e66c76,0x2ab13b86b8c56f97995b0b7b54ddc7fc30403a0b,0x10cf3b33d1b74959276af1869cfd949a107fc6d6,0xf75b292ea8cfc4c9cdab8a22b8cc7218c9cd4d41,0x64283cc512f2cd21df5067d91c75cf579e4c0fd2,0x46131f5cef22974000d52aa780ddca6563c2c932,0xcf414721f83a9766968431877853aa320e6d1b6f,0xd4638a640d820a5f58bd27082cfe4d9d3ff3cbcc,0x10edee8242640734b1491bd7f081445e8ab45dff
0xd4af602e592a6c72a0080851c36abf40ecc4a14f,0x10d629045fc72f3f6bd668b22834f09313584a50,0x07fd4e2d0cbb24529d5477c200a0962741f2dfd1,0xf451b5a867356b1d6cb41199dccb41af494e2461,0x7e00eae51865355c9511b2d2ad816e000641cd57,0x11f338c983cd9f8edb8e6c7c54c7ace28e7a31fc,0xc280598955298b72cf7e0ed5112f25863567948f,0x81f23f95baf1ed7ddf4c5eaae3bd5ba3e21a4800,0xc6136d5d747350f0a9d46730c12bb6c5a14adcce,0xb7b3b0c2e484d3e5a04dee09ba6571ec10c82ad6,0xe2a07d98e4c1453e5f94066fc5343c7b917eaf0b,0xc65cc02fada21d18a4eccf527c8171bee54791af,0xb52b38818ae7d5dfb1a826c1219567922c3a0d41,0xc9a7fdb8e7d4b0637365c59a03abf1f06711c984,0x8831840d23e8d5b52ae4b661a36ac656e4ec96e0,0x913014027d81d1c539ed5a4cf5b7ea3cfd358852,0x2ddd7bb951076c0b2565d1719d3c825dc61b539c,0x084089d80838d427531dba232c02b138be756edd,0xea4ea23d18ab0e7e41cd559d026073bbfb9e46b0,0x80e623364c4e902256a1ea8525582c467e7fef08,0x0902d44aeef767f78b240e3454dbf25919f9ff48,0x8e6a625525f44e3dfca42b83cac4807ece7fb38e,0x000000ea0e309ba169bfa8010eb5e95db131940a,0x29aabdb1cb62c48806aacd33e5d4e7b904c43a7d,0x5ebe84804485d4f49a392ab5ec618c324ab78fc9,0x4bf675be3fb1b9bd1f00a5dd78177d2920397629,0xae0e85c0059419e4ab094b751863a83ac7952570,0x1cd1fd8131a15267a4d306c6f01bec5f60d11e9a,0x013f2c8a25b810f6b334157ba26a0bad08973fc0,0x62e202fe163a772511160c113d466d826fbbf22d,0x41bc18f19c78b139d4e54e0ba6d55a82b06c321c,0x464964088b08e05a3b8a7c2b0baaa6bcd430959c,0x61f8c9bee087f012399104b20f17c80e8d64ad2f
0xeebf0b67cddb82b9ec7f673db3c9aee07846d402,0x53dd4a6d73196bebe95087a3b2bb017007ba0e3f,0xfed9c6b45275f322b983aee0f9e9f278fcb0136f
0x5aec9ff2be74a0cfff49336021b315f7867f4302,0xd2be824b26324018fdcfc72a4f22244b7715d7bc,0x2c7b4874386ca5ea12cdc0616da3260b76ad78fa,0xf4c51f1d5ef7ccfbed4439ecc1947c931dda2200,0x1218f5098cd6cc04e35ca847b0377195d7bcb0cd,0xf15ef0f670c114a5a4f61f9e6fee25c444df85ec
0x1fcb6e6b023d298428352746f23e6901e975607e,0x27cbbc5572d39f9b734760decec7ad10d5956d03,0xe410c9c0985c2cd63b77d7db2203b6e5df2f1de9,0xc066b780259d231f5a444697b7979c9b26ab7ad9
0xf51674c6e96b1f6c8e0e14b9d5907dcd7d000b80,0xa8f43874cebe1247b269cce3d248078ca0406e14,0x62cf5116b279a781027be20e3f7c7edbd336e386
0xc8aa4885fddae5d738df6aa1197896df7d31de0b,0xe0c79066488a15b70361ad8268d713b05944a4fe,0x99b7fc20b12d8fd8b643b5895518ba88f0d445d9,0xea6d98df81b3458821ab6bb216292a467000b9d2,0x0755f8801e84e96f69918f0007e1da6c03b9e473,0x1ee43723fe9a88b2df81f81920aaadd9f04cca27,0xb1e870865a4ba50f6f802c707c42387af2e6dfd7,0xd72708e95577f80056fd6a44ec30d644b5a86486,0xb1858f7e132c034b7bec641d8a63fe69f01f0432,0xd5133b16d51eece8b5c0b1dde9bd5b316d82b106,0xcfa32f42cb32c77edb7abcc6a6ded2bf7209f7ce,0x3c882d303d999a4631646050bc12e12d42095219,0xfcdc6352821b3e72a724117d5b56e275327d5fe6,0x979712c874b81c2d7ef294e6da251f85a86755b2,0x0896d781ddd4949990ad530e77550577a5cf4b99,0xe55f2ac90cba441edf77cb1893a96c573a2313b8,0xe309f48aa45731762865b856e8642cc76304f69e,0x2e1bbb7c78a5a534df2442909ab14ce370431e76,0x2ecf1b0456f4c352775fcf68cfe7354bf389a701,0x3b1d3783d3a66e714761515e80ba41dce6279597,0x79b3f7d3f12b507850c26ec655bb523033ac4149,0x1129779040a40a48f9e1d2806b6e73e496eebc09,0xf9c96572df65379ea7e038993bbdd4122f2176bc,0xde09b7169dd4cfd0f05fb978067eb38dad869f44
0x25080b5fdd2773bc458bf0af233faffb40c3067c,0xdef57ccb20b1f2eaee0c64aab3280350f84cb0fc
0x7a84fe97f8210757b67a48a3fc5de4d93c7dc5af,0xd9044771c98c1ed6bac7ea0ee057cc496393f018,0x02fd4e695be5cc7285554ce1056d8282313d85ef
0x8047374b9772b3b13d567bb2508d42f4861d1b6c,0x2139f8139439fa3081d5e2da16ce2248d3efb961
0x90b5382285c8cb985d32fb754647970a10ae29cb,0x88a41cd4046dc6ec2cc14fbd5a8d2d23d630b1a9,0x2942ebe9335220fdc74a8542277a4d9c53c5e530,0x0f6f5d352b2d0c04e3d7b1c3bdd61cdbcc828db4,0x614f8cce37fad2aaebbd49bd34bedecd99cfbfbe,0x40b858bbbffd36ad903aeb948af65d4235a478a9
0x48bdc601735c745c4df3d7563f508b05594e8282,0x87f394673a92a1a6c41fbf4e29889fad3d92047c
0x7e7b250a577a5e3d26aca17851276e5cfb8c1fc3,0xe8867549850f0103e65f1a6498b5f0f105082377
0x005c1b32ccf7dcb0a3acb4b74ee9cf5eb9dc7753,0x611428ddfaaed2119609e91eabfb5befeba793dd,0x6f3c124ffb01ae7cc8d3593c71102043d147b3d6,0xfe3ec934b6ae284d0225d2b344d14bf5b7fb2327,0xaebc13131725d0158bb6cb4010218dfa8ceeb367,0x42a2d0385fa9ecb3e3fdb35764eee7e8d7ac25d3,0x26e25e46701edddec68b7a307d01c08490d36a52
0x038b202c692274f79f148602c00fc9712f092a47,0x61b0f24fc429c2cba4a993edd9178bd79118784e
0xee49c8eddab1707b32db9c9263b85f9a38609d9c,0xd37d4221cdfab15b16518dc63f334e540bb40166,0x074c5b9b9ebf7e9cde54083afdf86067de3a4bdf,0x6a087a810487adae9fd7dd14e2d90279437b1524,0xeae3b4fe040f0d7c4c53f19ed808edff4a7e0e65,0x9823c61d248d6f1e6941ebffb59880176a599b8c,0x665967faf572697e53969c0b7e8bd336b1fac885,0xdd3181acaba74d2604480b358a281004fd42b63c,0x93dba2c0ee058ccd210c0ca95b2e087ea3f0d26e,0xac01c5e5c7049b690027156ab98e07cae12e776b,0x0df77bd912624ab50619e180c7d8ed6235e45c9a,0x8720e7fda65239fed48cd8449961f662e9be82d4,0x1e5f44c1d7a980a8e078ebb1c404d9de26cae70d,0x1c8238eb215814e918c2948a7b6d61e68e584b99,0xba352f3037c7a42c10dab3b3276e5aaf450c1fd5,0xfeba6301511609a7ccc1efb8c6365eeed249a05e,0xb6fa5f611e3bda70ff52be40643d380270117249,0xb4597484beb70933518c39db4f30ce345886903c,0x97726a0bb4f72b2af58f6f00a82a292cbaa622ff,0xc1dc71d1c626f2e709825dfc7ec4e00cd7aec92c,0xc5878eac190ce43ef4a2b5c6311e3b8166135533,0x3385f9b73e6740e9fbb18f8b2b41289f4da1977d,0xac554eecd01396971abb8ba491238a6214e7952b
0xfef93feaece70dc8528fdbffd8f901817953a3ae,0xfe39f20e6fa29cfc5a60adf11be87d6669eae051
0x5875e62c18adc5e30d5ee2a09a8577e686d62291,0x8afc98aebe82d7f2acdb2b224ed68da49c703cc1,0x75d53cc46045d5bf25eadd70b33e9d949d45b132,0x1dfa4bce737157d0f223b56263b136943cd28b32
0x30dc722f3a258ccebf1aaae5881a9e5427158dd9,0x749f2cb0b6d1e648bdece3bc555bd1347bdf51f6
0x9ce8646376af59da33bd1f5ecb68b389e9a549ec,0x9d621820a489089821fe21fd83f413440751bd34,0x8a164f928007de9913d6a7d254e6dd70fb4579ec,0xf80be046e3c428686bc0c76b1c1d16bc5d1d5577,0x8c7842b90cabfc8629cdef40d9af84fcdde247df,0xc5e8d5e0935d1efc1160c2ed8b1d748f060df4e4,0xd20fb469b7b6c74f5a203f4e689404d5ad2d74b7,0x2c333494d3497aa2ebfa6384f3c2053c9a639feb,0xe5033072d7b802a9aa1edc94da442734432bb103,0x2ba213c057351cba55510c6e27aee021949cd514,0xbd631c070a5f92a64ea7eaa82ccaf47e1a403801,0x97f31b64c9b4ce4ab96e6e550026b122485ee18e,0x0000b00b59ad8750d108cea6c583ab6e4c9a6ab9,0xaca61fb4a689242f8954c3f23f95a818857c6b2b,0x5972d75236d27951aad8e81920fd9d4dc4e12d5e,0x8a155526b994c96f5b27d02a330c3dc23d42ee54,0x1017905c0640a315183c4c0c269d5a14af37d2d2,0xea4aa3ab67f787be57aa41b567afc1c8d8fae923
0x7478378c0cf3a6ddaa7921f04f35c841855e562c,0x1ea67229bfb9c2137f73e3c9d157eee006f3b45c
0xc49341dd2e7141790943936d2c35aaa0d0197864,0xfda492d05996adc973619418c8cc8e23b5a88c3b
0xdcd49dfd7d49de860eaba83070ee6af0e117aa19,0x743d32522d8ef3ef67e82ed340ed76b15073c390,0x9ac682e8bb42d5d4f1d7d72c692fd4d287bbbe02,0x048252567111d2ebb872a01ef5c07bcfdd77a231,0xb138a5d8a09bcdb2fbd0bc1c6d50ad2891144f4b
0x6a371d07bb054cb75b5ad1ef943d64f54bf3f318,0x5683528851ebe95161059182342fa78e9789adf4,0x55cde3cf368d2913b2f4c545e1204afc6b9f6b9e
0xbd3635b6967fe6a3df13597e55db1d454121f30e,0x3386f8f72dfcc2008d65606b43485ca1652ffabe
0x6e59d9175caf055a30c6e6f347e6292ab280e1e6,0x255a8870828617ddee62d607fe378a68188075ca,0x2b99d34a2d45cfbf5b9d5d7595f28fd786ae61c7
0x41f8d9cd314debcde988d128b4c39568c658cafc,0xb007d77aa7c7cff6828e5a66f4f2657d748dfbda,0xbae3f76a244be1d0c4e6d66765c7030080be7ede
0x37952f1dbe7864d059e59d4f3e130015134052cc,0xc8c74cd1677762eaf521c14657f54cfa6e528652,0x400d4283d0ccaeab25b755f9eebfa2ace6de49d4,0x1d81764b79bbb8e37913fd402f5b403ddaf08bbb,0x11df917d9bdbe2c649799f74d004148d280ea46b,0xc3982db5a064bf4683841f4e9d35c528826eceea
0x36632daf9853dac80849ebe02f0252935d19c55e,0x5edc421f564d7ecc4b260e2b711b9a3a86c7ef58
0xd37448ad7949c4ad8eba5aad1a0afdd3199971d8,0xdfe7abe16ed6f6a74a3be9227ec469df62d68ff5,0xb718727e7c8a4646d41d8b0be5e8e2c028b9efaa
0xc312cd0dceec7c700028e7c8a53931e8f4d87b11,0x9d70a375219a557e573753e2b5da926071151157,0xe557c30ce2c90c6949f292190c1bf46a0793259f
0xe52cf9a6a6e1060d92137955db932c0811980b01,0x6e18791cc6b27541fcdc5ba5aeeab975a9b9c79f,0xf729658964ace803b2cc43ef509a81de4ae9ad79,0x37baa0937e750a22227627404d1a0ad5d4e29299
0x9e41c678b0ee16b8be5b61d121be71ac7626d3cc,0xcfdbafa49461855157b2dc8c9abbffc7327d4197
0x361c1e4aea6bec86ca2f065e7141d22f9f3e1078,0xe35a2a4586dc6c01d00e3458c9f15104de9755d9,0x890739cddd836fa678ad0dba0f614a085aacc9dd,0x7912fc442a921ec2115b781a5518bc06eb1fbf3e,0x1178463f809657513bfaa2bb69dbef55d9f61e9d,0x917153b9c1c305682e19a4369000f33f04aee408,0x74001cf48ab837eb2df095d0192eb04ae3b1174b,0x9a7f411a683d0a281a45994281c0cd387016e527,0x356ee97d7d560af2e97e9f9eee56b2e09d60e6f5,0xa1deadced9ee364f47e2f32914209e61c52312f2,0x45f1e5d98b7c338cd7cdcbcecc47ddef193674b1,0xa0fbb60ce526d2e0e796bea7f9a0de06c8ef78a3,0xf05a5927d9fba00f094731c1769fc77575f7619f,0x4d26d18d169d9fcb7c7afd2d4f13b162260acca4,0x5ccbfdf588b4ea2339679d5f3638916503031ec6,0x694022bd3beb56711662e2b3aa5af3dc20b47818,0x23cc917f53ed08c028a9b60067d4de1d7db77f5a,0x28a4dd546d4808dbcb2f2dee177cfd3c14e6f295,0xce3e7a4af505e7b57b49abc9df8d30d3032fa6ee,0xd16ad15b741089e1d571609ab17540f6ed4aeab2,0xae03de775f0ca69dae9978a364ff6f4c46a28ecd,0xb6af7c04f67b5eb61f0dc7ac4a760888ec3e3887,0x12ea4da6aba591ba02e9f0ac37c219090c429969,0x7bbe631b94853f68c5444991c58cc5d4422ea97e
0x4535f1545dcbda82a6cacc956fc410d152862fec,0x78b6d31fe9719e8db327152f544c8157e629fe3b
0x29d8001526c1fb11b1c348757330ee6dfdc122fe,0xa039e05c3d3211c92f0e13a763cec09305d10f07,0xca3108424e3cc950a6b0999f83749ce71e608c16,0x46e53c62acebbb75f6687d99e94c9c35d82de274,0xfca2249577976caecde8ed492f54cccd89c23ab6,0x7977edd36aabce4614b9592a56ccd70461fb2cc6,0x242fac8d584619cdd6f426a16496504db5210619,0xb2277bd61e6009ee4b25da1996abdaa8b35204c6,0xe1da283bf0a52c0105e4ace77e6755ac465f06fe,0x2e3974ae952d914d82e59bc3934ca9f36e84a615
0x0708390260e2ae6cb4e4637a52a42d340ecd068c,0x52a4db5670990c130d5bbfed40a0e18fa8ea9b10,0xd92c83f2d7e7be085997c957144b8cc03c98fc98
0xfe128a5ff00da1d870de2fe14882dfeebd0ca1ad,0xa01da382be5369f95bb8a48857f1fc649bdefc2b,0x1c041cf2a956126e6f18668bbd5845c28b0ee062,0xd279387c3de432d6839b20898f67fc8df984beb4
0x7429a7eac99c30cf0db7c2d39366cfec49ad1794,0x472f88bfd9d2aaca7b740052522e6b2f9e6607ce,0x9a7be1b0c2a2fd1abdc9dbd33297d9656505824c,0x82893ac7e308b7452565b124f4cb92d91bb59677,0x6054ac51c9557a37a237cc65a2e75f1cfedbfcf7
0x7f971503b5b0fe36f847f6a89e68d465954fa5ab,0xc9e21cb473e6c9dfc3c266cadf9ab0181e1bcac4
0x17478885827d88f8cac88af7ff01f12bb3eed0e5,0xb7543af2f684dda4980a90408694aed055de79f7,0xa1a99dfecaeb0858330e8bfb9022aeb73faf5750
0x76c31a777a56cbc0d3ceb98c5f282e796874d3f7,0x6ca33b5edcc146614e1f8480f889c9195d2caf56,0xd9fd5dbee58020f3c0d04540ecc761924a559278,0xb7db256180ade510d62f41c1ca62e4fc56eec384
0x9ab902622415466bae60fd592c0b0698192acc5d,0xa3020858cad2f31b8b85907dd58f6ab044c2ea17,0x476c960fa7777ca721ae62b3a604d94582c263ff,0x9ee9fa7562133748503200877a3a03d7d8672eee,0x32bb00c325f2525ff156b31861a77fe8508fb239
0x82fd36c2c82627d2782d5fb684aa3f291937ea2a,0xe0a0da491dde166c5b9ce9bd07c3af6f4b0a78c6
0xea99e02dd0a835440f91dfed53d172595918433a,0x2987926f0e605be9b9dc7c479b7306af9068f533
0x9c65e4ffb2486035cb30aa7de85d9c1c80377a1a,0xb37ec6591b346758ca99a0bf8d57d42f6595b2af,0xb5282343e26636ad1f62e71fc4a02abd751d9848
0x48d18e16ad5ee92beee68510e1c8a3891a045e3c
0x6a9c7836ab5da544981b6993cfbf5414cfe02db1,0x708c5a3cfab0d417cd5083dbb61d42287158e0c0,0xca49e382d29f802a9f77f2f769b5c20bc62ff6cf
0x41660f3cfa8ebfda23a52516eb30b03a70dfdf37,0xe82c2c6a1569c72e23aa40f4d5a623bb6d07f902,0x156f74ca460d786e9e209d9ab2678d8cd03890b6,0x2824485e049e583fd9de683e2530c0502564f7b7
0x8512ed016710623345b8f0320cfd2d0b5c5804e2,0xccbf2ee8c01de163ada401b2356a79ec0c88eff6,0x8eb947ce834119c4cafa90af524b7788858b57d3,0x0f2c6a5912bb1d9a96780940bbd911691826bb26,0x801a23e491f754fdd8970e503681bc778f0bb721
0x000000dcadc0636e3cff49b88f909b9286c8cc5d,0xbe1bede6362263e60aa5e2d923e73afaed6a5b6d
0x5a1699fa4f1e8a0dbd052b7b8e887e074234c0bf,0x34bbeb0bd19a7367e54fee3b92c456fcba0e06e0,0xdc2dc733e49ed3d9492bff3e4aaa9137522ade5c,0x493949e4d9a2cda53f48a0647bf751aa1247ad55
0xcd738aee18a3a3e6ac5a411310423761d63fc429,0xc79dccc06be0cc3c25a6bd61b3f2f6d9418b4a60,0xba29bdd8a308468f3f162b87c02afb0f7be8b601
0x4b7762c2908566a51c2120d1d30f9f7092a5424f,0x699dd269f68edb5699068df5208b072b02a443b7,0xe7402af3a71cef3e728d5268827083bfbcd059f8
0x0aaa5899cde4ee93c9edddef1fed3360560303a1,0x0dadd999815657979743e47e43baa9bf5921bf13
0xe8d68702427fd1c550adee29ae9445a8fd490947,0x3537672e77ec9b538539e2db021988ddea6f7d5b
0xe73d88636feae133a707840ecf68d1d40e6b28e1,0x3cbfa8b13f72d85ba77c76b780da953c9127b398
0x703f2ef708663baf0fe97e54e382c36a6c6860cf,0x45b0de40547b7fa4e59693e6335f6b8be63072dc,0x31f5b22ae85b46b62f06a4787d1fd14cb2d0a7d1,0x2ec144da4fd008da8ee19571f5edf9e228f55943
0x95200308bca98add41c76955fc8fa7a79318e066,0x8ab71bbc509e17c203043e993eb8665d7a9b509f
0x6ef475f9b271e094e585cf4ea7db7b0b34cf6410
0x5e2e0e86a4b0e09a78620d83012c9150253ddedd,0xec32ba36b42a4f6012c0013f95044dfc21e5f629,0xb1b00ce4c7a5191ac58c95c5958891cb8f0de040,0x418cd8363f6b4158a251f3904c302b5b1e82e1b8,0x7160fa60b2b1f5d22dca7d5aea4a37543d77a4a7,0x68f5e2746f3affd9252902a5e7464d3668063422,0x6599b3e5103ce2ca48062aa8b3f5da49ac752303,0x012edfcecc095325d4963f9a7031ec288b23e42f,0x8a0a1eb0bae23e4e95608e3aad7fa25b0d907c6c,0xb5ad8b5787c71f08b3048da91aed6f35809cf313,0xe1f5bdb77653deb706623b67d11b7d4139e92a9a,0x4cb6dc32c13622d14ae3457e88d5d55159fa27e5,0x233cd4f4040cc877cd49edd00745e8260237c088,0x7a889f12f291f65b0bc2b11d605ab7ff32fc7c7f,0x1bf8adba487e01989894d023da7ac5103ac871d0,0xc6d65b84e2de5fc73754bdb083aeb5c81a2a84b7,0x2d04d6fb4ef77cad8b45f43b9b6b6c0bc952a60d,0xc8c0a64498c8f58f6d0b69c18881496ecd1ae648,0xd184cbc30ef3b21842bb2515526ee2280661d88b,0x97fd03363e30522909b8e3ad87dd8d7172c880d1,0x4660b896688d038974fed03c10b41fbafbeece7b,0x3d0a20dcced280ee933994c2c7dba055909877aa,0x19646024176e03faa10949e8e446908e1dd9f486,0x2a01cf0343c82c67f6d0eca7b9cecc2ae0173918,0x9894b173dba151dd89af7ffa557f78b589232ee9,0x9f16e373616b2585593f725bf57f17f0a46d0acb,0x71704274dfaa162e0904e102c954f1ae7cf045f0,0x846982aeb33692034ee2818b8cbb612a779ee758,0x2e70106b2a4beaf4f8f8e40f250f98ffe59796f0,0x16cc4392ab2f5b73de3cf16309f3f4478378cc90,0x7a5cec9a63b094b071106aa64fda567186d2612b,0x1bc5c955cd42e28790d90814c35ab9195e174cb5,0x69c2e0382e80cb799220f65f275501f868ac6fd2,0x47c4423b0cbad236815af76e326211ec01f7b1de,0xd5703adb966bb56e18fd4659c691bdcade50f0c5,0x8040e961b1180edbc87c0130d25b5dd08fcd6e16,0x1d4bcc78913ddd09b5e4b7a0b6d4e5f0d9005a62,0x8937dd570e3cb32df77e39c0805d17e88f9d14ae,0xefc4390d96778d57a50cb88eb6f20c04296b6520,0x9bd364590fbc951e90efb24c5d8c127f8a4ee1ae,0x80c1e14f2691f3bfaab26503b426021d595f3153,0x04f2e9e40780d94203d818e6e7b8ebfceae5a6a4,0x092c8b8e7d4d5bd306a2967edf44acb56579c873,0x7e458ef92f38f4bd459e4b3e50f069fad944c0b3,0x2f112f6b348791018bf942caa8ea2fa15df7bbf0,0x102aa209e71e117045d923a3ce54aea00de27d67,0x7cfbc21d1bbd3ab9f6ba5c8a80d8046370582ce0,0xb0579d11a4a501caa18e610f5d160f2b33599f57,0x5f245656e3294d3d3dd10fb82e51913d5a4b7452,0x5118df9210e1b97a4de0df15fbbf438499d6b446,0xfe83a1f5a9ca18c83a4b99b30f144340094b8da5,0x14b5edd611e726387f202797db9e2d5ed9d942f1,0x1a1c2b44fc2172c20ed31f81036e746922c65e3c,0x6fd4ea78958551ee7df09d8faf0ba526fb2881f2,0x2f92c8a9913619479c114401fc601faa84330649,0x161ea288055b58fb182f72b124a5d0f367b099e4,0xb35d28c70d848ebb64cb75ac5bfd0220c946a9e6,0x7ce0d2ad62215f8baefecb48e82df2134b8a555e,0x2ff6d67a9694c81fa40b6575787254512acd155d,0x604ba730b328ba322bcfbdb02c683254d71a1eb6,0x1757b02fb95ed129e971278d3c99921d07904c14,0x547b14cc223d3d191a67f227c6033b244ae76933,0x7d4ab5312bb74ac3d9d1766f46ed81ac0af24cff,0x3c80e892b3e7137d41f50fe52ef660d50f71acff,0x61ff15db4ff75b180cdc3351f71fcc288606366f,0x33364c42ddfa204045f85e1984d8341c5ab0ce2f,0x191a0ca76a45b91ee99a30593a3cc5788b8f4ff4,0xa5294016f13fb0015c1d22bd521eb65a123d34dc,0x68539256bf4dd60869d1162d4c8f0780e91b968a,0xc28ab0420d60283da06d9d6bb55c78f95799b88c,0xe908d081ea65120db750ae348eefff7a01191d10,0x73296ccc3f77e08c52c81c0fa3f22e3329948f56,0x834b9c3bfeb56338c419e5e73c2a144612661be0,0x79043fdfac85b3cc397db722399a11da21a3c27b,0xded9aae4a4990218118a4f6969af3575a91ee769,0xb5e9c0de21ca60fc10520492b095f44a89ce690e,0x7c497e0016a5a763cc0c24358d2dc1e610bdf651,0x1f5842db49e498518411a132e6c7043a8684483a,0x70b8edf3a0fe2565187d0ea0134a378fbb7774ed,0x3a0b1194b58d467ef2e5c441b990288278e2d467,0xd3261067005ee3aa743fc5f789d782385f3a1828,0x8f5df47880de5d6c94af3a4b3c645ae2b526a27b,0x11f1565b21833f950ade614ba2c982b438b240b7,0x77645329c920870c84167fdf5c0db152733ad2ee,0xa7a553609247c3de24c9341f22d20d094ded011a,0xe2cd330e79d14eea946ab51961f787feed61b8bf,0x1662a96f43062b9f1b58a6ede95b0d8adda73ab9,0xca3686e64ca09d110dc1df4d819335e660e26c64,0xbe353d2685d5fa13cc37ced4d54b7d4f0557411b,0xd754f908c4200297fa67be479400a6be92e66e4d,0xc3ec0f5015127b80d5e44ca2b57bc7a016ae0a86,0xfdde7f1593cdce8d3cdceed56246ed8c50acab81,0x0e5fd622f18c4fff20d8cfb115b5041383b5a67f,0xf3477a11f998d51df1b667b78fee8c2302d14bb0,0x2ce9994308dd30843514f9d88397bb1ff6043589,0x87338d3d1ffd16191021ccd6e6c56c2b79b6c356,0x0e5ef54d4a7d9ec96e4d4bee666be6d4d1e6fb15,0x956bac6a79990dba7d359b8c1e37a0fde99468a5,0xe2b320737454f57c872b205dcf627cf54e0716db,0x66f685c92e6a38af43d99734629737b8b998154a,0xc19211103d190b7566a6408b30e5e3eb035c90df,0x1349ddf52e01708cba024b488672af0d089562db,0x657114ebfd7afa8a269ea6732eec500ec6753c55,0x544f1910db44e6e7c1e868de25d82d55f7067bf0,0xf457db0dd2f262aaa0d46025998ae7870d612a51,0x0f4d8e0a21469bb0ed921d8df5f01f2da3868871,0x95b2931945a762a53beb10f5665e7e037fdd5396,0x25437fbc9d47366954a5b7602f4861d2a19dfb19,0xf58b26955e9769749ca8b608214f26f429ef127a,0x37b140a1db7f994f78e9a3f0c21190248688f1be,0x6117532139f1c5f85074728cc5bbe64c88c0e193,0x1c3bb74524d1a7cee123cd3538497d0f72947fc6,0x63de5991fe04a693254c578188e9f405370c69d9,0x6295be47f70dc5c30136b2a7e00366cc59275e67,0x48248b36a858f21a4574127e44a2f97e57884aea,0x4f26bf8079c0f6faae43f77055941b0d417cd6de,0xfa7e306d080d171afb1b1e2406a8649c26927f72,0x5ce51c344ef986fce1ca18f239a62c8b97302b97,0x0d7ea0f2bb5ecc1b3c6f84eb9a9e5aa1f1bb6942,0x6c7cb72d0b2b4c3430bba9955766bba94b8502ad,0xd329c4350d505a2489235f22ed9bf95bea15cfff,0xac9be1372ab5fc54cdf4dd2afe7a678e94706e82,0x476c542e28712b165eaf0b518dc6a4080d8984b8,0x07d49bbeb3d155257a20977631da8c0dc47cb49a,0x5e928775565b6ad3b25c1ae994ea5d1709029d16,0x0101ee92c2a6be0b26a638b07a0d127d4e97fc8e,0x8d520068bb6568adca50fcfbbef5c27a1d8b3125,0x8cf5915a01538777e40e8e4de8cf2c0122b7a128,0xcfd0cee0ea178faba9822fca183e798a80920a6c,0x70cb64fc8a03a979edd1bddc2801a763ad108a9b,0x3517b2f9cfce5519d6fb826f6838059d9b5c8e4f,0xcd3b41683e4565e958a56b08521f228a96813eb4,0x91060b0a021f1b61cb26ba4fb77f2c108b11e227,0x5f5a8d725d3426489e7d51a271c3703e40fb9c5e,0x19e68541a62f5cf90b97990449c61837f4ec3876,0xea9f4810f6e82231c5b93d455bb7f45d461098d6,0x8e4f81436c9aaaf156b692de4c91ca0c7b2a6e9c,0x7db39a32de36efb1b95058e0164892580e4934f6,0x44955f3b1df4d36be2b18cec16b618ad781325f6,0x2fdaf6870c7f3755c20f4afb128d9ee78d583167,0xefd9f88388141828c3c936321d272ce02f260e26,0x703b9d8dcf34254082e47fa73ce0744f68422d9a,0x88fa718de58a2d3e6e86a255d5ea6f2299417fc3,0x55d9be6e8f6d1aae12132ffafc5abb934223230f,0xc3b9920bb0e99a1b8f6ef60b04319966986f5b72,0xe2978eba6df99d6e91aca4ca30a724ae8ed414ba,0xe5907a2fed9b8e4136877c903e737816e7b3ebd3,0x53e673332bbe5c93cd81d5cecaf0908fe9612b8c,0x941a9e3b91e1cc015702b897c512d265fae88a9c,0xbcb16228bf078b61d4b462ed6fd714e2a0232dbb,0x45a472275ed77455484099ea42fdfe5a6baecc60,0x0a95febfae3188c7eb32084b1ca2ea0a9d01795c,0xd52625fb9859cd8a4ebef9dbbb18fd59efc62ed7,0x7a9c4b37f6be473a0ee5f6fee18de7589f1bcb38,0x11d036a9fd3f6776bcb4cbf1d7a182fa0e5fe076,0xe2e0f5a6c40acbd8cec92e474bfc18c2fe26ea4e,0x6fec436e1d73a0fe4c5edb28507b34b534751757,0xbf9e236a97a7bc0862cf00b240d2bbf13c49c26b,0xf70ff4c186db918df5e1e13291bd5e9c29384685,0x64fac8d8488c2bec636ebcb9e6b57d5977e77f4f,0x0f2c80f683a54a070bf5467e323709fcfe6a2f7b,0x7487fc547de9ecfdf7a972f9cb2f835a26e9adf9,0x157f9bba7445171b0d9576942a9e8ba696be9f88,0xe37b53d82e33a0464274df3d896f5e32da2b6ad7,0x9f7b8dbba8f39f23411c6b8d731c88617de7efa6,0xafc6a92ed36f4838996a9669d0685504699f2fbf,0x9d3d4a03751c29a9940a8bff2ca8f6d317c7ca8e,0x2a553e9ab8fc7c80a1591dab8dd654db28bdcd24,0xfe8cdf25bef5eb0cb821b6396951b35fb8dc0b7d,0x0efd68f6977d7cba975386d04d617c422d813e85,0x7c7174c5fbe2d0140c327f139c33659f563dafe0,0xef5e1009123c0948e2b1c2b9788eaf92af5c7e0c,0x792cf37f76af2ccde47e56e34405b5254d3badf9,0xec81787e12adf4d298f1e6b769803b03122c51b6,0x167ebedc8a162cd2541555073613ee384a169ea9,0x208e9ac232a298cbd69b0e1c46e2f2bd79719137,0x5edf052697c60bd17941f986c70dbf6e9fc89d6f,0x611b0226b294c39d63f2116132e1cdc53e4d93ca,0x7950944d97230fdea168c86bf9c6d36a8c830c79,0x05791640dbe10cdaf3827a93e4b43a905329aab3,0xba1cd32dcb24073155f3e91a7a1a5ed257d4eb82,0xac0f76a8c30e23bc197d26465e7be319713c5224,0x9adf15bac58d3a6691b91d871068d696d360153d,0x74ebcf945c0526f4fb3f694a5eaaf0dee0e81e7e,0x05b49e465d85dde904bf9faba9e9ede8868d92e6,0x3f422dd2fb8eb913049431acc8e27d07c988e092,0x822163e73e672e3f54979167eece49d3d964a510,0xcab79ecfbd7cf1fc6062ba7b07cf21696ce5f525,0xf025d22e171e31b907bc593ec0a293ddf845ee5b,0xd045998da1a2e40a3e814d8f3d90bad0f67e639a,0xc22543e4091e6336a451a69c0995cbc9b8d0ffc1,0xfdd48b5032e4e39b17a6966977c09abf5874a9d9,0xf38296e07a1af001ae3162cdeb985dfc3b22b301,0xaaea274f22a2a0a75102b4f303db67197f2e3984,0x26c919424e07b6b1d27afb16b47d8ce9fd4e8632,0xd303cb16ca8fef0a1c362a3ac0658a7e31811e27,0xe6a22bd04bdd909ca4e92ab00273d12ca5fdbc57,0x5063c11234c7ee61725a666cf4d0b00b32a6cc0c,0x996342b7c9ca932c2eb9a78994c9862a01c69c1a,0xb6d682c86048e808482d726324c00e9bb0a2fadd,0x9e966a54082427d7ac56aeaee4baae7d11a6e468,0x3f727b9e8d38bde3352ccba5f2ca8b8484b21fc3,0x7ead3abc1eabf329d57f8bdbfebeab6f34fe64ca,0x9c154774c7b2ad01fa75db93761afa02dc22a594,0x7677939213f3ffc7ff096e4b1bdf56bfc1740a7a,0x4088dec9e3ed74558e4e2a62f52933c669749438,0x81c7d72c532e93dab7af2ed592f8854d1ea73093,0x8f9035e5906ee28136e297332b3ccb9c51b3056c,0xb8fd1c19390f871ac7215e948c86c28f08ed1989,0x492aa5697b0f116e06c4c397a966aa19d9a6f2c1,0x74ecf263508f8b653cc4d4f3a376a12bc87a063c,0xeb88fa342fb0507673edb0be23f9f32da5713453,0x6b7fc97a8ce829b9f90328ef2f0e6e467a7636f7,0x93bc831bd6793018b18a2c612e1402b31fd55cc9,0x1237b8534a34dc817fa805958877af5445cf24ae,0x4d57552a17ba62915fa8929266c0e416ca674ddf,0x59cd40581e4197249ebb24c80e5ef7c271b25f16,0x428449fef775369dc7ffb64d6394b147c1eecdc0,0xcc42ec456ea63a4f5bb90ab5ce6847288823b07f,0xd9efb35ee5e27d651e01ac9ba84e90c1ed151cd4,0x0060b918130f40b4163c7bf7a60928bef6d0a71b,0xd10d8f48a5697f732cd24be3976541eba8fb8611,0x127aa7dcc761b4384368021182099b80790001a6,0xdc4471ee9dfca619ac5465fde7cf2634253a9dc6,0xdb752f175e606ba80cf4912398c49797473263df,0x97d55272b7e328502c3f65fc901f11d8c1b6b2ba,0x2b35bf8e4c315b0a010da20c2d631a426afd8e32,0x94bd1776413c4492afafc6f7e54c030fc89894c4,0x814d8daef1ddfbc8ca9bc16f00bb5b46d2eea388,0xa70930e559856f2d7842f0fc882dc25610961ae3,0xa46b08e0c5f841305fdcc02578c94bccee5951b1,0xcc573ef1522af4e413c8d0aaa14d6b4f6924f274,0xb36e25807f76c15d494280523f95ac5c3a1b64d9,0x8081b0c7a700b343ce42dc5e0b0955db876ae8a0,0xc2826ac1c058f5e20076287dc4f1e4bcb587f594,0x7b590b11f20f5e942f7b39f05b6827f4787cf435,0x1a1a81b419e14ff02545adac3f03893e17e65bcf,0x93bfe5159bb6fbbd9f359f3bb4d9c6659ff79dd6,0xc36b69c74a85bacef46903bf605a2d5843286933,0x6d05907fd3cf3af650b64c503d25292f25885cb5,0x7ed8ed2597576b06237a1e7454648dc3cb051cc7,0xf12a76474599d82640e043fc5baf6a02ddf3d7b2,0xf4f28f4f29b3ba67e22f735103bac850e71d0656,0x1eec54f47e1341122e8ff4d5e51f3fd9c99d7ca5,0xa892cc14780bb01b4471edf8022b20940373ace4,0x8e612a330b380b3700dbce3a287e46caa5a3b82e,0xdc4b29c8a06fb21dd1fbe7aa1cdf1a5db67f94d4,0x968077571b82da825bb0e58c784019cc998cf16d,0x296dcec6c427477edb059a519dd1fea1fcc33449,0x38547137f0fcbe594985db758af76b749a92efc0,0xd65bfef737df73f3ed6fba0973c45a9f8607a264,0xb4b5e9b5c68345494667ae3e373d41e630483dd4,0xb5660d07854e3641728462fc677b21e62a7e1055,0x6f54902bb9b1dca9ef8b30ee16372451dd8535f9,0xe1ad662b5e42200a225c38751af3640e2fe8c6ae,0x4d0021bb55316f6d98cb1a98f4bc3d14c6d30562,0x86cf042718e43cbef2126d0d7750b6b346fa8c42,0xd6669a9864593a8e71bc56e72d4a26ef0d321005,0x66b9f6a5a1d0b4dbf4df3a6912d7418acab1820c,0x7c5e495ea03d0c93504f978c31a2ca003500afff,0x9694f695c11f9612feafc9f3183aa0918d6392db,0xba045be8f6aaf66980d1c2ed791695c2867a4ca8,0x651d544065837e7c15935ac738f25ad268c2d32a,0x6af48b40a6c8e4748804ef5e57f67fcdba038841,0xdefaced0b90b35789e0b1b85abffc156160121b2,0xd81fbc6ac8531fa1cd37b398390b271d971f0696,0x01cf70c01e5172cbe734a42c000777b6f07bbe52,0x3273a0a33b922324d13b2d4a1c1ca9d708d02707,0xefb70e1d6315db6fad55993d6542f6865211ce3c,0xfcd23ec8ef3f7825ff20f1873b107f1c332f36a0,0xed401211361c8254ecf5b6fa038e5c2664391755,0x18bbc819802378e4798951d989eedf2ca4d2dfb6,0x9b90364fdd198ac00785565006238a3877ab6fd0,0x63f560f93aeee656fda854be686c0dd1e84a4b3d,0xd7ece7ed77af50d6c0f27e4755a2b09b5f97d7b7,0x375f4eb5419e721c42879468cdf31a6a90a811e8,0xcec761d8edbfdbd9a8c69c33fde50bbd6e3ef5df,0xa3fa337619bcb3fd55173cca83ca280b95102f51,0x10b47113352ecfec57f61c8c5096ab9aa93f53de,0xbe888884c76d0e5d30ed0651fd45483203d550b2,0xb63f0d8b9aa0c4e68d5630f54bfefc6cf2c2ad19,0x4624e9fc607340b299e1de9e734444ff1998f74f,0x5d1711159ebe37d3b7b86ea3e91ba5565039d520,0x675df3e73b3408120329b5043012c5764e6df901,0x9ad0a5713ee36b435bb9b7ad0d56202306f869e1,0x56a36f6784e0320a391e85697254548f3d7a36e0,0x8de4bde6cad2300503719470de4195ad68da6fc5,0xc623eb62f19051a1952746f0767d86827ee542b5,0xbd2cb0251616a0a08f79e5d1e2bf9b2d8553de5e,0xb3f9ec39f574e26e8383aeed3a9782bdc8037998,0x05766bf23145eb47add05067055a66b3a5c9121b,0x699f34d92207c691d18dec45791ac68a96a6b6e3,0x965f569181fea4b11fdcca0f5cf1df372cf81a36,0x8a7e5955f9dc3fb2a63e7418c4a5f1d48eb9f028,0xd59b0b92d7eb1ac83f7f54e46e7e244894acc3de,0x898feb534da419da58f7c721e2b0425adc36eeb0,0xf9f4aea2fa4999c0d1348a094dd6dbb7a503e08b,0x0129bd42c9707a809446e1a82f965b8368fe1553,0xb493f2cc5f0d781affe7cdbe60500e2a8d3d7b90,0xf62d2f7edb3801672653ba7fa865fd3e2f40e4d7,0xc1aa4dd73fb3f42fb2fb8f8a16adbbb6f0e4ebe4,0xaedda3129ebc054f3a6efe60e0494fca23a86617,0x48b9b50412bdf676db30e08dc89dd652ff3e5cdb,0x0e1212b04daa889686d7e39361ae33d9afa8b79b,0x88569032d20e376474e667aefbe21f4ac1da8d3d,0xc433d50dd0614c81ee314289ec82aa63710d25e8,0xa7868550a0b397da722d9705aa49b7299b8a33ef,0xfed30cf930640bd32549784e1d19d3cb770cedbc,0xa65a60c22bd66cc9eed9363838d97c50dee5cebd,0x5559392e1b2fed1c42ec15252c65471df8a5ae67,0x66bb363f153e5f3ceed89be95ce94e635747826d,0x262d00769bf1f5e68d13d2c04b7d9555aa5029da,0x03a210c32c837f3be77cc72d276f544b2f99dc67,0x013b45319c99ebdde2390c29c5870d210cc9d641,0x339619554792f42a8340367204c496cbdcd1d6c9,0x2a4f930cab2583bf8823c2b1312761f07a00cf00,0xb2feee1fa5444312bfa6aae2e830683a25e29235,0x79c3a5f9f3b15639e4303d68f724385dc0f1762c,0x4ef11816448b37ce0cb6c4f0f8916ea9345406ba,0x4aab6cdbfffee4d54251a6a68ea1d225de35053a,0x0095ae5b5ba81cb3596e55bb0cdf16de1c441f99,0xf9fbcbb36106c43f03caafb66af495ef496fd3e9,0xcc8a59c15548064005f18545ea68714f42b201cf,0x875a56585e4644140ba39e2ca87aa58b9740dffb,0xe3c9e09e49f75d7ec947484abf74579ea5aa0e18,0x79ccf6954649e24be56ad8364ab9c1edc0b87cdb,0x684aa3c9c87768bf60ba3c9dc17458d101f999ac,0x5991db7329535916045f9c79768476a1937e632c,0xc8578c7164987a17d027f30e8fe17e13ae696b5c,0x53ac01265fa2aa57b73e8048aee02166bde62c2b,0x7b108a75989efd85f1a5bc5d2412e5fa6b28063e,0xa0d13db74428d5a117659927a697d165c23eb668,0x937f67acff3544e96c7beb0bc2b6cb5529317a2b,0x6b976827b3ec5bfd0b8a12335018f698da04f6d4,0xe21688e41f49483baa702efffb2504fc49ed5457,0x3e5c35006cd06411d02e72ec17142d62526f4939,0x4453c5613f48d79a154a40d86a98c95a02723bb9,0x3388051d427dbd9a7c8fd254810b7e7e6455f74f,0x921f5bb9e9661d9d893f98956d481a95b08e5a78,0xd52f6bfb31a0acc04b19877d46d4ef5849054e31,0x2a7ec30147584d21aad83e78650518237da2633f,0x2c6b4e917f3ad47326738e71d062a1477e1caaa2,0xc532e8d1aba3ca8daea0f303b443d36b10bf47d4,0xca6b5c5a3c7e425b056a2944d58ef649c0cdc303,0x2c51c959484f4324a85b8e9dd77451212d9d0c8f,0x81d52ad767647e3a9f1e7ed26a40acf55a657bee,0x097c947297d7bcc74ed351d2c5b59f7f91d0996a,0xa9edadabe54e980bfcbd29507f218340f6a59626,0x2462d2f136816032a288dfb0fd7220973feedbe0,0xae7861c80d03826837a50b45aecf11ec677f6586,0x3c3f95bb7470343d9b153bb0887ee766054d3372,0x47b0d34bc548d5eaae8676086a71f42c1dfbba7c,0x899ebb383fdcbb4d9dfddfdd14f7284273d97c08,0x555d41d8e528a55e7625576bc49526c74539d598,0xbe7a25a3f98cd93c2817de6f612cf57dbadd8994,0x08a35efba0772b727cd7216139118df053718568,0xe20f1ca5155e9fd1f942a27b6a14bf9668016f69,0x2757c7edf3da5f6c7312fcebe4101ced0d4f0b44,0x35402c76fa0878e8b44b65a5c93845ef07a3354c,0x762c33949e6aa8029ac122f983de675233d446b4,0xb5022980edf70ab659055651ea7ced1c964b42ef,0xc5e4f6d1410e7c9008e5b83738401a9d96cd2259,0x6f9e7798b21fb46bd1ca0b31cbf2f6be39490f17,0x761c9562cf8bc0c5ea70ea967dcfac6f8745d05d,0x1b674c332d2f04cba497625a4056e3780c306bf2,0x397619b2d282b5ab7571e3dde3d63a91d78f33d7,0xf0fa987bed0ccc69c96ce7bf9a6a59c43825cdb8,0x93a8e1493f8132960d2a0c2f77caac01eb051c15,0x3acaccbd2e5f6484c1902007598271300188dfea,0x68c7c14ab113736962c7cf7dbc11ee038f8aab48,0xbd90664c856ba3a95d2eb15f7c007fed15f62ecd,0x4143285bf82812b26005f80e34ad8c6fcc2d4de2,0xfdd9e7940ff6cb776758ab9a9a41999366f0e878,0x7af88d81298fd7471405cf6ec8d06148f5cf5964,0xfed8c0d9dc56b73c44225256ecff7c2e0ee409b4,0x0669e796e691f8a2dcd38dfeeb8d0e6c8f7cdf89
0xd2aace64b327bb525ffed142f6f2dfdade547b0f,0xdb88caaf2f0443149a3e76a39e4773e1cfbf3ac8
0xfbd8533162c60cad639b81af1d7b9a872b598ec8,0xa881ce37ce05c71da99cf12d142e752673fb074e
0x7831e5ce39102d0dff32dadcda3e1d71e46eec19,0x6f66983e12aef5898c81a6004dfb4656c3773def
0x7984af11686a7fb29024635277353edf156a71a0,0xdddd91875af58615a291b0991b4145340c729656,0x475ef4a09ff1f3ddd109beb9c32a43deda9a12cf,0xafc5bf6b5346d26dfc0beea9da7813636a5ae5c7,0x3113ab5c691ecdac25c07bbf2bf80eb005e4088c,0x8dc5df60d1d3af324c0f9cd1002c21f895219e6a,0x799dcb1d1466bce8a40534fc60b3f6f8b18ccfa9,0xd7e9a73c12bc77b1f9b49c2fab7c580487b856e2,0x76e53bb39bf7d2a639a76a6fd6f7fe9d850d4f72,0xb59c810897b70455ae001a5fa2608c5c8f963f2b,0x4a5f1970fb01da536ecaa1df02405f1387f0e853,0x29a07b87e2fd3f5c623cc3e689b1c0bd7dca5600,0x8906b2b1a2bdc52dbaf8939a7f6017fdd178ba69,0xd692dbff82c9edf868042992c05f845f24186e02,0xa8c050e2890b216e38accfa99d307abf083a012a,0xacafb2f69e7cd0a9c9362e28f397b92b0b07a33d,0x16e88f1b4a187b43ea3394a7ca6c7202c89a5dda,0xbd3049e2ef9ef5d4f7f86e3723af80483b105b61,0xc58d92dde6c1c8b9700bb88de25f2688b339a1ba,0xb7f59bdcdfa1ed875ea4a316e73828fd80d2e6ae
0x949818cd4c1cd9d877c310f88c7cebc00e3bedf2,0xdd9c72a0eb3976b5d13995b7cc528c1053ded6f5
0xc520f5721fc9b305b321035d8528ef4f61eeba5b,0x4437b05d4c65c0750ae9addf083df28551a45470,0xdcf18c9909824e44016a07d6fbfec38f6b224e8f,0xd3a2da5d72e249736e755581b25abd13f8501f2b,0x60d0586a11de8b50917d733609cf84c525a6570a,0x4d18aee1429ff720711774ab91f3bb941fae7a8a
0x7f51b69b683f82ebbed08c07f6ff9b837b4fad3f,0xe7bfefd32dd84e19fbe46b5d7c3cea96c8873697,0x9d1f35dd635512bc53e2e3e15459e9cf4604fd40,0x5c41336b680abb80d1ae88ec02023320002beca3,0xfd64927aa9ab5ad95704087c264e16bcddb15e8a,0x86fe0546dedb5e7da7a732530aa588e43b742138,0xfd4d27a82d7090e303c57971768f13582d286168,0x5c802de04e77737fdfa2edcf2dcd0c4cfcf05d61,0x9fc015f545760b79ab0b8edf90f4492420e44059,0xab3572e4193f296934b007622a993c02810c7a27,0x5c3cde3bc55d4804d8a18a07fff71625368b58f5,0xee1fe330031f9b60e7e1b8a437fdd01ca9b35461,0x3534b841cd24a7d7b0007491bdcb63c6e9e6bd58,0xe2dcfd39513cb0e82df703712189853a159dfadc,0x31f3eeee6ef30fba8cff5e9be3010920decc81bb,0xf88536f0ed445d7d6451befbe7eaefebe9bbb444,0xf03c3d6f98d4c5d6811cfb0486d8a7b1b94b65fd,0xc570daef9058686f542823823352a4d1ef9bcaa2,0x1860f179baf9bc933c7bd8c9c619a3726e5f7feb,0xd65d2ba232809f860ada043f93b469a387e2f0e5,0xe4fbee9db296fdc3a18270c0e8f993b0656ac8ec,0x596a12806891186a6288ac0235be34a7905c2eff,0xfb2cc0dfce31ebe02af41b71dfb9b5b2b2940164,0xc6a6fa888325f29d8b4b2ccbae9f9b20cdb5cac4,0xdb09ce49eae9189c87094843f137b9d145d0aef0,0xc41ef1beef58b50a5ba55575dd628071faa527fa,0x9bc910f14b0ee83689b9f49337b1dfd2962dbb94,0x5d09dddcbfe04fa356bbaae640f0fbce42252dea,0xf7376cdcdd083bea8797fba3dc81865d82d9374a,0x3115646435fd618601937e9d284f14989736b8c8,0xa675ddcdafd03a57971bfbf881611e6496f275b0,0xa1ac23be458e14ac0a0003dc1343d2ac575ea3b6,0x3c33743a6b684b7ef921e7bb9d985549864ceb0e,0x8cbc7327b5fe2bce2c69fdafd58aeae83d349eb2,0x65acb848e52df70e4a523474358ed1b773c4122d,0x508d228789af589e6054069291baf101776297b7,0x9b9dd2ebbc5f0131a6587b411920f2eb181fa8d3,0xf584222d16365bb7f8b9795fb1125307bd49fb92,0x2b9d24ca154d4cbf6f48dea1832c3d20615aefb8,0x03c9765a306995763a5eab909283b5a7ef1f3611,0xa9c3ed06857c74ae586b4021a05ceab37014a0d3,0x93c3a8051b8ba814eb5fb22d655681720e6a4d74,0xee824dadba4848ea3b2266feed05ddb9c2981e42,0xbdf6e97973f29179c8ee590253f28b219edfe1d6,0x232b2ac8a51936b1a31cc1de2aaf4cf4a4496753,0x9e357b73083c1b8a8c4e4af30a4f042b91218c2a,0x742919f6cca6b24500065ddfd3879e4b02253149,0x8d2f9e04cc5717cd5a0bce46e0af72b7f981ebdc,0x5c8e54effdcd13475f13466d392929ffe84631f8,0x136bf3c78e9a2b8beb72e8a5bfcc91b366258df6,0x257312b785a37ca412a3787d22b3ac8502f646d9,0xf475bb6abcc8da7492bc7fdf884b8b296effcfab,0x09955b279912f1f0242f4cceb8c98a6fd39cfac5,0x84dd597a95381b7380a9c490a23e9000b16b0dc1,0xbe2f09ea9cc97997de15860ca4db4cbba7a5d5e7,0xe1e5e20ab0504eb56981cad66bb1645ca042cae9,0x373f9371fed124c2f44c7907ff2752579521c237,0xc2975f42647c89fcc25f68255c14ac0b17267b70,0x670c027ceb0be296e2d0c6c3faebb63d1454c0d2,0xc01c5a90ff646978eb2009ddcea4158c04d4d21b,0xb27f77831c2bbf9f98b1c9970c776d628a1477a1,0x888888882e90e450ee3309523611b12bd0776def,0x79d4f123647520ee7c96780cc6b9b872c1450256,0xf9ccf72cd8a3c7fcf08c02f010d1db912745e17c,0x611b4fb55bcffffc78f2350eddec2f68dc79a7d9,0xf45169ec08b97d00a22cee73cfbdc9692bc7532d,0x3d8ffdb4a6c101ccc0a710ab9ad14142edf92a7a,0xd4cd3073df4f3b4d102aed9c5e257f7f12b50d12,0xa591971b64e8718de38d140013bd7b5bb62f42d8,0x625f73f02fbc6402580f682cebb2b15dc0faed2f,0xdd5b927c81ba79484a08cfa37c4d1400e0f85afc,0xc28803f28701ee5b8653acb7d9f94f2ac07f3a45,0x53c5e603d66093080c41924867bf5abdaad0ad9f,0x10000e67ad441cb2f52f558a127ddb161b1abb57,0x82e5d28b3985407e41f327cc81504d86d0af9dda,0x3978c93fcdc5e075bc99326de43f5ebdc46043b7,0x9a5c0c332a2af038d1d9877e409071c549846f09,0x78af72c698af4133be77135c364b84992e35e590,0xfad38463310078bde519de380565525a91b516c4,0x3b11059922c97812b8c4a735f1e8eb0d3d90b075,0x3fd88fff3e77e12b82ed4e9069dabc5e184588af,0x4ce97f8ec6d2573531bfe7d980e5c655ef731481,0x9711e3681429c8c065219c3c5d6a907185deb75c,0xf99fbcb4901c8d447700de66220586ced6263706,0x35fb2d2767dfe851fa8f487cf273c49a42ae77a6,0x1a327f8a9d5e0431fbc2b0c5a1e5ebc96b918437,0xc3559ca569b05eb2c6716b6574489d5fc1f349e0,0xb64bd76327aa44b83409cb1361e54a346f829998,0x337396237cbeb31e57c41b0e3bff9160c0aa5205,0xfb6f8992d5c39f05c3a3dc606723c8b2c2013a9b,0x5fc56487866ca6701ef793e55ca24ccf889825cf,0xd1b9787c7e9063453c0c3dc6545246e558deeddd,0x1ed5112b32486840071b7cdd2584ded2c66198dd,0x8b63ff54aafb72030e1aafad076f97ffced793d2,0xc4a1db4ff39d0ae2cecce74cc70750a82ae44291,0x7c42f2a7d9ad01294ecef9be1e38272c84607593,0xd071a38d974d68e603736badf87d83540c651c6f,0x8d0a77af39bc68f51ad69af61eb4076925ca391d,0xf6a38370a5cf5bfb8aa117e208c06c77b5fa9823,0x6cd91dc1cba42ad362c5cf00947b3c350fb7bd2f,0xc2d8f042b05c190695cd870852dbab9c0dbff9c7,0x05ee1e3efff27de20d702c5192e3c32f767eac30,0x347258a32497c95858b7b28679c0a9251fd99835,0xc0d0daaaaf3bab3738c47baf21cf3f7b8ffe145c,0xec764890798bb78b1910c8539867efaab37595b7,0xe82e10cb5af9d39ab6a47b50da221ae256923e3a,0x545430b264022ad5d2e4486b597d9dd8c958ad68,0xbabf956439b1002911b75e2bdbb46cb6f050f6cd,0xecaf03affad2aef21a137419933d30a6cc70af22,0x0442cd2730906eacba538bfa79c7aea65222f09a,0xa85f296047e62267203fc350375dbe668bd44e5e,0x1ed7f72a25c45df4dc5b9a53af8ad5269a827862,0xb86e8622fe0d63db38145ad8d7b2e7a4741957ed,0x63f6d41d1494070d369ea94595541aae73bdc4c2,0x0bb59f0a4b92a4c64e8a42ab22fbcee79f35e9ab,0x2c177d20b1b1d68cc85d3215904a7bb6629ca954,0x8ab74790e522f15c5e308b54cc38274cf6c76002,0x42f317b4efe117e470802dc00267a524f5513afe,0xbfd714733cd720f9daf334cb1838de8c9f284a45,0x1c0caf19fab996d3d722f106bd3044a153a6b939,0x25d6e6ba3d87276ff2bb998d493f8e14dc83b96e,0xe3e798302f6add5ba3732a98a5d6689f2c453793,0x0b0cdedcca6992648b2b95632ec4a3f0586f7a2e,0x00fea3d79330dbd71eb11369113a4790acc3c587,0x0df642d26ac0d07ac0ed869f0e731336c8ffb54e,0x7b8d5b1800f9b3b4b6e8634b21365424a93bb18d,0x639bb215b1b243561a9f19c13a1db3db0919fd60,0x2fd2ce0cd7d0dfd19c777f103600440ac23fd102,0xd4b0948fdcc465d0650d6c99a50f356395d91cc4,0x2315e7e939fff35ebb037a800497aeb9dfcd94f2,0x31e3aadada310050f60602631df78867dcd97b90,0x1301211eef1bbce28b9dd794acc049d2a7473855,0x02c242b1278514c2a6bbb9ad433216fa89ca9f48,0x0b7894e365a0f8a7e3e294ea6562071497da2f83,0x549d2d44a12b121a8b3667463448605b1f2d52a5,0xb9949fc0692cdc9336d66b05bf557241587686ef,0x1fc1b54fa6516897d3176b05b1aa467074c64e91,0xf6654adf3af907a2d69e9652cf2184d5619daf4c,0x8c843cc9d846c1105cf94e5c01d83f97aad09167,0xf99dddd7153b9f2ed44d41429ede1ab71232aee0,0x8d27c3908c8668b268c229a0de685a31b01ef68c,0x6253d32c05c4329152ad59c4f67bb449fb907578,0x36cef88bfcd19bfee922d2d73e0566e1f799f009,0xa34aeaba66386dcd9cbe76985049b599a126b27f,0x399da79c9b942846f8fd18761a0a030aee8b52d1,0x3573fd187aa57ca48272d29a1878b1094ae76c3e,0x69ce7b0061590ce48edbe95986232a87ab9d12e0,0xe62608f69697b9d4031c9dda079f7e917d04744e,0xfeba9ff5c60ff17ba847f28e0e2676209eccd34e,0xd38633fef7fd4766f6a1d007ba7cf378e07e5bca,0xa6af2872176320015f8ddb2ba013b38cb35d22ad,0x7d8795ec2584fc6168383686177e5d9d5d5364ee,0x87c5a1e6843e2346976ef24f02e5353271a846c0,0x9047863d5aeb0fc9d190e253d6cc26ecd0a8c665,0x27e53bf4e9b51df8340ea3c7d8f6a02ac3317380,0xf668e683e193a5641028395363ce3a112fa5156b,0x488f6550f8d26d71de9af11d65f3e9278f7d5217,0xa0d1feb3ff067f1880e738bb0b5298bc6ad94dfa,0x90810bd47f4b77ef23d62c6d3654d56cd5e43a87,0x769399d9cede28128f926e856d21eb44348cae2f,0x864e508b98b704c7ddce724ddce216818c23eb00,0xa1b687dbd6356a56bc44d0eef25e6e6f22aef443,0x027c377b08cd377857c19a8e90c5472f9abfbbac,0x3c424d7f6d4847d4793da1f44dae1a610bfd4ee7,0xe93cef93422b5d608dceb1dcef7347e60deab330,0x832b3a8c87a6bfcefc408de1abe8ddc5de3677d2,0x8381ee2b83b84c54c7fc122c526fae368d893821,0x3ae45fa77a429c03c18be56fb2222c2b0b59ac1a,0x3081145522bb160f3721d13f5da0bb1324120cdb,0x95bc58a6181752ebba565f2947338d2cf532a4e9,0x635a7b4308a67d8f2da4312b3735bb4a84e8f5c9,0x0a4ea2fdfad07d035fa20cf13b7e8813ac5dca22,0xa79e633bd0f735abe64657d4a6208efdc674dfb0,0x5f376792ebd1f85cfce43445c8861c0d58f8e22d,0x281c327af8abaf50d123eff2f90cb67f6391f394,0x6d3eb08c886d4989759e60efb087c806238651ff,0x54b89b6fa3111b96f7a3cce9bcbb00986effa3a3,0x10466fdb3d210b033915532e9c5597a1c3bf9f77,0xcbe80ef9a6387ecd1d9f17befc5ea859f4202337,0x092599e4e52152537bcfae86b1035e8fca25141a,0x1166b0531f5dceccb6658721fc5937110fb854af,0x8de7fdc5706cf92256027f8ae6bfd055909b8fc9,0x425e0422ac405ffe0218ab48e3c59e533943bd12,0xf4f6a922ab051e14cd0ae8387aa1bc5584b98bbd,0x97b92a6eff0482b94a517c66584b76f53d8dc5df,0xf2f90fe121a8294342b794c403e7de879f3d1b32,0x7e8826d74c593625b607b583d21f713de65c2b76,0x95edbde427f5f9f89dce7fdb38b2e2490a8aeca0,0x86dfaecfb7d6c4a1f7fcfcd6b8b3ff1b0e9865f4,0x0aaf46a6d796c0f9989abae531fcf1b120ed72a9,0xd2707c116f99e442b9fb7384aa72dc4ef51a048b
0xb0ab9c6e557efe5564f3ab7b88e86d40b1432a5a,0x2a1955b4231f58cbcb41d15b0a506888b0a8b10c,0x11dcbf5059c82bc1e84ea5652b378681ab368483,0x241a0ff7c38fe56559beeb3c57dab9c1107c45f3,0xec0003ad8ee87a46f6d0706860d482461b99acea,0x7cd2281fca3a835a2c49582e453e32da21f089dd,0x90e37423578a96a01d727e2cb5f8e53394951ad2,0x853d34a4b3b15cbb652394d018569dd3849a45a1,0xef7e6cb9dfaf9469e3a7eb84f22f076ea0792baa,0x63f7eaf4f3c8e4656391817a45983680ffcbd170,0x80efb023af74e7bf011c9d6f767625b64ab860fd,0x28a9a0d990d4a144e2ab989ee0d8fd5064a39673,0xe5c25d2be1f5cea8f09406c070c382824f3d2c2b,0xe5ba450c41be0036cedd1dc9dea168cdf786c958,0x3d1e3291ee17640fa15b0421f18e9d1e2091b8c6,0xc127c2c720e075371b75956bf10384a0e16050bb,0x01eb4377cc71e9fca1fb6b1ce8302fe3b388c0d7,0x9f77f50aed02914b9a9ee8f80a4b39417a4c07af,0x05acb6abfd29b0585262aff1934aa23348c1badf,0xcda4fbbc7345d74fc89066c3b5349269832e118b,0x2e403b969a64bdd1ca18fe10baba4546957bc31e,0xc0398094891ec05a9e7ad35c19ad01dc617f3e4f,0xdb26963db79773af44ab0d9ab65eb15d8fb45a19,0xb66fc05da5b9d585176c49fb53af63a6a81de26c,0x5e89a0435c09ac3e2a4af4c851f648501633359b,0xd28b0dc6487c54f92dd33e032c8e0e8834fd05d7,0x0b918931af47355d8f567d1b924b64280dc57b2e,0x69822e87da5c04d4de89bdd451d1be1b6a62f449,0xfcc8d324b940d651d46e05ed4855795595f35753,0xfb50206b9e1416e5f7939a2b26f82af0da01c56c,0x1e669254badd2866b217983d6a2fcbbf07d66ff7,0x59e596736344e25414e874f2ead58ef3084b8c0b,0xb02ffaf9d77f434ba14b753fae4436b5936d087e,0x2a99e4e61b181c12863cf61a272e3d32286e1dba,0xfb3607e1676fad90f3af7adf1631b6e1b8ecbb37,0x2cb38192f2ed3e37c5de8186382cdc03c8baaadb,0xe48d105c8e9c9c6d8b4732cdb66be8e0ec4ef430,0xa811eea10abf44bc0cee6068a3e7bbb95b99aed7,0xfebc2ea2fe5af2b11efdc3477f7e1727108c4a7d,0x086e4c4537abad6d6df6bed1d20f7866f730b30c,0x238a8273f05cf8fb84f4bbc527f175cb74ae52be,0x38974b21cc1d4f03b03cf1daba66e7902435b710,0xd2020043283c83fb75aa2a7cb3430c5fb7a0d986,0xdf221c98492b801bccdcd87f93097dd9ad0a66a7,0x00decd895c98b204408e79fd0fa66ebfe4f37a2a,0x3084cdc60386d37e49706ce9ced6db1de2d9380e,0xe5bcb98a293a9b94cbfa814f9cdcc260328bba4a,0x8f38e75bc86b2348700fed30c56c7c379dded1d1,0x6193ab7352f01af1914e58db81dc7dc3d8904261,0x43b057ba8e3f5419c08cc1b0717711acf59e4e21,0x9c40d87599b7af266f4cb9d696ecc59fd6d38bea,0x75320576f0174a8147a3d3dd04646c0056820fc2,0x513daca3df99dbe6c8f39effe802aa932759662c,0x1c2553a2f3f1672c80b1800081536d65ce80c80e,0xe241f37d963c3cab08dcc29185cd4178d05fe953,0x97340ebca6ddee77695efd2be2ff0dd4f69adeaa,0x261eae499aca8623a519560a82bf66f19384fddf,0x45b7daaa44a21618c64e0bf2e60daabacecb18c4,0xff629135b49119fce6286409f802a67457580a89,0x86be78a8aef2d7e5a54daa4a2f786de34137ff7e,0x3b4b012a781130cca8fa6eada893adc5e11d08d0,0xb2c7db68b8acac03b1caac4a206ee3494243db67,0x7722009ee23bdc7cce67f3919be9d559d4da8ca5,0x3f39fe982dd1bd881c2b21f3ed38ddd7e08c6d1b,0x416c9c04b9bda4ec285955103b4a7ecd12f3b4f3,0xbb17d0dedf78442e5a9762cf57856fa04011fc4e,0x96ae5bdb75b4e84e8452cc8dea3117b14306d02e,0x695807aec2ed7eb5422462fc5445671daff87501,0xb4246d63bcbac1a0a70cb3d2b506330dd5d1f8e2,0xd00828059b63bfab2831c29aa5f75c9e70d5cf7d,0xe655d25144493d8c2d2c68190a84c3f8d6d99aa0,0x5d3284f07968adfb40b2c70e4c5b2298b54b36d1,0x3ddca43a043560603ab0512c59d759aae2d8c128,0xdf7367264078aba5499e648dbbb60a4655f74a8c,0x57436de2c4573d5be7f3ba9169b7d49e6a4bea71,0x8bb3a72957b0fb6e55dcccbdc6e0aa5aeca93e64,0xeeb3c93ae414bae920af9508b3a5575032b97ed5,0x005e1e8dc7418d0117cf62eb504c88beb1476097
0x4b891438968eb5d04d2c11bed902ba378a642084,0x30146aa8695c0a8d418e45a1f3fe982ff8b6ba9e,0xfbe8c8e4d49016fa916d25ffc09cdadb6ecd11fc,0x82426af9cb27832c49180bc30e7772bfecbb7287,0x9ab1e62e95b6183ceacd79f90bfe95b0adb27abc,0x939e867f30f4e39d7853e5aff040ae4432417c92,0xff9c82ee3d374102648737610e66bf9d439c6ad6
0x267fc523430d9d197aa936341277577f76c53b29,0x62de507439f1d0391796338715f306bf9b4d3105
0x8ad18c41856ff994ffb96f857853a638622a8f0f,0x5597c2e2be24cd8694f57dc0a1cb0dbdf64c3e1d
0x85c0516690938455ebe6f372ee44a1d41192e23a,0xbb609fbe082625783ca6f21ce7895055e2171840,0x5d8a808d9321ef36581ef2f538d040403167f142
0x23990885a539d4888e13878b7a595e6f1f377c0b,0xbad2da2adab351da4335c4df43ddb99bdc8c6846
0x673ea96fabd9b39d51ec05e3a8c14bb0601caf86,0x1319efde184b59e913f86be63a1fc26634481f69
0xbb4d9c5f040ec7cbe710901a39a6417f219f9b53,0x7a61e7eaa98577583655bef705df3bd1ea0da6a1
