0x4f199df3f1f0238e22a810e26f7df51b897f2b63,0xce1572cdc67455467008b25e992ff415d256c7a3,0xa9dfa10de414f7884b437822315c26905b122b15,0xccdac03ca765320da77a6ab346dc91369f0f50a4,0x8ee55302deb5cabea9bdde9a52f3ad84c9b17f53,0xc88a9618b1f22f93df3f07b71c51b7fb634bbe0c,0x68154c9bc00fe172ade9ac36a84297141924980a,0x3fff68f080d565a02ed4f7244877b0c4e28ab50d,0xaaf1e9b42cc40476c20f45cc4572b12816ba00ec
0xe11c78163233c9df1f4e3327e38cdfe5f5a03e12,0x1d5e65a087ebc3d03a294412e46ce5d6882969f4,0xda3fb237d2dd73fd5c29a52f1ab9e1db23c2ec0d,0xc67362ce601e8e9932c0c76b2fa78b2b89f1d366,0xd25c4c0c8545919cee80acfeda084c8e30588bc1
0x86850f5f7d035dd96b07a75c484d520cff13eb58
0x7719432291e04bd6ab57e1aa84d9e3702aa20c46,0x78ed1a481fc2cca559048c17bb106e3b75cc52da,0x3506a3618b667d59b459ddfbe005b89a3c4de3ec,0xcb02a3257d1065b4c1c1f7a3d21ac4ad5c5b7247,0x073462e90342f7b22662aa7fdb5052881164206a,0x3154dbcaaabd890a8d2d2718543a1126873070bd,0x9b3790e97e9aa90cd8d225ddbd44de8dfab2218d,0x72ecfc73875d19f258ca3a00793c285d96da7354,0x8b3ffd84c930953bea66d4216f4890f93f413654,0xc8b85d69c76c5cd15e18dca6d4fc0258a19a6c5e
0xbf00625df1ade0e94903e86132f331c66446e40d,0xd060af41610ed50c626b339d1887e48d9222e0b3
0x915188a790dcdd06447244196694c9f8a7d2b4c0,0xcf7ccc7d2a039a6a4ce0a94171cb33c13cc785b3,0x9e2178376af13dbb3d939fa62a8d33bf74912e3d
0x786e483659a7e0331e2f766635be76683bd010d4,0xc4330b2a54f8e1e7487d4fb121874a02ba0132ab,0xc506220115666eed266671dedb95c2a4b5f59768,0x7272b5c008b822fdb44038bcb19531c25e9ab43f,0x6c85cef7444c0e26766d4018aa78ae53ad11c26c,0x8b074362f965ed06d1045df10a7c3928c9275720,0xc66e599fb0f427c132bc85643d55e9e964d50def,0x4bfd962fe4694b3406f61650e5e81e2b318e6771,0x0500db413c88b5de8b8f1c9fa753e6273b923bb0,0xde36d7e2644b0044d6e251f7f96ca56447872322,0xb8a9a860db270be9ba8e6dd35c372256d3adb41a
0xf64b2754f484f3c52f992bbdde3e493a39b68350,0xef3ef7a9bd92875e91b9d7b8078b4c0de1ab94c1,0xdc6f4e7b2e9ccaa2bc195d4e328b52f0b67d6f41
0x8b584cf38bfe7d50809bbc2a622c7bd118a82577,0x7afc2d6501686d7e66dda3038c90061ed354b6a4,0x817423604eb991ca66ff11735fc741ce80d26e2a,0x790700f73b59b5cd87680654211266ea0a52d087,0x48c5973fd1783f5d22277c63f3d8c4aec69783d4,0x0abd714a82ddfee7578447c3a3823cfcfc566176,0x0cc28a63a87d1808de5ec4de065ae49f9ce6ac7e,0xd970cd5798ffacaa190b42bc3c8c133eff3a1cac,0x892605b4d21e1ffc054934032c77f33b4853732c,0x33100c8fc2ed4605e05ee9acfafd066d862b7ce4,0x663f2e3563b88cb66d43840f04edc98f239da504,0x932654bc075a69ad65cfc76ba01c4ac3621d1598,0x93b4861ff43e923403a5fab829f51ad94abbc697,0x76993f54d354d1727d77dcf233d4b459244f5614,0x8cbc7327b5fe2bce2c69fdafd58aeae83d349eb2
0x22e81335f9d4a609df42f56ba5b583f565995296,0xe930ec12bd6d8bb293a2ecd97786d0b61bcfe88e,0xa8251a0f972a602983ae6cc8cfe4c4777653f773,0x07883ebd6f178420f24969279bd425ab0b99f10b,0x36a8367cf3306d6f5a80ebb3dcb10c294524690b,0x4abc19f71bc4e0a09cd489768dca0e9dad88d657,0x2c7b641919fcfcdded49450ba59b3c4ff99abcae
0x26bc5cf2269cac024b106856ad37a1439cadd731,0x369987decd26db2b72c1218ea6692b79fde04d24
0xf220404cdecd90e78a280b2f13f0f9cd3336b1e0,0x85cdf932e2cf53f8011d09a0088bf06d9dd96179,0xeb8c64e9672c801a2f572060b313f839e3e4e250
0x9b07c44b448b4898e80c1458121e08ad7aa7f423,0x83ada44c22bf5bcd31170da91edc1862fcd23540
0x22a7112c4db7a10234a37888bad869385516900e,0x2ffd36cd2ba3b11f1cde2421038aa321f4ff079e
0xf5d16c774878b04c01348149e413dcc87948db69,0x305ad7c8c6c2778c2e93856a3e7dc43dba697a65,0xe4780da9e02937fd69184795b05142aec3bbc40a,0x000b44528bd735b357773f67b55923f55faae111,0x91b9c7fd2907ece363c3677e2df9fa8e7bbf7be2,0xa73b3db7975252a84969a1902bd825bef7a286ed,0x0a98a5fdd3d6b0c244f262c60d4938d3575047de,0x193ec9fa45f92a879807e8a8c9522ec3d901923d,0xb00a293e0a7c377e1d2477618a42c84b0dc52b1c,0x15fa1929837e2210667aa93e8b1454fe0acd8b40,0x1930509f091425afe3da86887fb8314dc8add06a,0xf92c0f1fea722b9ae7676e4a994531e7813784ed,0x48e821fa35378f198031b4cfd9dacaa224f6d0fe,0x68802e3e2571d32f9928cbf48d1471481cd95e66,0xb2125640a852a981915a0159c096845eac8949f9,0x3c96dd9e2a3815af79996aadcc4ae1cfc39b089d
0x369b0e7a159a9fb1a20f49ebcd1bbf941da8c9f2,0xf882aaf3e9fb63a86cdf1c60dbcd4c936c6e7df4
0x75248bd7b70a7e18367b31631a357e5f86bb8843,0x00c1fd168f0715f9cea4010d24c2a2624f69ceeb
0x2da1884a171c27bceaa09e124af38ca9873484e8,0x9cc155e0f34cea9443285726744bae2749bff406,0x11a537b1d7c7aeb73e4014398f5dddac31ff36dc,0xfa7273e2b30907f7ebb2ce39bca928ec2eb02e1b
0xf05ceec05219ae1dccfb05ace4cd6304955d1bd1
