0xa46abafd28a8d6238093efc9757d6f3c2bb6362e,0x2bc5ffc5de1a83a9e4cddfa138baed516d70414b,0x04af06430a30522c30d2f0f12e49780301c1a9a2,0xfc5c29bf9d61bf4827330b330a7b66831142b40b,0x2c12fe83ca186cd9d13a0adaf934b2416632337d,0x5118df9210e1b97a4de0df15fbbf438499d6b446,0xbffab88a4136a7f60c311f449ae9d90ed7f7ae6b,0x52256ef863a713ef349ae6e97a7e8f35785145de,0xa590a7360916ff5179b2474fc328b707eed8cdbd,0x272ed7188b74f8c4399330b2d62dc727b8cc9498,0x7a3fd2da2811445ccb12ce4124562bd93262b349,0xb40ba2c1be0e4646979902ce0484536a630bc0e9,0xab968266a2ece0130192345722703ad4df9ecd39,0xa6e12edc7031ae7846a2c74b94b446675fe03ba2,0x4c27508f0a35220c87abf3b5f255259ce82408ba,0x32e226b41df97802806b0f1a03c91171500b74f9,0x8e50ace7f914bbf014dffa217780cf2429437433,0xde7c4866d302ff350b1622cede53c9ccb6deeb28,0x8eaa3947fb5bdaf2f5e15c19337fb4d2edfcabb1,0x2b5ea603a7db03d4ea118ee4f6b030d65076c940,0x02ebe6fb5c318d380ff8309b88fe0b27f0fe258d,0xd6122420f40307bcb6c1831103d7357dfd0b4c8a,0x9493c461f2fc4418334ed5a251546dde23d1c6d6,0x53f8e4c357986a3ff75236e23913c1c8b7fcb7ae,0xa00511138d9e3270ff026a30127103708949575e,0xf54748f7338f3f998911609a587b0ac0e77605fa,0x0461451ea77a9a4d0b981304bcf3db33366b623b,0x8388d2cfe37069298f9b8002eb2f4be31aef701c,0x00edc5d40b426b2f3c6397deaa25459dc19d4372,0x1f192cc4540310ee85573669b4f3142d38848597,0xa9edadabe54e980bfcbd29507f218340f6a59626,0xf69ba38c57296dcd8a1824e67a33f864977f9eac,0x625e7322e8c52b7aa30ce445d4626a573281746d,0x631a6c0641cceafef291034de84e03c43d28e6a5,0x4ba0233fa3e96c6e974335635fb957d77449a14e,0xe5649a4f2a6ca058d16cbe066ceae63487cce345,0x3fdb0286d93278a9523ae0a0837506f8a535498b,0x8ca413942ac8ae777a670435bb8e8f2d245ac0f9,0x1da1568b597c303a337ea7cd7a7143a5633aedb5,0x3523481702186c04740e50396d0e1c807ce36c57,0x21870dbbf21fd274ab710c323ebc22c62865a708,0x1f1c9175da4d2d45088439eed35612c5a72a42ca,0x0b39aad8126215f38f60fb281993136eb92ec1da,0xe5684fa3683a24bdcc15a5718b80a3cc688fc734,0xc673732f3f309895120bdc72fdf12ae6356b47e2,0xa4a50eb8bb69a0b29f03b46ba21e2a73805e2aa3,0x11b63b6791de2dbf290f78bdf9b560d0dae90bbe,0xb09b53c80e6e86f6e8e4423e3019e7f919b305d0,0x8647cfb880360c4e5ec8015df61e65f9cad05dcc,0x48048715f727c00f43479c902745d83595343c77,0x96a2e3f55119433286a047a57fd9d12d006ebc17,0x8d6c67c8f43cb68701a7ba1213e5dcf444a40216,0x0a27ed5bd91b189ff377668bed98de987a87e844,0x56a99ffbfa1d444a85ccebe934616ed2ee2e4583,0xebfbba36de71f47a2f85accd518e7e86a6172c0b,0xc1284e156a10abc4948cd0371515082e7a4bafbe,0x747802f89e90af6178ac3630e0c4490b94fc2f08,0x82032523bfd7931386010675901ccd167f859894,0x4d57552a17ba62915fa8929266c0e416ca674ddf,0x3626a717fb747c6c78f6f543991b509a370ff79d,0x00decd895c98b204408e79fd0fa66ebfe4f37a2a,0x41bde1deb60aabe97c6de17ed12566cbfe21c64a,0xe2129df9537c97a4f947c444956ec557740181ae,0xe47abbe2d0454f5b61c8abe54bd139dc3437a02f,0xbb6c663710220c714a94c6c044c3eb1b9a7ae826,0x0475f1f0cea96514e3c9d71853f8cb75a3d17c9c,0x94507d2da4208556276a2088ffe813f64c200f98
0x0e453834096b192845b0f53c0134cb1efdd964d2,0xf99c5de42da09c80788b132072025291d320b37c,0x24742a5dca2fcc30d0855be4b10643ea75b97c71,0xdd17e710cd889baf0f98df54855960a05f638b56,0xb76c11242a7ffcd70cf07d1ed98d5f80e3321502,0xfd0fb98b099f0d0ed214391e0ef0b81a6b89e000,0xdd79c02e9c8ba64927b83094b9c3483512bc5de4,0x4f532e0ae9954a85e5396f3e8d1876556317bfba,0xf552dde6a6e215ba1e02d1e0708d93fcf1894f38,0x297946c26171008ba8c0e5642814b5fe6b842ab7,0x1cc2026571c422e21f6f7427d3ec72b1dc0b6803,0x985b3451d91bf5686917132929350df390572866,0x06c3fe20ba4e8abbdf04e77cc03a4d57386b6752,0x8720c2a18ee45a1cd976979087b4349d8fbf0510,0x61fef96e49f352fbac4645b0f5aefc0f40d80695
0x2bce696f3baf3d6b86b00af1a909d25b8819c938,0xedcb59adb005e8df5633428bd3485884f6c2cd43,0x4b50d5c76cc09da60216ef1408503ed904b8a722
0xbe61b4c30e0c71fb2aa4354f01acd4afff359b66,0x8f1963fba6addfe914b6bc1306c93275f4574d2c,0xe6fd90fe9b5d1a940f3fad66a47d7a559f97db14,0xd09d61b483e619fa02c84f93e035a797bca4a48b,0x71e8fa712e799f5647b108ee77ea9fecd1579489,0x38261bf9a78ca867caf3e49a5f4b6597eac3e1b7,0x99e6a9bfe6f743a0005eeb205b6dfdc769dee0a1,0xc322150ad327091351af0c64f82627098cd04924,0x424d5011484dd4abf2e52a5406bf225b1f50023b,0xa2ddd3e7d8935d0941ba21cd8ad814320cef3770
0x5140c2e3be04d48e9b7c5fdf016bbea6a88b2b65,0xab95d2cd70a80469985fafe7457de81498211ed4,0x0049c977aaf22e0db89b2755482c7e49ee2dc2dd
0x161b6facfa657d93469add65de9dcb855816ad40,0xb2fd47925c65c297dcfcb2f73c96dcc1f23eb7c0,0x47b0d34bc548d5eaae8676086a71f42c1dfbba7c
0x114da29917b8c452921aaefad2be0ec0895473f7,0xf819ae20e48a140ed9bf01493a0b1174e853b937,0x571c39d6bc5684da53060f2ae1f26fe065c89eb9
0x678783721b49a5d079f4aadf12c91049ebf7b3c1,0xd4b6f9ce68c9432e32a48846c37c1549432add55
0x7c1908d49266ba2999c41b07b0895c33821f53a9,0xf2158b0be2b3e8c7127eadf3ac246606124ee3b8
0xd10d4517eb1bed6fa46cd2c465628c0eb4ee7bad,0xdebf84fa79e1a55a9f05f3d4339bd477a54d5e1c,0x942ed76129a22f258de23468ab4270db1a270e78,0x26e5d0b6c729ffaea4bfa8219585be5c3beb9a32,0x55f4b291e26d2143721c7ebeb1c44660a9a5eb5e,0x3c3f95bb7470343d9b153bb0887ee766054d3372
0xc99e76d1e4112bfc1ba6f85f153ce4596014fbfd,0x9368345a11de1d929bea570079885421fdb02dc0
0xa1b16f9148b86ae38e745080facf518444efbf54,0x8e135a49282863157bdb05063a54fe26dbdd2628
0xffe30f561e1226db92f1cc10c5c70141dcc0a830,0x25658523188d1ef73832af3d79f2b32b411b5225,0x95bd01bc6eae5cdb63a3c29b8e4d4321d4e652fd,0x9677d26b32eb17a2dd449cac33be9206e48f6068
0x5efaa76b9c98e3c749c5d4ce47f8cc54b5640945,0x892416dc2b35acaef5b79de8b3e81acf24d74215,0x4b77b319963fc71f94a56ea33ade0893fbfc3593,0x96f1e88a5dd80edee1ab6f5ba98b84d39712698e,0xb7212b0bd9cbcf4fb76ca7bb4dd9363553545c69
0x766971b767c5b6b66027a892d95f2efc6da8fbe2,0xce29ddcc427f423074f0a474df35dd2453cdac56,0x3eb9fee62f07ca1e7f46d470392b70dca5d0fb00,0x95c417107c5cad3ad74ee08a20b38d3ad9cc8dfd,0x20a724a22582326f7ffb59ebac1c8ca90b152daf,0x9107c23b97b6770014ed5f41bc33d15c0c4d014c,0xb4246d63bcbac1a0a70cb3d2b506330dd5d1f8e2,0xab10dacad11bd58a1fa9bec74c0edc4348da4e97,0x989957d4b57614de69db8a946cb0db8742b7697f,0x550ebb3227f426ec38a94194f5e1411301af2699,0x664aa3df0d6b926180dd92fc456ee31f88a63c09,0x4886055f12bd8e4ab0f9a0018f5c6d5107949eea,0xdf576485107158c16628bb67034d7e55ea52adcf,0xb97f255b37eef7d47dbe1debbecd1f2ecfc37abe,0x4ccfd88f9b0862431c7b1a1411b5836330be76a7,0xac7ebc289354503e1ddda06f30e75ca688382051,0x1f991b6938cd9ec0ce544d98be633faddf134756,0x898feb534da419da58f7c721e2b0425adc36eeb0
0x9a0d905b25b4d625c1bcde552eab21629ec83ef2,0x4a340adb5a0bfc0038a9a33a6c1f4ec022397531,0x8f690e6ecf47923b7ab5dce57b36c5cd9f941b39
0x9761beeaf0c14490a31a0798eb7484935811dc83,0xfda492d05996adc973619418c8cc8e23b5a88c3b
0x1f18a352d143e9330ab6a551d620d3b86236af71,0x231b87037cae493384ba1d0f661bb52adfd016bf,0x12f22b651e0dffa35d0840d422737dceef2de2ca,0xae84a037440b93ec9d2a63497fa11d30d47e4794,0x8603a8df484e86acc4edccefb9ef042e4b4e3774
0x0210a7a3b1611fd80804d4c17f5c5f447a8f6961,0x5683528851ebe95161059182342fa78e9789adf4,0x6a2659646d9b5384c447686fd4f8db3e70dff06b
0x956afcb786226735daa933ec734dd8949f943583,0x789a9fe9d50ecf6f16022b93ba90b65a4a04bf5d,0x4ad86dada5ae1a0bdd3e0a7fdf620afa2fcba118,0x49294bbde3500bef5f2096a6d0f06a0336152b6f
0x5fdafa42f713da392220ea6e5e096a6444448229,0xe5d84152dd961e2eb0d6c202cf3396f579974983
0x89cad5fcdc2326c6cf362b7181f860e5a9964a64,0xc7bd84ef22cf73c6f1ff7699bd75e14c94d68261,0xf13ea8aedbdeecb1b8a479bb3b61852ba9dece43
0x6a0930e37d8c103c60646916686ee21d11acb8a7,0x7dd2907344abef9222ed529ab5a028d8cd68460c,0x42d1b95264dfdd3730980bf6f4390eaa65425d01,0x54dc8300cbd217eb0ee90be2ee81b47c15f530ba
0x2a467335b96cbdfb798e6ce4d5595d2798337367,0x10919e2417b5dd7ab173f788cb526e96961ed1ba
0x4c26d7e8487b7962b784f4a71a4ad3f58eb69fb3,0xb6794edf882c1b10a8cdf1e84a59f64af8cf131b,0x4e4356a1a5645625ebcbe5931c713143645ea441
0x1de4d164a28ab754db59771a707c7751d2e4f446,0x94fc1e155c29c05613b4cafd0fda597c2d4021d9,0xa527ec807541553bfa5c99c1097bda0293c7aa5e,0x3c42b7defb188b2611e3e197084b97ebfde5e7d9,0x7ba3f953ccda078d8378ab23bcb647cee9f6e9c0,0x876fd9c08dab18057e4f7787e65b7833fe10b5fa,0x6d3eb08c886d4989759e60efb087c806238651ff
0x1718d769350dcec8966702d9c45741ec56c2fbea
