2,0xcfba4ad17f0f141f17be7f585225fdc3c12704c0,0xd48810e6dfd30d2a2f89a9cf42cbb1a703292eb8,0x18c961fde410802e1e101dc7b661aaf99ddec5c5,0xebfc22d1b87474d9b951d0bf5280f2f2bfc682d5,0xa4688ae7f45b122c25d8e4d645abe0670a7ba6f6,0x55b94ccedd5024ec1546b1943fa7dfa9e39195bb,0x0e453834096b192845b0f53c0134cb1efdd964d2,0x8e135a49282863157bdb05063a54fe26dbdd2628,0xcf3229a47bcd401c4885568a4fbb29f6d3dcc9f0,0xf3810f657f8c2e2bfa047521e0977f5393f043f8,0x107753c195edde2fe69e573f667a697526178a47,0x1c31e146ca6525dcb100f7faf280cbdac6e19ed2
2,0x23bdd45d69e1f074535cf2cd9d2f74ea18fda1d3,0xfbda9b91846abcc3d5b466b0498626c7072ad1bd,0x21870dbbf21fd274ab710c323ebc22c62865a708,0x6b4f384cd9213a46c3d454fb8a4989fa8f5ee4db,0x61cdaed0dd3ad6aaae05c8dd65ae01ecb6ce7c87,0xdaa54b852343646a8ba107108fbbd5b4d87cfcc9,0xcc5aee5f26a73a7f294e8f3eb0b9cc6feee464f9,0x6e8df51931f8675cf7e12447e1fe25b26c8775c7,0x6b343d794a94fa61bd77b47a010d7a0deb7309f5,0x6284d48d2f86d2cffdf40c2f7ab2bcef3d914177,0x9c27fa51cc741be38314d4150f89fa01136f26d5
2,0x09528b6c6fc792eff0c70563c9b4c4c6e38da61d,0x4b600f45327624a7304a98cf3e11556684c2d7e9,0x6dcbb3bbda11c6c5aa7ce79aa81c2f10b4a2668f,0x7a86bee1404984701f6ca45a17e295254bb57f02,0x084ef45ae0dc964e416f5c505d87a91892253339,0x9305cf37d727e7152f1e817fd12b542f07e3974c,0xabf84116200e0a67d4d6673f6ace1da3f8a216f3,0x10919e2417b5dd7ab173f788cb526e96961ed1ba
2,0xa80c79e6e0c8a9ff38022f3f643deab6af2607bc,0x5e1fee712984ab2839367482d1ab618da3e13e1e,0xdaaedaf89a12983943231cfb7f4898640288a447,0xf39598ef3e216cf052a45da5f163d2b4bd21469e,0x042e38db6a7f4b28307853455b14704774ea9759,0xbffab88a4136a7f60c311f449ae9d90ed7f7ae6b,0x10c8798c69e1a044fb5c14645f1ba287857a421c,0x8b0717f8d9e04415b5550f2e8c411bd26f310bbf
2,0xfc5c29bf9d61bf4827330b330a7b66831142b40b,0x45cb94af99e21cefd6efcc5c60048578ad233c00,0x8f690e6ecf47923b7ab5dce57b36c5cd9f941b39,0x3c2d8b2f927c16d1984dcc2e5b7a4ab173f18aa1,0x25f677051626fc7e1d0674c36c3bcc945ea990a0,0xc3808893a7d04d0832911ce7bce09c07f198688a,0xa143bbfbad2fb1d22c9f3e50eb34142221be6027
2,0x4c27508f0a35220c87abf3b5f255259ce82408ba,0xd863949ba19a55ab55325547f0209787faa0ff7a,0x942ed76129a22f258de23468ab4270db1a270e78,0x873d58feadfd0ca47c741b5f4748c03d3a66c77a,0xfe62145b68ae16b59f88c121651a9019f13f3653,0xf55fe8df2d0ea92ed6a0143d5687f5d632270907
2,0xaa9c26eb78b6dc7a63aafb99287084053fa74ced,0x2ebbaa3acecf46a08278d6315f09dde9049487c2,0x04d1e3032002bf14d508b9be1272bcd391991740,0xb20868131fbdd060f7f237f8f99c24880ed573ef,0x33fa7aea9e9fdcf736d38cec82330dcea1f945ad
2,0xa8b2e14af155550fc0aed091c10c7ae903d10d86,0x2e14797013ec95e0fecf289f1ae6f3da14775bf3,0xf486c2863bd35c7df76996100ea9e00e55786133,0x05b4804073d67ce5a230afd0479b34685af6a5da,0x877f3da1976a1ad1f1cf776c974e8890cfbad347
2,0x774ff72b32ecd32f06b8e9254ff4a76bbc87ceca,0x9935946cc59950912616b243f3c83be78a9a6236,0x001a356846589c3a1426788d95e8ee6f77148e87,0xb16b9619ccd642241faccc2b71c3f17546db24ba,0x1889e7c3d4b6d615d50350d6c775f05ae6cfeca6
2,0x6540653a2e51fd79bb99931f6c5d11aa239b9a3d,0x9a0d905b25b4d625c1bcde552eab21629ec83ef2,0x32aa30ccd7aa1c688e4f23b386ce542ca3bcde23,0x0c40bff248ed5d99d294ceca8826c7924f745134,0x35cae302598101c6809fa7529b9124db9a689259
2,0xeb88ef10645713cfda684b650347b2d8b9b02b9f,0x4a340adb5a0bfc0038a9a33a6c1f4ec022397531,0x1ce7dc66cc98c61a573105514d073d64a9a8608f,0xbd160c0de7cc1bd36ab1a3a6ec5b801daf92a962
2,0xd8565b84f13b7bb3e217f614a938ea5a041dcfbf,0x64c0b3bfe6553d93603e8ec8f9e32c602009a958,0x71e8fa712e799f5647b108ee77ea9fecd1579489
2,0xd0775fda4cef5bf8ceda47c0cb7988f32b73b7b3,0x789a9fe9d50ecf6f16022b93ba90b65a4a04bf5d,0xde7c4866d302ff350b1622cede53c9ccb6deeb28
2,0xb26a0d003e9d1c8fa7215e23e7ca1e26d563d279,0x99787c1be3b2b686d1705c417171661c5f74b5d5
2,0x0bf73596b85cabec6b0b4e73ae18bc8cce7a6f29,0x97ce22bceb1bd5f5d2ed3f996beba149eeebe9e4
3,0x82fff5294f091ea20152ea43796e2f35faaada46,0x11b63b6791de2dbf290f78bdf9b560d0dae90bbe
2,0x02ebe6fb5c318d380ff8309b88fe0b27f0fe258d,0x7744afd3a37908ec7b9e008e18f2d3f5b5c5e36f
2,0x8d6c67c8f43cb68701a7ba1213e5dcf444a40216,0x1a5245ea5210c3b57b7cfdf965990e63534a7b52
2,0x7cebff8cd03e4ee1e5945039b5b50be20017841c,0x021dfbf0f5c3424c49230c0c7604e5af3b01d963
2,0xab95d2cd70a80469985fafe7457de81498211ed4,0x9b6cea9e33285fa9301d718d005c49485eb7c3d8
3,0x5021410f5450e8d66c274688be25f1bd73dc55e4
2,0x70dc65cc8f66fefcb1efff4e73c70e8829c29ad1
4,0xd6122420f40307bcb6c1831103d7357dfd0b4c8a
4,0x68661550f759a41d65a8eefd3e47dd606ca76ae2
4,0xcc8f82dd4b5e56d9ae3a3fac8d916c640c48ca4c
4,0xb2fad35cc1eefe58746ef65b2f33d7fe4c0baea4
4,0x09bdff1a9d98a1fb81d982ad2b192dd49a932296
5,0x0049c977aaf22e0db89b2755482c7e49ee2dc2dd
5,0x97b874cf6f39e789ae363d556b9c7ddaa46dc306
4,0x2304b503f62eca83dece753e9a549575a094ece3
4,0xb58ab9d166acb75605b03f46ca20875ea7a23d39
4,0xdd79c02e9c8ba64927b83094b9c3483512bc5de4
4,0x1f1c9175da4d2d45088439eed35612c5a72a42ca
