0xf8567fe4446121ce9a944646ae1cbbd9651fa566,0x58aa9c8d56d6227ee92f125d2c3e9b857c2e5bd9
0xfa3f1aa1ca7f622f41a76c277feae6e34dce6a14,0x9451f0ef7a6bbbb6466b69ca19b7944d7bb836fd,0x28b7ec763fd69f42eeb16ff6621e7c5f2f5e09ea,0x55562f8102b588c08fe06b03e4e53965e93a4594,0x6795b61877abee6225637233153760d74d9ebcff,0x129d576f47ec14d6405b18cd5ceea09a1308c4f1,0x6ffe4f3bf02d89079ef844fba003d0db702a2884,0xeda5066780de29d00dfb54581a707ef6f52d8113,0xa7ef83a3475fbcc732ed908d69fe9af3a380d78e,0xfe23fc1f735003271ab97eb3494397a2b7afc0fd,0x4743006abb208b812330641834c4f27511a4fddc,0x2810ccae5d6e30a993c3f5f93f41366bb8fc0efc,0x6504e199497772532e93b2ed4b9b0681b5641f88,0x59c32b6ff23de00d272323c6dc2f2128ed61bbac,0x4a3e49d0cccbd1ebe755bd25dbf934a8fc6df2d3,0xc19d75d57cd6d7912e8808b8518196405895d44d,0x1f0645aa10e06129bfcc6585688bf86b9ae0b16d,0x8c77e3597a162e8ba0b98d71c0addb58645a874d,0x77c43ebd7cea0850537f482f8e9e27cdfa1e749e,0xfe05290a3f8320b2c7eabd7cf354a307fde01fd0,0xd308110315d499f4beb81292ff59a8ed8713ab1b
0x598cc08d04c2499358dbfb1c07793c1a639214ba,0x5ac3811ace32908ef205c33e6191561f06dc5027,0x4090748e91d07e43ba44efb6613ef9004b4ab25c,0xb14aa1632cfdb5c2fddaebdf2a25244c23385a2d,0xc5b527eceb8d9aa8ee80acf3945af638eb058dc0,0xab7f8be7a4218e9ad2d54171c3aacdf331b91063,0x7a39e9fbe7245ccb80fea947fe069691a06e1f91,0xb30a2fc1bfd4406ddc3291e84c24055143d2d77e,0x4e124a678c92b838f11161063248dd1fa6ded311,0xc458cffbc1931c06c1d1e1576dca893955294343,0x2f52428e30551437671d05b867d0d9d91f26b815,0xb4d6eaea0009cb185b7b4907245676000b8fbab7,0x2ddd29b569770b8c87f837f2a90c4dda9ad7eed7
0x00decd895c98b204408e79fd0fa66ebfe4f37a2a,0x69822e87da5c04d4de89bdd451d1be1b6a62f449,0x05acb6abfd29b0585262aff1934aa23348c1badf,0x57436de2c4573d5be7f3ba9169b7d49e6a4bea71,0x2e403b969a64bdd1ca18fe10baba4546957bc31e,0x238a8273f05cf8fb84f4bbc527f175cb74ae52be,0x5d3284f07968adfb40b2c70e4c5b2298b54b36d1,0x43b057ba8e3f5419c08cc1b0717711acf59e4e21,0x6193ab7352f01af1914e58db81dc7dc3d8904261
0xc06d154021f3e5dee89a793698d959597d0f835c,0x95c4081fe47ad81052982c020d4fcc3e00d6e657,0xd7f850e0e78a72788d9d178d2fd59a85326feb92,0xb9afc3e4c79971e6ad3d26ef1ccd91f000faf033,0x041ad6828f6b71b2d2aba73432ede88a19b44039,0x4454b59e1980f093aca2f213f5a294b25f65a779,0x09da450e39f22c831d514ee0ea854611fdc4cfbf,0xa215224066a5eecbcaaf6725183228b716eec0d4,0xfe3a899e0de9791f5568c2fa614d909d80e81966,0x5d76333944495276f76b7393f5d00f015f97daf5,0xdec26074f6c7e4fd4f5afc31cef0245abe2a563e,0x8abe7ef65d010bccfbb3f0819372dba43e03a52d,0xf4fc6c136f7d857cf679d18c339f62bd252e988a,0xbe70cf6749d97df054f4edbe51a3c63634f77eba,0x599a449d4b7926e565f70c5d8ab6e0da90e8a786,0x9134f8002b01b5fb553942d4dafe99d0f1a90ed7,0x0ca170dc25f1ae2dd4bac85d375bb7bbd46886eb,0x25cb503c7bea295c250da8ce406d4c8867441755,0xfcc2dad2849a774836b0c6327f3edbd19d22218d,0x17b6a62e2a50567dfbe0a56b266665b348b75027,0xfc488e6b5f367656bbb08b90fe3dc1a7438c9dd4,0xdee9ba25415fcf8507a036c2efece4debf937899,0x3523d63f8b0b6be48479f5455092bc16569ec294,0xad9872f8a1e048ad9232b39889ec606de50603ad,0x549f841e686e9c44a04abb8d16f9f32197ee1a24,0x9abd86b849aafa01e4f383690cd1d5595c2b2458,0x42bccddc961fa91f6b2f92a6e0a5e0db62dd5db3,0xa113e112187f1444bd04cda391c41deb54df8a77,0x72b2a2015570995a624231dcdd0254b4f50fd9ed,0xa2ab2202d19d0d5cbc392f40190026941f63d517,0xcdeb203d7ef7117bd6bafb87a1e41930e4325488,0xea401a3b582749d4a5695d36dd29a971334018dd,0x68cdaaab877a9d3f5d26080188f701a01f890765,0xbdbf4dd16c932ab149e708fa9081baf80f09dd3e
0xaf745d9caa19c627536d89451ac7ac1e66b20d67,0x44e3dee09191340c00c12e9dd9fc356f469b3e47,0xda37822c903e3144089804455a7782ddb05dfe96,0x61b2a3b2548c0d678ec85b4b791409895604e5eb,0x6c904b3bb57865516a0d054ccfe7449e01b85421,0x74558552541d5732822e64c1dcbd7b14e8f5d316,0x0b535b5e95a046eeccfc19e7ff274b2f4523b9c6,0xd7b6c5d86058b378d28f917b83c40758c43a0e7f,0xb9ffcd9b7771226e34ec9c023a0949e9cabcc8d2,0x764af8079ae523b000f006bded5aad724d9e6de4,0xfcc48a78222bcc1a856cef199266e9acf5cab5c6,0x07f64ace410b097cd245f7312a47fd822c3627a6,0x05ef09eab46a78cfc973c957ffeaeb0f8722f271,0x033b846f9d2e235ae7d604b5034bd7c54d3a3a86,0x9647a2d17abeac666c8ba0b227ab72dfd4bda22a,0xf99ae72d41b6287e9e192cedd4e20237279494f2,0x4c54b26877b7cd8613e8eeb5761aa01ee7128bc2,0xc57ce4bc91c2fe2e1b04edc1bd15be04e02bf592,0xf6d7c771172042c9e810e5c85634c5bd4aa52ff2,0x69b6fb2be2c31653985be8ee1e515f441c868e10,0xcaa1a24f416c0be85d5042ef6de2c2288f3fe55c,0x19aa0ebd73eaa39e19b4e1bb42ef22858766ef96,0x29aa429dbc7fad16ad4730e39a6e3fccd688f748,0x995c3d396148f3fbd708edcbd2f494ef0a865781,0x9d9e6c90d93e7ff0db520e737bec4012ea8ab7a4,0xbd7c1ab32aa52ddc79deca1b9df06f98b1420f52,0xe609a451a6c71a273297d355422ecb4e999422a6,0xef0ee5017840fcc47bfd16f3ae7799201eeeb865
0x2954d8c6a41b8b70a1895c752aca9c476b20343c,0x00b1eea0000011fa006700f9f1008000240b16ee,0x542530cbc454e60ab96000dae935c81fe8cf1897,0x64f4d24cbfb32d6f483b94d08133e69c6c5808c7,0x9bddb94aa2498f2c5f01c01a44a4788b7d17f36d,0x3b9df342de1b72f54f644e712e22432878a0447b,0x5d8c38cb98a03cf3b430161ab84f859002249d9a,0xcc4dedc9b20a141db74c8c1d7533316d2ce7bbf9,0xcedaa447fa9c41d660c2ced408c7ad4c34c6c2d6,0xc409cffd53c34d71fde44883bdb00cede6dcae8d,0xd4e204aeb7b291cead6cfee1d4fc158e54030dea,0xa5bd64df544411b816bb08315319298bf5e861a2
0xc875381a0d0114ea4181d73bd88fd11b189455db,0xcdfbeabf8772f437a9a6cecb41fc8c731915248c,0x856249f620213dc9c76cb14dc32c44bc0cf8b73b,0x3d555fc27b6564939d0e91fc919aae0e81623c20,0x59ab1bd1531e79c52a5e61b54f30fb1dc7da0af1,0xff8ab240089472ca5e3eea3c1e458560719d9b28,0xead5b7d86c681c036c59cd00a0390541061c69f2,0xa9f431e6fcee0ad28fe5946c670ba94324446de2
0xb193da6f9f2252be679fd5b020c22ded01f4ec8d,0x4439b783f28f1305f2e280925d1f5b738ce4b533
0xe67163ab11d4b39c5616bd84bbdf8efbdf7a5d00
0xb788a53403a02c60a19d3cb69e3968c4366464f8,0xd53e2d7cdfe9d7429debf059b8d8d4f617a40bf6,0x2eecb4d3f1bd706a08cb3b4e7a816c1f5478c4bf,0x6cf4c498d5c28e64a5d4af76f585a3f3c3ea5a7a,0x99042cfe4efa93c1265ad01c855aa3096331f2ab,0x4d5494fc6565c3732a08a8f66687b60030c57b0d,0x57bf3b0f29e37619623994071c9e12091919675c,0x0f292c7bc2a3fbc1747d5f8b0020105d0d32ec5a,0x510b215b27aec73f3e2f2508f895dd037f3f8be4,0x11d6b5b4aed2b85af9e54e61252aefc06daba3db,0x631bc8809e4851f829fcb18aa0a4cf14523b48c0,0x0038c1c7def9b413001a39647dbce2d0075d98b1,0x1d3b6491bea6fc0c1da97bbefe5d5d07df87bc16,0x373704e394ef150241aee836115d78aba3fc5c76,0x982f5698febb2b8d1b9a560228abbceafbb11568,0x8ee88955d76c019887904d2f309b883c6635f399,0x45e5ef3e047760fc299542cfde806d2118857515,0x336b8677e45d89483bdd78d595c8de27f9dd7a31,0x7a0e7adb1b9a40a4b4656ad55102d46dfdd6c19d,0xd3b6a5c9574bfc80ce34d67db04b5ea53dad6ae9,0x36ce14bf2bdd81aedcc11398e7a7f8c9c519621f,0x6b4f384cd9213a46c3d454fb8a4989fa8f5ee4db,0x1ba9dcb4ced01c0103eae00a34379568a171a822
0x255be5924dbcef2268365833f0fb50a0059d1fe6,0x460c5025d8054c6dcd5f6dbbd0ea155422075337,0xa8900cbf3473666674417b81b77e6df96d76d97a
0x74ecf263508f8b653cc4d4f3a376a12bc87a063c,0xe2e0f5a6c40acbd8cec92e474bfc18c2fe26ea4e,0x53ac01265fa2aa57b73e8048aee02166bde62c2b
0xed517b1aaa0d05525b84a14aa1aa0f9d6b537270,0x58fbf84346f5dde8352501dbde0c23b75b574ed0,0x34e809e36f37c4be3f0b8448ac0447f0c3173789,0x1d7ba248350318d72808b7bdd22c3ee1bd3b92e3,0x801018f81920f65f5de4815b4078710bc62b00f8,0x5023bc5ef6a2ee360ad8513f45cdff2e5cd29ecb,0x184cf5f951d40b10a3eec7824d0681245d846bd7,0xfdef0fd98f6a96a6f4397922c9671f94c0b1d0d2,0x238935288fe29edb5c8ab3dd44bc8931ce11d4c5,0xc73e4eea6f31e16bcea8b19172d6ab36809bc8ea,0xd82b98489b1841f941bb4da36322f455d0f4abc5,0xe320857cfe6563e0581839dbd4fe00e4a2e69717,0x996f5ccbf2856137744603b382de559b78a096fc,0xeeeb14e26bfdf7cea2cc3361c1d36a75374f1f4b,0x5692d4ffbd0401129c704c4e19f1098f963ce090,0x0276a896e0fca3e54e46e3d18cb95749053ceea1,0xa1b894a524443a0be388f2b11fa9e7ed9428046d,0xc7bbd917aa82e919822270a8abdcacc051fcafeb,0x930471d835133b52679ae581e83a65af9a751a62,0x6e58fd99e3ef4bfb7ec6b94d150c7b6af2bd8c4c,0x3358d838bffff60a2c3577b595483dae87066396
0x127aa7dcc761b4384368021182099b80790001a6,0xa892cc14780bb01b4471edf8022b20940373ace4,0xc22543e4091e6336a451a69c0995cbc9b8d0ffc1
0x1eec54f47e1341122e8ff4d5e51f3fd9c99d7ca5
0x66e3aa853b70d7ad8c8c57c1e028d2e7d8b991d7,0x16ee485fc4176773c131bbfb405879e4da8bc6be
0xd8e749e457fcd1918c9a589bfaa87db9f8e154d6
0xf75b292ea8cfc4c9cdab8a22b8cc7218c9cd4d41,0x5609c734f2bdea29f655e2b2ce96e414d45984fd,0xcf414721f83a9766968431877853aa320e6d1b6f,0x2ab13b86b8c56f97995b0b7b54ddc7fc30403a0b,0x64283cc512f2cd21df5067d91c75cf579e4c0fd2,0xe6b882a9f59ef5e72369f8d1106d707264070f9e,0x8b597bd197b5a6cc53e09cef65fe918ff0e66c76,0x10cf3b33d1b74959276af1869cfd949a107fc6d6,0x46131f5cef22974000d52aa780ddca6563c2c932,0xd39ede02d333356e86759ac65686fd32ed2f4319,0x10edee8242640734b1491bd7f081445e8ab45dff,0x2212a277feeed1e4778f376ebf04182629ec4303,0x9649346dd922f3e3d0d896ac3fb9cf1be7ac74af,0x5b3f8af0afb2b5197b644d193cc751079c2b80f1,0xd4638a640d820a5f58bd27082cfe4d9d3ff3cbcc
0x19646024176e03faa10949e8e446908e1dd9f486,0xac9be1372ab5fc54cdf4dd2afe7a678e94706e82,0x7a889f12f291f65b0bc2b11d605ab7ff32fc7c7f,0x703b9d8dcf34254082e47fa73ce0744f68422d9a,0x44955f3b1df4d36be2b18cec16b618ad781325f6,0x3c80e892b3e7137d41f50fe52ef660d50f71acff,0x1349ddf52e01708cba024b488672af0d089562db,0x81c7d72c532e93dab7af2ed592f8854d1ea73093
0x10d629045fc72f3f6bd668b22834f09313584a50,0xc65cc02fada21d18a4eccf527c8171bee54791af,0x7e00eae51865355c9511b2d2ad816e000641cd57,0x084089d80838d427531dba232c02b138be756edd,0xd4af602e592a6c72a0080851c36abf40ecc4a14f,0xe2a07d98e4c1453e5f94066fc5343c7b917eaf0b,0x80e623364c4e902256a1ea8525582c467e7fef08,0x000000ea0e309ba169bfa8010eb5e95db131940a,0x07fd4e2d0cbb24529d5477c200a0962741f2dfd1,0x8831840d23e8d5b52ae4b661a36ac656e4ec96e0,0x5ebe84804485d4f49a392ab5ec618c324ab78fc9,0x81f23f95baf1ed7ddf4c5eaae3bd5ba3e21a4800,0xf451b5a867356b1d6cb41199dccb41af494e2461,0xc6136d5d747350f0a9d46730c12bb6c5a14adcce,0x0902d44aeef767f78b240e3454dbf25919f9ff48,0x464964088b08e05a3b8a7c2b0baaa6bcd430959c,0x11f338c983cd9f8edb8e6c7c54c7ace28e7a31fc,0xea4ea23d18ab0e7e41cd559d026073bbfb9e46b0,0x1cd1fd8131a15267a4d306c6f01bec5f60d11e9a,0xc9a7fdb8e7d4b0637365c59a03abf1f06711c984,0xb52b38818ae7d5dfb1a826c1219567922c3a0d41,0x41bc18f19c78b139d4e54e0ba6d55a82b06c321c,0x61f8c9bee087f012399104b20f17c80e8d64ad2f,0x913014027d81d1c539ed5a4cf5b7ea3cfd358852,0xb7b3b0c2e484d3e5a04dee09ba6571ec10c82ad6,0x62e202fe163a772511160c113d466d826fbbf22d,0x013f2c8a25b810f6b334157ba26a0bad08973fc0,0x2ddd7bb951076c0b2565d1719d3c825dc61b539c,0x4bf675be3fb1b9bd1f00a5dd78177d2920397629,0xae0e85c0059419e4ab094b751863a83ac7952570,0xc280598955298b72cf7e0ed5112f25863567948f,0x29aabdb1cb62c48806aacd33e5d4e7b904c43a7d,0x8e6a625525f44e3dfca42b83cac4807ece7fb38e
0x53dd4a6d73196bebe95087a3b2bb017007ba0e3f,0xeebf0b67cddb82b9ec7f673db3c9aee07846d402,0xfed9c6b45275f322b983aee0f9e9f278fcb0136f
0xf15ef0f670c114a5a4f61f9e6fee25c444df85ec,0xd2be824b26324018fdcfc72a4f22244b7715d7bc,0x2c7b4874386ca5ea12cdc0616da3260b76ad78fa,0x1218f5098cd6cc04e35ca847b0377195d7bcb0cd,0xf4c51f1d5ef7ccfbed4439ecc1947c931dda2200,0x5aec9ff2be74a0cfff49336021b315f7867f4302
0x1fcb6e6b023d298428352746f23e6901e975607e,0xc066b780259d231f5a444697b7979c9b26ab7ad9,0xe410c9c0985c2cd63b77d7db2203b6e5df2f1de9,0x27cbbc5572d39f9b734760decec7ad10d5956d03
0xf51674c6e96b1f6c8e0e14b9d5907dcd7d000b80,0x62cf5116b279a781027be20e3f7c7edbd336e386,0xa8f43874cebe1247b269cce3d248078ca0406e14
0x99b7fc20b12d8fd8b643b5895518ba88f0d445d9,0xc8aa4885fddae5d738df6aa1197896df7d31de0b,0x2e1bbb7c78a5a534df2442909ab14ce370431e76,0x0755f8801e84e96f69918f0007e1da6c03b9e473,0xe55f2ac90cba441edf77cb1893a96c573a2313b8,0xf9c96572df65379ea7e038993bbdd4122f2176bc,0x2ecf1b0456f4c352775fcf68cfe7354bf389a701,0xd5133b16d51eece8b5c0b1dde9bd5b316d82b106,0xb1e870865a4ba50f6f802c707c42387af2e6dfd7,0xb1858f7e132c034b7bec641d8a63fe69f01f0432,0xcfa32f42cb32c77edb7abcc6a6ded2bf7209f7ce,0xde09b7169dd4cfd0f05fb978067eb38dad869f44,0x1ee43723fe9a88b2df81f81920aaadd9f04cca27,0x979712c874b81c2d7ef294e6da251f85a86755b2,0x1129779040a40a48f9e1d2806b6e73e496eebc09,0xfcdc6352821b3e72a724117d5b56e275327d5fe6,0x3b1d3783d3a66e714761515e80ba41dce6279597,0x79b3f7d3f12b507850c26ec655bb523033ac4149,0xd72708e95577f80056fd6a44ec30d644b5a86486,0x3c882d303d999a4631646050bc12e12d42095219,0x0896d781ddd4949990ad530e77550577a5cf4b99,0xe0c79066488a15b70361ad8268d713b05944a4fe,0xea6d98df81b3458821ab6bb216292a467000b9d2,0xe309f48aa45731762865b856e8642cc76304f69e
0xdef57ccb20b1f2eaee0c64aab3280350f84cb0fc,0x25080b5fdd2773bc458bf0af233faffb40c3067c
0xd9044771c98c1ed6bac7ea0ee057cc496393f018,0x7a84fe97f8210757b67a48a3fc5de4d93c7dc5af,0x02fd4e695be5cc7285554ce1056d8282313d85ef
0x8047374b9772b3b13d567bb2508d42f4861d1b6c,0x2139f8139439fa3081d5e2da16ce2248d3efb961
0x88a41cd4046dc6ec2cc14fbd5a8d2d23d630b1a9,0x2942ebe9335220fdc74a8542277a4d9c53c5e530,0x614f8cce37fad2aaebbd49bd34bedecd99cfbfbe,0x40b858bbbffd36ad903aeb948af65d4235a478a9,0x0f6f5d352b2d0c04e3d7b1c3bdd61cdbcc828db4,0x90b5382285c8cb985d32fb754647970a10ae29cb
0x48bdc601735c745c4df3d7563f508b05594e8282,0x87f394673a92a1a6c41fbf4e29889fad3d92047c
0x7e7b250a577a5e3d26aca17851276e5cfb8c1fc3,0xe8867549850f0103e65f1a6498b5f0f105082377
0x611428ddfaaed2119609e91eabfb5befeba793dd,0xaebc13131725d0158bb6cb4010218dfa8ceeb367,0xfe3ec934b6ae284d0225d2b344d14bf5b7fb2327,0x42a2d0385fa9ecb3e3fdb35764eee7e8d7ac25d3,0x005c1b32ccf7dcb0a3acb4b74ee9cf5eb9dc7753,0x6f3c124ffb01ae7cc8d3593c71102043d147b3d6,0x26e25e46701edddec68b7a307d01c08490d36a52
0x038b202c692274f79f148602c00fc9712f092a47,0x61b0f24fc429c2cba4a993edd9178bd79118784e
0xac01c5e5c7049b690027156ab98e07cae12e776b,0x9823c61d248d6f1e6941ebffb59880176a599b8c,0x3385f9b73e6740e9fbb18f8b2b41289f4da1977d,0x8720e7fda65239fed48cd8449961f662e9be82d4,0xc5878eac190ce43ef4a2b5c6311e3b8166135533,0x1c8238eb215814e918c2948a7b6d61e68e584b99,0xb6fa5f611e3bda70ff52be40643d380270117249,0x97726a0bb4f72b2af58f6f00a82a292cbaa622ff,0xfeba6301511609a7ccc1efb8c6365eeed249a05e,0x074c5b9b9ebf7e9cde54083afdf86067de3a4bdf,0xdd3181acaba74d2604480b358a281004fd42b63c,0xd37d4221cdfab15b16518dc63f334e540bb40166,0x0df77bd912624ab50619e180c7d8ed6235e45c9a,0xba352f3037c7a42c10dab3b3276e5aaf450c1fd5,0x665967faf572697e53969c0b7e8bd336b1fac885,0xc1dc71d1c626f2e709825dfc7ec4e00cd7aec92c,0xb4597484beb70933518c39db4f30ce345886903c,0xee49c8eddab1707b32db9c9263b85f9a38609d9c,0xeae3b4fe040f0d7c4c53f19ed808edff4a7e0e65,0x93dba2c0ee058ccd210c0ca95b2e087ea3f0d26e,0x6a087a810487adae9fd7dd14e2d90279437b1524,0xac554eecd01396971abb8ba491238a6214e7952b,0x1e5f44c1d7a980a8e078ebb1c404d9de26cae70d
0xfef93feaece70dc8528fdbffd8f901817953a3ae,0xfe39f20e6fa29cfc5a60adf11be87d6669eae051
0x1dfa4bce737157d0f223b56263b136943cd28b32,0x5875e62c18adc5e30d5ee2a09a8577e686d62291,0x75d53cc46045d5bf25eadd70b33e9d949d45b132,0x8afc98aebe82d7f2acdb2b224ed68da49c703cc1
0x30dc722f3a258ccebf1aaae5881a9e5427158dd9,0x749f2cb0b6d1e648bdece3bc555bd1347bdf51f6
0xc5e8d5e0935d1efc1160c2ed8b1d748f060df4e4,0x9ce8646376af59da33bd1f5ecb68b389e9a549ec,0x97f31b64c9b4ce4ab96e6e550026b122485ee18e,0xea4aa3ab67f787be57aa41b567afc1c8d8fae923,0xf80be046e3c428686bc0c76b1c1d16bc5d1d5577,0x1017905c0640a315183c4c0c269d5a14af37d2d2,0x2ba213c057351cba55510c6e27aee021949cd514,0xbd631c070a5f92a64ea7eaa82ccaf47e1a403801,0xe5033072d7b802a9aa1edc94da442734432bb103,0xd20fb469b7b6c74f5a203f4e689404d5ad2d74b7,0x0000b00b59ad8750d108cea6c583ab6e4c9a6ab9,0xaca61fb4a689242f8954c3f23f95a818857c6b2b,0x9d621820a489089821fe21fd83f413440751bd34,0x2c333494d3497aa2ebfa6384f3c2053c9a639feb,0x5972d75236d27951aad8e81920fd9d4dc4e12d5e,0x8c7842b90cabfc8629cdef40d9af84fcdde247df,0x8a164f928007de9913d6a7d254e6dd70fb4579ec,0x8a155526b994c96f5b27d02a330c3dc23d42ee54
0x1ea67229bfb9c2137f73e3c9d157eee006f3b45c,0x7478378c0cf3a6ddaa7921f04f35c841855e562c
0xfda492d05996adc973619418c8cc8e23b5a88c3b,0xc49341dd2e7141790943936d2c35aaa0d0197864
0xb138a5d8a09bcdb2fbd0bc1c6d50ad2891144f4b,0x048252567111d2ebb872a01ef5c07bcfdd77a231,0x743d32522d8ef3ef67e82ed340ed76b15073c390,0x9ac682e8bb42d5d4f1d7d72c692fd4d287bbbe02,0xdcd49dfd7d49de860eaba83070ee6af0e117aa19
0x5683528851ebe95161059182342fa78e9789adf4,0x55cde3cf368d2913b2f4c545e1204afc6b9f6b9e,0x6a371d07bb054cb75b5ad1ef943d64f54bf3f318
0x3386f8f72dfcc2008d65606b43485ca1652ffabe,0xbd3635b6967fe6a3df13597e55db1d454121f30e
0x2b99d34a2d45cfbf5b9d5d7595f28fd786ae61c7,0x255a8870828617ddee62d607fe378a68188075ca,0x6e59d9175caf055a30c6e6f347e6292ab280e1e6
0x41f8d9cd314debcde988d128b4c39568c658cafc,0xbae3f76a244be1d0c4e6d66765c7030080be7ede,0xb007d77aa7c7cff6828e5a66f4f2657d748dfbda
0x37952f1dbe7864d059e59d4f3e130015134052cc,0xc3982db5a064bf4683841f4e9d35c528826eceea,0x400d4283d0ccaeab25b755f9eebfa2ace6de49d4,0xc8c74cd1677762eaf521c14657f54cfa6e528652,0x11df917d9bdbe2c649799f74d004148d280ea46b,0x1d81764b79bbb8e37913fd402f5b403ddaf08bbb
0x36632daf9853dac80849ebe02f0252935d19c55e,0x5edc421f564d7ecc4b260e2b711b9a3a86c7ef58
0xdfe7abe16ed6f6a74a3be9227ec469df62d68ff5,0xb718727e7c8a4646d41d8b0be5e8e2c028b9efaa,0xd37448ad7949c4ad8eba5aad1a0afdd3199971d8
0xe557c30ce2c90c6949f292190c1bf46a0793259f,0x9d70a375219a557e573753e2b5da926071151157,0xc312cd0dceec7c700028e7c8a53931e8f4d87b11
0xe52cf9a6a6e1060d92137955db932c0811980b01,0x37baa0937e750a22227627404d1a0ad5d4e29299,0xf729658964ace803b2cc43ef509a81de4ae9ad79,0x6e18791cc6b27541fcdc5ba5aeeab975a9b9c79f
0x9e41c678b0ee16b8be5b61d121be71ac7626d3cc,0xcfdbafa49461855157b2dc8c9abbffc7327d4197
0x694022bd3beb56711662e2b3aa5af3dc20b47818,0x890739cddd836fa678ad0dba0f614a085aacc9dd,0x74001cf48ab837eb2df095d0192eb04ae3b1174b,0x5ccbfdf588b4ea2339679d5f3638916503031ec6,0x356ee97d7d560af2e97e9f9eee56b2e09d60e6f5,0xb6af7c04f67b5eb61f0dc7ac4a760888ec3e3887,0x45f1e5d98b7c338cd7cdcbcecc47ddef193674b1,0x28a4dd546d4808dbcb2f2dee177cfd3c14e6f295,0xae03de775f0ca69dae9978a364ff6f4c46a28ecd,0xd16ad15b741089e1d571609ab17540f6ed4aeab2,0xf05a5927d9fba00f094731c1769fc77575f7619f,0x12ea4da6aba591ba02e9f0ac37c219090c429969,0x9a7f411a683d0a281a45994281c0cd387016e527,0x7bbe631b94853f68c5444991c58cc5d4422ea97e,0x7912fc442a921ec2115b781a5518bc06eb1fbf3e,0xa0fbb60ce526d2e0e796bea7f9a0de06c8ef78a3,0x4d26d18d169d9fcb7c7afd2d4f13b162260acca4,0xe35a2a4586dc6c01d00e3458c9f15104de9755d9,0x23cc917f53ed08c028a9b60067d4de1d7db77f5a,0xce3e7a4af505e7b57b49abc9df8d30d3032fa6ee,0x1178463f809657513bfaa2bb69dbef55d9f61e9d,0x361c1e4aea6bec86ca2f065e7141d22f9f3e1078,0x917153b9c1c305682e19a4369000f33f04aee408,0xa1deadced9ee364f47e2f32914209e61c52312f2
0x78b6d31fe9719e8db327152f544c8157e629fe3b,0x4535f1545dcbda82a6cacc956fc410d152862fec
0x46e53c62acebbb75f6687d99e94c9c35d82de274,0xa039e05c3d3211c92f0e13a763cec09305d10f07,0xb2277bd61e6009ee4b25da1996abdaa8b35204c6,0xe1da283bf0a52c0105e4ace77e6755ac465f06fe,0xca3108424e3cc950a6b0999f83749ce71e608c16,0xfca2249577976caecde8ed492f54cccd89c23ab6,0x242fac8d584619cdd6f426a16496504db5210619,0x29d8001526c1fb11b1c348757330ee6dfdc122fe,0x2e3974ae952d914d82e59bc3934ca9f36e84a615,0x7977edd36aabce4614b9592a56ccd70461fb2cc6
0x0708390260e2ae6cb4e4637a52a42d340ecd068c,0x52a4db5670990c130d5bbfed40a0e18fa8ea9b10,0xd92c83f2d7e7be085997c957144b8cc03c98fc98
0xd279387c3de432d6839b20898f67fc8df984beb4,0xfe128a5ff00da1d870de2fe14882dfeebd0ca1ad,0xa01da382be5369f95bb8a48857f1fc649bdefc2b,0x1c041cf2a956126e6f18668bbd5845c28b0ee062
0x7429a7eac99c30cf0db7c2d39366cfec49ad1794,0x472f88bfd9d2aaca7b740052522e6b2f9e6607ce,0x6054ac51c9557a37a237cc65a2e75f1cfedbfcf7,0x9a7be1b0c2a2fd1abdc9dbd33297d9656505824c,0x82893ac7e308b7452565b124f4cb92d91bb59677
0x7f971503b5b0fe36f847f6a89e68d465954fa5ab,0xc9e21cb473e6c9dfc3c266cadf9ab0181e1bcac4
0x17478885827d88f8cac88af7ff01f12bb3eed0e5,0xb7543af2f684dda4980a90408694aed055de79f7,0xa1a99dfecaeb0858330e8bfb9022aeb73faf5750
0xd9fd5dbee58020f3c0d04540ecc761924a559278,0x6ca33b5edcc146614e1f8480f889c9195d2caf56,0x76c31a777a56cbc0d3ceb98c5f282e796874d3f7,0xb7db256180ade510d62f41c1ca62e4fc56eec384
0xa3020858cad2f31b8b85907dd58f6ab044c2ea17,0x32bb00c325f2525ff156b31861a77fe8508fb239,0x9ee9fa7562133748503200877a3a03d7d8672eee,0x476c960fa7777ca721ae62b3a604d94582c263ff,0x9ab902622415466bae60fd592c0b0698192acc5d
0xae7861c80d03826837a50b45aecf11ec677f6586,0xa7868550a0b397da722d9705aa49b7299b8a33ef,0x3f727b9e8d38bde3352ccba5f2ca8b8484b21fc3,0x63de5991fe04a693254c578188e9f405370c69d9,0x762c33949e6aa8029ac122f983de675233d446b4,0x6c7cb72d0b2b4c3430bba9955766bba94b8502ad,0xb0579d11a4a501caa18e610f5d160f2b33599f57,0x102aa209e71e117045d923a3ce54aea00de27d67,0x1757b02fb95ed129e971278d3c99921d07904c14,0x70b8edf3a0fe2565187d0ea0134a378fbb7774ed,0xc2826ac1c058f5e20076287dc4f1e4bcb587f594,0x161ea288055b58fb182f72b124a5d0f367b099e4,0xe3c9e09e49f75d7ec947484abf74579ea5aa0e18,0xc532e8d1aba3ca8daea0f303b443d36b10bf47d4,0x4088dec9e3ed74558e4e2a62f52933c669749438,0xa46b08e0c5f841305fdcc02578c94bccee5951b1,0x2b35bf8e4c315b0a010da20c2d631a426afd8e32,0x1c3bb74524d1a7cee123cd3538497d0f72947fc6,0x7487fc547de9ecfdf7a972f9cb2f835a26e9adf9,0x7ed8ed2597576b06237a1e7454648dc3cb051cc7,0x296dcec6c427477edb059a519dd1fea1fcc33449,0xeb88fa342fb0507673edb0be23f9f32da5713453,0xa7a553609247c3de24c9341f22d20d094ded011a,0xa9edadabe54e980bfcbd29507f218340f6a59626,0x6d05907fd3cf3af650b64c503d25292f25885cb5,0x4660b896688d038974fed03c10b41fbafbeece7b,0x47c4423b0cbad236815af76e326211ec01f7b1de,0x18bbc819802378e4798951d989eedf2ca4d2dfb6,0x63f560f93aeee656fda854be686c0dd1e84a4b3d,0x814d8daef1ddfbc8ca9bc16f00bb5b46d2eea388,0xac0f76a8c30e23bc197d26465e7be319713c5224,0x05791640dbe10cdaf3827a93e4b43a905329aab3,0x0e1212b04daa889686d7e39361ae33d9afa8b79b,0xef5e1009123c0948e2b1c2b9788eaf92af5c7e0c,0x71704274dfaa162e0904e102c954f1ae7cf045f0,0xbe888884c76d0e5d30ed0651fd45483203d550b2,0x6f54902bb9b1dca9ef8b30ee16372451dd8535f9,0x555d41d8e528a55e7625576bc49526c74539d598,0x6b976827b3ec5bfd0b8a12335018f698da04f6d4,0x70cb64fc8a03a979edd1bddc2801a763ad108a9b,0x7af88d81298fd7471405cf6ec8d06148f5cf5964,0xdc4471ee9dfca619ac5465fde7cf2634253a9dc6,0x61ff15db4ff75b180cdc3351f71fcc288606366f,0x4d57552a17ba62915fa8929266c0e416ca674ddf
0xe0a0da491dde166c5b9ce9bd07c3af6f4b0a78c6,0x82fd36c2c82627d2782d5fb684aa3f291937ea2a
0xea99e02dd0a835440f91dfed53d172595918433a,0x2987926f0e605be9b9dc7c479b7306af9068f533
0x834b9c3bfeb56338c419e5e73c2a144612661be0,0xc8c0a64498c8f58f6d0b69c18881496ecd1ae648,0xb2feee1fa5444312bfa6aae2e830683a25e29235
0x9c65e4ffb2486035cb30aa7de85d9c1c80377a1a,0xb5282343e26636ad1f62e71fc4a02abd751d9848,0xb37ec6591b346758ca99a0bf8d57d42f6595b2af
0x48d18e16ad5ee92beee68510e1c8a3891a045e3c
0xca49e382d29f802a9f77f2f769b5c20bc62ff6cf,0x708c5a3cfab0d417cd5083dbb61d42287158e0c0,0x6a9c7836ab5da544981b6993cfbf5414cfe02db1
0xe82c2c6a1569c72e23aa40f4d5a623bb6d07f902,0x2824485e049e583fd9de683e2530c0502564f7b7,0x156f74ca460d786e9e209d9ab2678d8cd03890b6,0x41660f3cfa8ebfda23a52516eb30b03a70dfdf37
0xccbf2ee8c01de163ada401b2356a79ec0c88eff6,0x801a23e491f754fdd8970e503681bc778f0bb721,0x0f2c6a5912bb1d9a96780940bbd911691826bb26,0x8512ed016710623345b8f0320cfd2d0b5c5804e2,0x8eb947ce834119c4cafa90af524b7788858b57d3
0x000000dcadc0636e3cff49b88f909b9286c8cc5d,0xbe1bede6362263e60aa5e2d923e73afaed6a5b6d
0x5a1699fa4f1e8a0dbd052b7b8e887e074234c0bf,0x493949e4d9a2cda53f48a0647bf751aa1247ad55,0xdc2dc733e49ed3d9492bff3e4aaa9137522ade5c,0x34bbeb0bd19a7367e54fee3b92c456fcba0e06e0
0xc79dccc06be0cc3c25a6bd61b3f2f6d9418b4a60,0xcd738aee18a3a3e6ac5a411310423761d63fc429,0xba29bdd8a308468f3f162b87c02afb0f7be8b601
0x4b7762c2908566a51c2120d1d30f9f7092a5424f,0x699dd269f68edb5699068df5208b072b02a443b7,0xe7402af3a71cef3e728d5268827083bfbcd059f8
0x0dadd999815657979743e47e43baa9bf5921bf13,0x0aaa5899cde4ee93c9edddef1fed3360560303a1
0xe8d68702427fd1c550adee29ae9445a8fd490947,0x3537672e77ec9b538539e2db021988ddea6f7d5b
0xe73d88636feae133a707840ecf68d1d40e6b28e1,0x3cbfa8b13f72d85ba77c76b780da953c9127b398
0x703f2ef708663baf0fe97e54e382c36a6c6860cf,0x31f5b22ae85b46b62f06a4787d1fd14cb2d0a7d1,0x45b0de40547b7fa4e59693e6335f6b8be63072dc,0x2ec144da4fd008da8ee19571f5edf9e228f55943
0x95200308bca98add41c76955fc8fa7a79318e066,0x8ab71bbc509e17c203043e993eb8665d7a9b509f
0x6ef475f9b271e094e585cf4ea7db7b0b34cf6410
0x792cf37f76af2ccde47e56e34405b5254d3badf9
0xd2aace64b327bb525ffed142f6f2dfdade547b0f,0xdb88caaf2f0443149a3e76a39e4773e1cfbf3ac8
0x7d8795ec2584fc6168383686177e5d9d5d5364ee
0xfbd8533162c60cad639b81af1d7b9a872b598ec8,0xa881ce37ce05c71da99cf12d142e752673fb074e
0x7831e5ce39102d0dff32dadcda3e1d71e46eec19,0x6f66983e12aef5898c81a6004dfb4656c3773def
0xdddd91875af58615a291b0991b4145340c729656,0xafc5bf6b5346d26dfc0beea9da7813636a5ae5c7,0x7984af11686a7fb29024635277353edf156a71a0,0xd7e9a73c12bc77b1f9b49c2fab7c580487b856e2,0x8906b2b1a2bdc52dbaf8939a7f6017fdd178ba69,0x799dcb1d1466bce8a40534fc60b3f6f8b18ccfa9,0x16e88f1b4a187b43ea3394a7ca6c7202c89a5dda,0x8dc5df60d1d3af324c0f9cd1002c21f895219e6a,0xb59c810897b70455ae001a5fa2608c5c8f963f2b,0xc58d92dde6c1c8b9700bb88de25f2688b339a1ba,0xa8c050e2890b216e38accfa99d307abf083a012a,0x29a07b87e2fd3f5c623cc3e689b1c0bd7dca5600,0x76e53bb39bf7d2a639a76a6fd6f7fe9d850d4f72,0xbd3049e2ef9ef5d4f7f86e3723af80483b105b61,0xacafb2f69e7cd0a9c9362e28f397b92b0b07a33d,0xd692dbff82c9edf868042992c05f845f24186e02,0x475ef4a09ff1f3ddd109beb9c32a43deda9a12cf,0xb7f59bdcdfa1ed875ea4a316e73828fd80d2e6ae,0x4a5f1970fb01da536ecaa1df02405f1387f0e853,0x3113ab5c691ecdac25c07bbf2bf80eb005e4088c
0xdd9c72a0eb3976b5d13995b7cc528c1053ded6f5,0x949818cd4c1cd9d877c310f88c7cebc00e3bedf2
0xd3a2da5d72e249736e755581b25abd13f8501f2b,0xdcf18c9909824e44016a07d6fbfec38f6b224e8f,0x4d18aee1429ff720711774ab91f3bb941fae7a8a,0xc520f5721fc9b305b321035d8528ef4f61eeba5b,0x60d0586a11de8b50917d733609cf84c525a6570a,0x4437b05d4c65c0750ae9addf083df28551a45470
0x65acb848e52df70e4a523474358ed1b773c4122d,0xf03c3d6f98d4c5d6811cfb0486d8a7b1b94b65fd
0xc127c2c720e075371b75956bf10384a0e16050bb
0x30146aa8695c0a8d418e45a1f3fe982ff8b6ba9e,0x4b891438968eb5d04d2c11bed902ba378a642084,0x82426af9cb27832c49180bc30e7772bfecbb7287,0xff9c82ee3d374102648737610e66bf9d439c6ad6,0x9ab1e62e95b6183ceacd79f90bfe95b0adb27abc,0xfbe8c8e4d49016fa916d25ffc09cdadb6ecd11fc,0x939e867f30f4e39d7853e5aff040ae4432417c92
0x267fc523430d9d197aa936341277577f76c53b29,0x62de507439f1d0391796338715f306bf9b4d3105
0x5597c2e2be24cd8694f57dc0a1cb0dbdf64c3e1d,0x8ad18c41856ff994ffb96f857853a638622a8f0f
0xbb609fbe082625783ca6f21ce7895055e2171840,0x85c0516690938455ebe6f372ee44a1d41192e23a,0x5d8a808d9321ef36581ef2f538d040403167f142
0x23990885a539d4888e13878b7a595e6f1f377c0b,0xbad2da2adab351da4335c4df43ddb99bdc8c6846
0x673ea96fabd9b39d51ec05e3a8c14bb0601caf86,0x1319efde184b59e913f86be63a1fc26634481f69
0x7a61e7eaa98577583655bef705df3bd1ea0da6a1,0xbb4d9c5f040ec7cbe710901a39a6417f219f9b53
