0x0e54db73f82bd9fde34ebce53ea83bd197e9044c,0xd797cc06c8c91ce7f75637a24f940c4479573b9d,0xda3fb237d2dd73fd5c29a52f1ab9e1db23c2ec0d,0xda93f71e3d620847f8ba9edcf2488b8af44cc9a6,0x4ddf0aa6beb7193ddfd43b46bc2867d3f21acad4,0xd8c96bf7c109b62d920254870192648b060aa0da,0x810e97ef04942e4fa73d41a4b9d2fbde2280c361,0x8c4c44fd06f7f98f08bf6a9ca156cec9ee1f31f8
0x1dce4d9066d66096651ac07fcab324f876aef6d2,0xe042e11535386658255b80be3c5278e6bcff1398,0xe2e0f5a6c40acbd8cec92e474bfc18c2fe26ea4e,0x311433995c53b93cde15d13cbf9d2bae1ae34974,0x06044b5359d8df7886366c22c61c7ecd29becac7,0x73869116912153a57743054d0ccceb181eb49c19,0x25cacc2fc04a7da9aca7709bd008b6a5b7cddbb5,0x864263449fec140702d0b094d0b2c21f4126f7ea,0x5b073c32c6bbf4dd8da87005e16ac7ddfe077db9,0x269545c379169fbaa5a2b086f4f91c2eafeb34a3,0xfac4052be73deedb7534457b0a38514a81d12203,0xf2cd26a3db2dd1bbb2bb9bbdc2a37625fa12f3f5,0xe2438db969db43314040e51f95d425c1fe1cc433,0x8b807ae72d30fd8eb86b8c898e2476086d7df79f,0x0683e1da7859dec7f9e1c90986d6e4bffe31b8d1,0x321a1f4026c5d4c48e71c4f0f0d1b3f17e9d200b
0x24a7eaad0d7f13d1999206d8c22f926980a12ca6,0x031c537b4faf929a5762ec84226ed4422404e2a6
0xe4d89e7b5277903e5fdc4f0bd7ec8cff47bcce2e,0xe89f71e91dafec474ae97b8baa53029b30a5e9ec,0x1890a4080b6361c70c5cfcca70fac35d14ea9974
0xd75b7991611e4f47dabab6fa729a9d3b6e2a9335,0x82a00dfb0cc3531d813173b52ec193bf1931e51d
0x829148aba1177c4b6a6a3dbca3e165fd34094e1b,0x9f2645d421a23ef8e474616523c8bfcc77ae8753
0xb7ecde18b61392550c5d6aeb455614858110a4a7,0x3f341eccd6ea3a4ca1009c1c937ba12ecb8ebc77
0xbf4e8659bbbe9a6d395c2693c7db13abc4fb4f18,0x1a4839dd85ab1f70c51af5a3a97e23b3a352c508,0x4840ac46273efcede4ff92004d258a3208efc67a,0xc688d369ef117669d1c8bd716c30c2f15f1f82dd
0x6e92bc493c6abbdd6a1b18416f003de2c873ab50
0x35236118fd481c39810011412cdc642e5805722a,0xf6dd03dbe614d5ee72542f489c6adb57688428f6,0xbd64a3ee6c51f2752b6f6ceaaa7f3315425600f4,0x46c9df51d157f040b3e774f3c1023371fdbb19eb,0xd367684eb3a052968b7a14059620e044959916d1,0x4f0613b0d5b2a52e2cc4853c32ed58aabd561cee,0xa77b03ddaf568404e5e3ae5e811dfe6fa65a10cc,0x5767795b4efbf06a40cb36181ac08f47cdb0fcec,0x1779376cfe6f8f7ebd5a8e1dd56d4f98c0b625a3,0xf782e1c8d4baba12a1a5b3a4826d4b4defb7cb6a,0x4161b6627c179179ef13fff56b94e66edb26e392,0x9c75099c120fa48fde058e2b682afe0755369e07,0x1c33f2d31dcb0b99b7230930bde1818422bef4da,0xf6bfd722bd78e2c95cb88acbd6a42918952e72d5
0x3a7cfadd98ad8b6d24ec8ed402ee62cfff6fa0e0,0xbd07ecd9023db97fab5cfd56869c46cdfe91c3cf
0xda1ec362013ee5575dd30a62a4dd47e842e37c74
0x9333f0a30619426665a5b5a67995b6ff9bce4e51,0x610a12866cd2c63782bd068a960906ddbbe6e4dc,0xa9d43d5b22e5eb975df03f54a90e4d630f448f4b,0xbea1227932f34f02c54cf511a437d286763e4208
0xfe82e464535e086b352d5695532f19791662104b
0x4fb4f6eba3d35a033560beddf20213a2d7f073c6,0x120107165b53e653f5e76049447a1af3ecda980c,0x044c53d8576d4d700e6327c954f88388ee03b8db,0xa9a50bee762be2811a89188374a76087934fcce8
0x7834dde92b18759dcd8d4f5a6e8a22fb34832720,0xd4d1de3976cbadb5c0a03277bdbbcd8f80b2a7e5,0x90b35df7569c2909424d03b2f02fda76a746f3c5
0xdee3d59f11e3374aaf31e3ecda0606504cb6de02,0x4b10da491b54ffe167ec5aaf7046804fada027d2
0x9b5fcc2a532280e1f435c0bbd5d8f1b9cf6bbea8,0x453e85ac0f598cfc1cecc2ecbfb663f8c41c3a97,0x3f77d1f729b439da80264622deace480153e683d,0x25f5cd6f329eae5a10031798f529fd46505bd7d1,0x81cdeab9c9727cf54df26d849bc21e5395279233
0x1ff42e1807c2a8f8b739be845ea66cda8351f725,0x20b39ff4fb02ff39872dfbbf0b0f1cfed74daa8f,0x13952aa93ab9e183485e3154a811ca959a2f2941,0xc3ddf61960a64dfe58cf7221457da1f5e798c44f,0x51700a05a10f360456b34bc5cfe5d1540dc55260,0x258a5b736149976f0c9227961a3201e750323bcc,0x20b81c191131c320b0c18c1a58fa7288dc7ca1b5,0x25f35bc2640cfce6bfb6f9540181ba0ded42b982,0x886897377686b133eb6a2aeee25fd5b8b5dc9b62
0x46bcf2b24d0c0b6f8e68597f7d3926cc9832b441,0x4088dec9e3ed74558e4e2a62f52933c669749438
0x4cae0b0e66a1c55137df4a1175c1a612d44592fe,0xb54d8fc405c77237998e24eafde0e2ed9b197b83
0xb1d92eeec6f9f224abd294de643c94a01cb14e51,0xc5bfbb0dfbf89319ead2e060ed80f0372c715778,0xc867f47677fc0d4841f19c057a16ac64ffdd8ee4,0xa8adf1597697ac2e6a3c72ee0d3918eae4dd6ed9,0x3583f2e6a751140c3ddcf9e12bd7a5a4d8f93d83,0xbb8fb8fe5198f25d117c0e7b1b9c8260cb19c3c0,0x6f948f8bf0689c5cc5ceb2f29e62f51149919087
0x24742a5dca2fcc30d0855be4b10643ea75b97c71,0x218ac3ecd0d89ac08b577685550a860ed98b5b6a,0x71e92e5808ddbdbe5525f0d11ded2e96fcdb7fbf
0x94ea44a75236139b27cf094ab6c49b46650b547c
0x23589a9c7e1d1564cf4245a46aea8c2fbb1d1848,0xa742ad7e3c029bd686329aed91ac58f721dbd9f0
0xe8c671d28996c8b4d3f4f10566239c7095b88891
0x223d0d7cd70f13e743e3523ec8c1e3a64cd893f6,0x8be161f0f8c867a6e3b08ea1d81b5eda5e50ef6b,0x1a27c21fda37538729e9396a7038a1a95cf55dbe,0x5138286e3c64fb2f7464f7f56e3c1adfd5004987,0x00b123fd1310ab96818019091826009933efcc4f,0xe317b8cadae5c70a9bb1b19916c923f560047f4c,0x075e4920c9d99d5375916743958593fe9d51e361,0xd59cbfac2ca2662ad09109ff130d9d7d50b6eca9,0x3fb27821bfadd90d3685dccc0524f42f0c8451c9,0x55594d164da071936273fe2db25142578f8e3d33,0x20e5518de442f7a54fcb62bdb48d305d0d200ba1,0x2a6591c5173174126559916bf9fafc87d43bee7e,0x04cd2d23240665d7e1ced4b22694ebccd6ef4fb6,0x60fdb2a4beacc39d31b118e6e5f72984caddfef0,0x0500db413c88b5de8b8f1c9fa753e6273b923bb0,0x7e6566ed978d7f631e9147d53bcce4b4296834ce,0x8bfb5840c7ff7a9af72ab4e60be6d971bd60e486,0x9492510bbcb93b6992d8b7bb67888558e12dcac4,0xda5ca68b456b6e8ebca96d59d98412905335c43f,0x811a7a8af8261da8a2f09877a03da45ea6eceaae,0x6339ba065b53c0ddf02deadb060a62a83fc500bb,0xf6eac11c28f03d2486ad98f5b4fce2bfb834b5ff,0x3a4837957e3cc8927c5508c0327aa8efbebdebd2,0x100f959dccb4829677148562c397ceb37d516983,0x743937a5b9f225a795e730950dabc34b001014a3,0x8e05e2a2313cbf98ed557a68af1a8f0b291f9cd9,0xd892a0f840ed7112958d9634c0d974fc8aab7919,0x0fbb28f18531fd93aea7cf915ed4183a0a1a07b6,0xa208e8f856718cde4db6c430db8389f77cda1d3e,0x12420e4083f1e37b91afa0e054682d049f9505c6,0x55bea64f1def13200b5a5af021f0a00d2615a4c8,0x2b979cf3894304ca8e4c9ee663ecae1f8a232dcb,0x3301f3f510b264e7a8a7ddac2787fe76c59df6bc,0x6c85cef7444c0e26766d4018aa78ae53ad11c26c,0xa00fc49c6f6205d1809169bf85738961a300a2be,0x26480f06b944eed348ae1d31cf394bcfa83a7029,0xfc861a9501598ad62638133d3a8b93601126aebd
0xa1e27eada7ffddc092adb76ae91fb696f49ed88f,0x0824c6a8ae168b337713d00861fba7752a5392f7
0xdd977cd4d88690f74202ecdd391ff94ddc5b7eb9,0x1d66a32de869247df231776d425a324df2699050
0x35195fab081c9213f078452d60adbedbb2cc0b25
0x336892ae02978d5628a18db778c24faf69b669cd,0xb8e15fb344163233aaea2af325208b0d495c3d81,0xc50f416e30af7770096bef8d5322389df5053862
0x2e6bf088c0a96a2d83b7b3a8bf9f5c35228df704,0x3bb74335e549c20423f97cc554a7791cccd6b0f8,0x8d9d0bdca67eff5eb956f1683714ba3aa4136f8e
0x96f1088b349b832638684585489730553eacba4e,0xf4ee5e2c63eceeb455dd77631c3ebe47d6d4ec48
0xd05a2ed1a3f3d3b9b9e1adebc9c8272d8e617d35,0x34b63515b7f5dce31d773ad96bd1f01698b22fac
0xb2abb5b70132331e8a57189556fa0f2a3a22db84,0xc7101b7efd9326610ab371ecdf5d5dd9214856f8
0x4ec3c59c1c8cb0f45a0de64db3c33cb21543057b,0x59599213981ecd07bb00d07423fedf5932887511,0xb6467257131a92c3dda02ccdd25af22c0e7ef9e9,0x9f0b143e29d9056ffb7aa1fd985a24b839e86cd2,0x9d8f658bce43e6286c2733a51f3166f63022d0ed
0x08dc3a0718cf0f7face7b62dc860aeff9c26a764,0x5a5528737be91cf45e254c2adf04c86983301e50,0xd064b147cf47a43f2da9fc06c5aa218eb5ee754a,0x46210787bc45739b38634f35b938b5f2bcdb7f42
0xc0351621ecdd2bc4e34a904278b1f778b5e86410
0x8f30d93d11f75c82c0e70f73a2245ab1a5c14f46,0x0b58c552e5c7467a089435178b55faa8ec0a2106,0x02430a5e6fbd620b8087db3bac613a394fcd6f28
0x420a6c1c79a6ce31ed9dc1c4343310c97b378f83,0xe19176550d560977066b993c8a78ecb432d0fb1d
0xa83d5701207058a930d19ee73c9dddc410d10cbf,0x131f28ff041bd09bfbfe7c6106c258f1dde5989b,0x51abbb548bee5d3c0a7e7658de9f33599b1f252f,0x63d58cdad68a67493dae909ed7a93d2008dcc833,0x4626d0da9b5784284f01db4d1952a73cb2fbebc2,0x26c842d7855935005bbc45917a3a016b1b6ddd4a,0xcf29ae9ceb02b428bf82a46df8a5515aa0fa2d60,0x72ecfc73875d19f258ca3a00793c285d96da7354,0x9b07c44b448b4898e80c1458121e08ad7aa7f423,0xcb02a3257d1065b4c1c1f7a3d21ac4ad5c5b7247,0x5eda4b19d7325b84f33f2254da6552f605049763,0x50f753da659cf8b1f8de154c4985c19933e7979e,0xa9ee37e4414ebb155bc4cde7733388fb553732c8,0xa6ea86902726857aa4f0eedd50992470df81c56c,0x63891ba2ee69d3765a3fd7fc4e463da97fbfe413,0x78ed1a481fc2cca559048c17bb106e3b75cc52da,0x6ad7a5eb0d2f9543dca058b7e03c1310c3517e5b,0x677455cbef5f026447cd1a1065fb1fbc33172f7a,0x8e2cfafd67b305e10a8755023f6a176eb82edba3,0x3506a3618b667d59b459ddfbe005b89a3c4de3ec,0xfb8fcac8a5051a92606852ea000ac7c81dd0db5a,0xe2a51d3b9e20389c1347316a132237ca4c76eb50,0x9e9f61b9e5f1c811fa03c2365c61c9a7b934889c,0xff75e131c711e4310c045317779d39b3b4f718c4
0xbb03480509fc0de8f425a586b25524af56688090,0xdd2f0892fd0d39b1387c4cfee77b64828f4e4b3d
0x57713e501d2359b44f12c1f9fb9b3cc8d2bc4895,0xe3d1ed8c1e570f406b333c84d1cbcb5eb25e94df
0x6bfb2891bc3f5ffd3ea1ef737de41e28d14b8422,0x00c1fd168f0715f9cea4010d24c2a2624f69ceeb,0x6d1633b4c46733b7d209906051de95a413c02480,0x75248bd7b70a7e18367b31631a357e5f86bb8843
0xd94c1bef5975c5eaa57989bb5e149bcac6e4e41e,0xd365ca48fc37feb046476d33ac39c6024879117f
0xc894673a5de4690ceee5f03e7577ad27bfb39c52,0xac4f428a253bd0e58f659dde10de416c3ae96a17,0x48f5131949be8f9e0e130e9a3d201edd2ac67a53,0xe4780da9e02937fd69184795b05142aec3bbc40a,0xaef11c32457106904f49822f6f428dc3314bbac2,0x15fa1929837e2210667aa93e8b1454fe0acd8b40,0xd11321df2bae3fa29a8bdbb205b23783c892eb4a,0xc63ea4eca6833f5125a041f72f4b292f5781cbfa,0xfd552419e4e513fe71ae5cb84cbf34a7315f93f3,0xb3a0a2935ba66c34dfeefb258db01031ceefb4af,0x9999993d5b65dd7be99e5b3c4f32c874f76fc5e6,0x72cb5ad77c0ab5314f918315611401677ccffbf1,0xb571527c6c90e6ef327ee4f56dcb5bf37e2ad1a1,0x549c3a8dade1e08b090bc29484b91d32da9b5d29,0x53275b7f126ac231c5f36b9e489f17dc21cc7c49,0x1c90a0fd18fa09b9bdbf3b2eecbe16d9979e2d9f,0x7e4abd2959caf8b68c72b0e37e5aa876e148a52b,0x8c8ec7b8aed14601904dfff37d00200604114f8c,0x1f879e5ccb8cc5b5d1f3906fee2f16b0d98a14d4,0xd2fa75d47e4c6e66b5ba2b460a0bbec945612324,0xb01b18e29d0bd869f4522604fcbb051a61dc0fad,0xd5b15c08db0c74e589d5d62e7bcd4c1824073cb5,0x1f5b815e932b21c52afea4c5e3ca6cae243a92a8,0xc4d2abf7e16ac351267809036807cd289ffd0d68,0x1b47a25dbae9529bf32945c6eb2ea8b65d58fd34,0x7b12f28830d25613411e499b7507e26165800534,0x3701e4600f5d0196b5fdd78cb308e9d476706eca,0x50b6d08d61ac4a3e7710411ef769046270c5dd16,0xa21f036a6951973aff73df14a2ee7c5f1a943659,0x2150b05c8c97f41a3c3a852d180bcfde672577ed,0x6a06bc02869eef15837a15ba032bdb4866664858,0xde67207938759db23846cfd23094fcd951e148a8,0x48e821fa35378f198031b4cfd9dacaa224f6d0fe,0x1762629a93f86ad29bf9037de5ad36144b637538,0x597b45e8daed91c6b5241a1c7290cfac357776bf,0x528248206ab2f6bc709ec14166476e15972f7cf4,0x46e31755339495efebef5e81b9b5497e57e06148
0x3d19b4bd93c7a3737b7cd4b941f8a7608f276952,0x93cfc95671686515bcef11013f424f8c9daab1ac
0x72e56e5b8e8c9ef162452d3991847a4feabaf0a4,0xaeb2278dc379a73008c3039aaa6c28437d62656e
0x262e36229da29be658b7f950289bb5a4623ad9c4,0x53134fc2ae4a6ba8def13a4ca2a8fca7976db6ce,0xa3f343ba4062d4840a86deaf9babf0e1a0d30e0e,0x0db8a02dde39d34bac2c11d1c01c4fa6bb485573,0xb91e477498b7b92259f7be4ece9aa661b9eb0496,0x7d03358ee1905ebab616bf0c408f3d7c507e50f7,0xc4f3a14f53669d732cf7249385163fb41e6176a1,0x171e368e9315bb41270ef62936fdadfe9c67121b,0x8cbc7327b5fe2bce2c69fdafd58aeae83d349eb2,0xa2c90887103a2c3ec5f8ae39086bdee7d2fb9507,0x80cc263cb3fa1be2aec748b3811261c1e2a1ba8d,0x72cde6c4754b0cb8f3b636e90a749a5e59f21290,0xa9dc7e871d37a964d7e25737d7c1596485f43a8d,0xe135f2f57732fa6f46c05d77fb10300eb1ad0ef7,0x7bcbeb74cf9297dc3bff964478bf8637f61c30a6,0xa6daa97d5d0135f174a52cc06680ef32ff7d2b94,0x190417184a9a19386c29022399d6b291fac6c92d,0x473ec7f9709cb1d6cb49b9c479f76527b8f5282f,0xf124498a045a8842f8d695f72cdca35b422a327a,0xeb66b191f658db14bae39c139ab0f5f7b8c479f9,0xc871e2388ffe6ae7b90910a0294dfd1d1d5cb4aa,0x44141506d5df783da4ef92bd9a216e3fb2b2a287,0xb59f3b5395c06dd3aaeb54302a55a292c332a549,0xcc2e601f4e686366b7a0a581eae4d26b0768f4b2,0x837b42c47d602fd63bbeed55a44e7cee16b12002,0x541d54f06d95deefa2d98a39455e4e907b27db6b,0x74b3107530228787418483f8c6ee37af0d666666,0x23bd23fb2ab17da240f9cc7a4bcc8992484aa10e,0x8690aaed0aa91d362737ddab57db28e0ba14b219,0x177c385f155b4644701cfdb9b528afa4af444b7a,0xe984dde211bb6e29a25fe19cf52b7691ad851cbb,0x8e600eaf55b66320004e06bdf4b2bee994de3b59,0xd49c5ec1beee882689930ad1578f4b45aedb3691,0x043b55ec2be886f54ed56908a1b53e6f5b24e92c,0x3a93858f3339982a3388cd169acc003e25d50151,0x73b61b168b160adf6eb0380c84a52f9ba4e0273c,0xdac570c998afddba565df1c2a22effabe42183ac,0x8888c67239a1123f80a7956ce16559661bf0151b,0x96f1e88a5dd80edee1ab6f5ba98b84d39712698e,0x5d0d9065c7610d244e2b6ceffced48cb8d99728e
0x2185198a40a73545622d28149f1ea801cb95200c,0xfebc60d6cec0a98808e2320338d1dde55f648cc7
0x491aadfa827d90824304a177988af16ff75ba2fe,0x8b74db81f84338516ab38f3ccd78c315bf3d5147
0x2e0eda8c29d40690f0546eb940d75cae0edab340,0xaaf17b87235365cbd06b1fea954163d31bac889e
0xd6beb23cb402c1c6b1d43a2917e4bd898782a7d3,0x4f9ce25d7f9e8b79da811f14de89374931629e68,0xcffea940ae53725ffe834895c79ce3d2b5c0ff86,0x1ab3087e181a5cfd09684f38d3412597d8df4f1f,0xd7e86bd77784217324b4e94aedc68e5c8227ec2b,0x6c435c6bb48bc5b42ff488f0940701ea744b6910,0x86df2908f9bd3a122f014ce008754b3136eaa688,0xd6e8caba13fd89fe5968887906fbe7e2a5f4b20d,0xe137a0ea3c817baf647f0485f50e367b87ea5c4e,0xe9e9895115c11e82b05849028562e3b067a5db58,0x4593a9d86d8d7cdc5b4751e940d59b7da8945478,0x3da5e85cc4e412101a722447254ff1599e8a8d6a,0x63c16226cecb8459512257f31f1422121d506932,0x4a0f4c54ff6bfb07c8a4f8246749880914da25f7,0x7eeaf08ce4a88a897a7619523cd7cf31f83c964d,0xfacaaa92d1a119a6735fbe358ef082fb964c5744,0xef9536380cc49456eef70acf99996513b404da9b,0x4abc19f71bc4e0a09cd489768dca0e9dad88d657,0x9b9841cd82c0a7d632497965950595bcaf18fd14,0xb1dc0b1776de0c92874032d43b803a46542ea061,0x2c011a005ec67989e4daada1738b04623d787a2a,0x85c59b6096116b6ff1c65614549d347ed58c8afd,0x85f0da46b2509540e3d5e790bf5fde1ab9f135cd,0x20849e6bc5b8bd4fa11e28917fa548697d28999c,0x13fd940969a0a749df1fe43979b9610bd06f92f6,0xda32d2ef02f13cc65c25ebf41d6773344fc1b495,0xa58194e55c97fa5c2677abcf01b7224b1ddddb8c,0x04adbfab5cb9a975518c653da15a6d9dd90ce920,0xb03dfef1475b1cf0d85d4afb4df960fac03705f1,0x0fee2cf892724a9ecb99ef81d070b700c52728c8,0x7b3fa1f1b0cffcdb75db8020246c27fbfd1574a7,0x5d31b66a1eb2e67c0ad25081cfb1ee5317af03aa
0x9eee3f0357fe550dd844e3ce8df2312cf9aa8ef1,0x9dc8fddc2957defee7670aa583176762e6716032,0xbc12c4589f709de3de3d745f6d6d7d5e2045b3d3
0x0082a304cfed34a927a1a15397463fe978b1e832
