0xa10bd46743cdb6693abd1482a44fd5d3b7f8a1ae,0x75b4043c8ccfc1bd88ba78014489c9ae54b62d76
0x0014971dba5b1481296e6abdd7234b0d8474bb8c
0x98db6135347bf6d2011cd78720e67c5d83b3b43b,0xe527d6649dab61ff51caa105652de9a28112eb58
0x51940f5f8eb0bf150edd0bc00067d8dabdb16bd6,0x07c9ceeee50cfc50f4283e8f0b18a207c2bc4a0d
0x469136b018a816c42f0354c5768fe2615d903ead,0x523c8b962707252201fc9289289081507f58af4d,0x4018ce27ede6670909b10de111dc343395110fa1,0x99ed04c212dd3929e9063bd78b26ef41858cb62c
0x1c4fbe89d825f21a011646429425deebfdd71bb1,0x114159fa791f453a235ed79ffcfff7bc2b445672
0xcb95cab0d557808491a0d498acae4fb37277da00,0x1d9bc4a5db7421be62743d8809c777a503861842,0x91c08151497a76ecffa9d7510e258f73dab62107,0x7a2413fd81a5ae4152ef14e9667bb34628eed410
0x0ca2e58dbd1645b38a999e78113bddb2c532fc35,0xdec00a8df45f9cf321636340921d3d9c91d23723
0xd4e64db18d32c81158906c9b108423a748b8182a
0xc44e4c49ffa5db98ca52770dff3e371ecb01f2d9,0xd5c7a71108999ccc0750d5373c113aba0b89a17d
0x8aae976f451280409ec273015cde282cf271ca66
0x007d2d5c4d8c4190f8ef67e35b24f6a79b946170,0x14ce3cd1b00c34967bdf9c4d9f091bbfa198b9e6,0xd45cb67fbe9e98e8f2ddd02472c330c54001d449
0x3c3ae1c9c3fd6c5638444bb3af54bb97e206a668
0x8aef319dcdbc0f1cbbd7d839ccc32cb13a75764c,0xd4787da40c18aea7207f2b319b683fb6f4a7560c
0x5a643ae084b12a3907f379f3ce9258afab57c746
0xc86a58c84cbca97f7e949841ed40df26031cf001,0x739be090cc6fc6f24077f30ef9e5cb087ef0739e
0x6b6e65114971489b0b651e7335758e43c736d7d2,0x321a1f4026c5d4c48e71c4f0f0d1b3f17e9d200b
0x15185a07a4f42cf3b39b6d143ac485f15a695d84
0x28252714b6a0b72f28284780209dcb95bd21acdd
0x23c1659b3799026c3dca11c2209807dbdd73a13c,0xa9344ac5a4dc61e42527c516f7231ec241e3cf98,0x5df7f1fd0f379fbe5072cef163a578fed1d89f8f
0x8638d27416b743397d4716ac957dd3c2b90add3a,0x6416d7a73f71e5288ee105d5e1cc69a93d7f4835
0xb349ee9a271921d6606b0fa7748a15b1b93790b9,0x5edc421f564d7ecc4b260e2b711b9a3a86c7ef58
0x512e07a093aaa20ba288392eadf03838c7a4e522,0xda4e72e3f645df924067c2ede65cfcb81f960b40,0xfe7a7a0999dea8953244acaf78ca188245e167b6,0x9b92577fc4b1327131c7c60ce13a03b5d19bd731
0xdd1e85eeedf828cc025753865db67e979cb97044,0x74257686755d3986026f8b27bba2484883f57429,0x301b1b7ad486f04ed4839ef414652b7a4d78e7ed,0x5de49f22bd8448911321c3c1b37163cedaf43bd0,0x51de999ebe1ceb7c022eaadd07417d3f59ae1049
0xb0e87fd98f5152a8628e3ed0d5cc31f1db51acd1
0xe4b5609eb0da0cbfe1fc521aee6ca07dd400a778,0x3707327ef56ed48844820bf31939aac246796152,0x2c1794c73818311006a58b34a4baf74a48519172
0x3842b243e56d08ded13024db6b18eb87ca7b8ab7,0xf9887751bde413e6d3f7f75fc24d88da4794dbcf
0x702eccb2b9bf886e27b0698601dc735501b9b546,0xa00ea234831de1044ecf01f45311b8feb695e361
0x5ded8f5ec1391f815a5b5b26e66d248268911df2,0xf7588e69dc59b992a2e72d1fb00ad8eb40493855
0xd1373dfb5ff412291c06e5dfe6b25be239dbcf3e
0x30c7b58f73938dd09450518ad445e52552bcc3ea,0xf49633e31b0b9dae525df56ebca2a00aa93a5fc3,0x6f6f55a9a9ac382f9c125a34ae2f526645e551d9,0xd7b1fb52d532f476e7399bf823a520a6b70f6424,0xcd8f47af0c0d3c516579ae0bb3664df5273a2aff,0x0278ca7ddf01be0939663e56f8b66173192c8e0f
0xd9339ba575fb23a429eaadbc76e622654b9433e8,0xaee0394c675727560f78457d5fca518b4cdd6cd9
0xcefee40508f046834d156aa9cf7bab3ed4935166
0xf7b59e0eb09e4f0ab072baa5ddafd1d3f052ad2c,0x0ac5f36b7af4f4415ec08f9796e93f8b0ab83e6c,0x8571f7f68a0d41f0495d25aee16a34c353bc1b1c
0xed7b1bf40216c27ed1231cccb4bfabdf973d9808,0x1b8bea8aa54b944fa13dfc8c4f11fea4fa7b6f02,0x1b93165d6892057e11ee327c2c9cce8c76423551
0xbd23e59f032a6502986d0ad1fb60173c08d89e9f,0x5d8a8764168fb32d7d0ef1442fa5562a30973fd4,0xbc472bac84c00f0e4c8fdc8e04c52146079f506d
0xf372855a2d7b3af06cd6178d6b28010184f9c569
0xccded884158e192492e1d2e522cd573c4a9903c9
0xd00da03890cdbe389e2a0710c63f33dfec55db36,0x142be94db34dfe1d3b618de4e0abdde3ed393507
0xe692869347b9b18ef2deed19ae1bbace303b52b0
0xbd273040b8006cd9dac913b0fd619651c9573002,0xf80c569fa925f747256d088c4adb24adb9c1a44e,0x6a9260bfcd64b219d75da53ca59930d75f678b6e,0xd04d16d505b8f08005c2d12a14b01fa735a7e9bf
0x4a21c0056105b8d38f1ed7195a698d887b7e491d,0x17376b81dfcf6adebe807f2a0de0cc8f470dc5b5,0x038bd0365739535f5968b58d9c029187777f70f1
0x22f755f93b8091362d39f4393ec9e821f8862848,0x6984aca9593aff6151e3d0a3a358b86fbd1bba1f,0xd8e0016879fe8904988315317e622e48176820b6,0xd9c71cb831e4bebb84e64e7677d6c46245806f82
0x624ff98976baa1d3e632079cbc673e5eb81862e8,0x38f2cb1758d908972a7b5945683dd1b1e2f117fd
0xe5a8d5ad562c78e8c3f9fea7a2f898f169c6c729
0x4d2e33c28fa59a48bf5c570c2da296d0153951c3,0xa80cbb68abf1bc4c94a2cde44a992f18796800b7,0x857a96b09a8b84374c54ddc4bb7be1742436c40a,0x42af16d5368f7f8d8a8f37bb56f20bfa77977dbb
0x84c435cc4933e264a630fd801f9503b13f0c46f5
0x6cb193a3d3ed76ad1c335e4d7af08f2873317d00
0xec55e632a4496599b2b7090796747264f8e9e1fb,0x48090e2b07518cc833bab9e97bda3356c094ee49
0x4771554ad18b2c9cf17ca70177b9d2715932c3b5,0x7a0d32cdd4511956d7c751a7bb7beace2321e17d,0xfd4fbf30881a62a96de7604008a4a98020abdc78,0xfcd6a571fbd33582fa48b032352675221f92b88b,0x88092671ddcfe4cc291f25768e9fccb547306b79
0x53c9845a7cfd9e7d68ec353b3474314b05dba0c0,0x7b1538e6bd79fdcc0932214a4816c64060374254
0x8ed38fabbb8060911dfa5c306e52a2323f726004,0x1d62fc2b45b389fa96cc282db8e4ff4dcd64cdfb,0x9bb6269d2fa7a0c7d5f801d75fcea9f07235c650,0x391882c296517ca3e276163296f4253d1fd4670a,0x92fcb7434fa3f9467cf3f10f127cb94da1fb5e78
0x5fce79a003a747c9330acc407cffaa0455a86368,0x958b66b108e225da5eaf96257efe66ad56d93c11
0xc8de5ac78074e88c40d75f6cd9fb3da964fcabbe,0x6f3e9bc5a68430145e6bedea19679f4bb8e29089,0xe12db68fe5632230598f1488bcb37d25f1acb44e,0x8464b0669ad58d6a44e6e47606bcd8067f15eb6d,0xfbf11f465bdbe3c933082b7c56405bec70c6650e
0x2bfec5f4b7596720aeb203075bfc7d1153214f0c
0xe8160ca356ccbcb16659d504dd8f3713f57b0452,0xc563b53b33e97446873d2a800cfb2923c9981202
0x2c54590b7ffbb8c1e56ef0158bbfb588ad11713f,0xa47b6494f8d17ae433d2933b5ad27f5fb0f59c95
0xf470f1281c048674de6d51aab6d032a442073a40,0x08d22cdab59fd281a5be0555203deed477125248,0x8b2d9f9b9f9e569df5d952937ec32034d344dfe0,0x5fff9c8917e9203960d50bfe24da9705fc726510,0xfe2f9247bddb580cc57d39a37e9154efc9fe951d,0x356f8865ac037de64631bf642c43b09898d30263,0xc80550e49b2af85ad3e5b2b14ab82cec594a4372,0x89826850376b61b2ca302380bf255dea61f6a25d,0xed6488b0549352b63a9174c326f9590914c958a7,0x79dcc2ff3174d1bbfe2f6be1439bebda7b90b40d
0xd48d1360094d41c2e994fb95f72a9b49821cfd2a,0x7d7424021624c99bef715715ead67df43f975b99,0xfa55d9bbc5352b456907789b647f336acc4887bf,0x13ae4d46b6c1fce7e1e746ee0094463058f94e64,0xb3fa6717364adac302fa43c999398edf9831d09f,0x0ae5d12972a78210a267b1d75427650f7542cc1b,0x108b6929474dcf6222c826a1db15390048f47729
0x84e17080da256e4d4281df685ec51d4a3d0022f9,0x4da2e85d64bece663ccab06e89b970b6b077f22f
0x211b6a1137bf539b2750e02b9e525cf5757a35ae,0x674d268f06a746385f996186696cbd81df3769a4,0x4f0604820e8ddc0959bc6143196e3091d02f061c,0xf7a22bb09049bbc7706483db119dbd15aea97b5a,0xde9afcd9e522505bc1f5febf24ed0ca783adf697,0xff80d0aba54b1b89547e029a76fe93e7807d8ee7,0xeb74120d62bfdf43c666751a5130df020e583fc1,0x3bd189a9b1c11684b08f6464866dfa431362a06e,0x11d6edbe6a1735505f4920ac917bd7fc93335346,0xa41164009fa1021ac3cff34813e461ca445d0712,0xea97be92160121a4ee95a1be3fd61c7e663596d9,0x89d2495fd1d327ecb7fd420447d460e5a92e6dac,0xc41a30cba051870f71c5e76f33eef6ab2c7f8f2e,0x08e2af71db66d0a64136be9d4dabb8a3334f152f,0xca77dc47eec9e1c46c9f541ba0f222e741d6236b,0xcbaa8ddc4b3ba61e3c52f4a05550f2c69912e0f0,0xed158390268bbe9d2cc450acaba2459c02bbcb03
0xce476fa551cd7ddc42c686a45dfe3f12d1b1641e,0x15bfe15011064d6d62aa3547965632a7e983fb5e,0xaaa05be3c5573a9c80f75d606e18bf22ef857fe8,0x3c0f8f5f482c624f53b5d86266b9682d9b1e0b6a,0xeb23bb0a735643d84bd14e9007d1b93c35022f53
0x664210374389ec6b8dd22ade3103cab43d9c3e31,0x1aea23f50ada8da047951fd4f19562bd6d2c3b50,0x68749e43750e042a5e2436f39479d67d7e25a2df,0x8e38f9c992ef75e6a49becac30f654a173f55a00,0x106671600efe9bee4ea88582b4f5e246d2d62cca
0xa447bb82a01c7975241540f9b648c46b9eca2775,0x6adf493909045dea5d0f0c7aa3db61d01808cd5b,0x542758aa2767de16d4bdba7145460e59c2a5d9c1
0x664a25863cfae1883b81f4a16fbe4dfb57fb98b9,0x6fcf5757b3250dbaacfe334e0a37764e44edf09d,0x62caea1df87e7f7815f9f2b137830e69bf199ce9,0x36c7a7e49d2b35a774985d54aece133fbeded5ce,0x0efb37b4923028395f25f2641dde4a09ce23c25b,0xe84f2d5119b16758f16290c6066de288b899d497,0x1dad4f2a8f42b2b873062d2621c8ac39a277a46d,0xb1a9aa69acfd50af1cae8bcb179d33f157fa7bcf,0x35cf373e7b993cc85d1c5902599bcaf53b634db0,0x8d1c5947a8e1cbb9bde3ab07bcccb72ee8feb194,0x5f05b84e2744c0779ba46eab1fe828487160474a,0x9532427e82f782a532475b772e90b487a523bbde,0xcf1994abee58b73a8b4c89cfd61f1b1596f0d25f,0xc124011c41e90aa8e666556d1122caeee6e83bc3,0xf28e267c9a3c14d5e0d5e957a811cf10dd3ba24e
0x50d6e3017429d31cb3ca53677a37549887395cf7,0x016b983ded2dbd1947064e53189dbaf069511ead,0xf59ec4173fbd4850cbb8bbd0b719c8fd8b7090a5
0xc5e287c2d54c3696c7b3b1ef912e71aa1edc272c,0x7edea5a4f38e6cdcc0f9e9dab7afe9b56bb3cda7
0xaedafe55cf323fdc81abb44e21ef66ace5b6b466
0xbab4c03cf02176d5b7befd290ed09d5a5cfc0b2f,0x3e9b33a1961982ed0ee19675281e5d8e7c1380ea,0xd6728fef9cb6811af40d2245b8ccfa73689d3d40,0x13947e12cfcdb8814acca5bec5718a397ed5326c,0x4846dd851fbdf75ad5270a416ac81332ab5a54a1,0x300d70a1ce0af8f2c7a3b1b6e82fe09fadacf730
0xcec783f149999e447f71549f4624d522a7644fdb,0x8da186b2120ee557c707917a0af656aecf2f580f,0x8717fe7c4c99f0434f4310a50b4ed8465f03d8bd
0xf97f9277bc1ee726cd321feaf2bbef8bdf99f88c,0xc180dfa5a830bc53e6a70c4220e7882412c83490,0xf3b245e2ba6b85168449f7893bb46b629b334f2b,0xa22be6606029ee92820bc0cf737065c9af27b770,0xcc4b6e78d1fdf9de08842d9c4a864833f1d21686
0xebfcef1eda60358d7e0e81db5bef89dfaaa5f3f5,0xf737cf1a705c8ff6ac2592db084b8fe3c338daf5
0x48769db6ae584efb50d0980a735858b63e69c760,0xbb29a994f3ac91ebd27c136adabbc4b90d56909c
0x2850c13d0e24793f5b6ef4766f30a3f745c0a8b9
0x0b5864fc9987a8cf1c68cf0ecf66b9a08e8d454c,0x3b864a155f32dadc69b17c1d8ec9d388288f6a68,0xf84c20eaa07f15b8d6dd3ad1775052ba14d9f6d3,0x135a9a40ab9169ce56c81b28c7e04cc349b8996d
0xa29e8def8b7c1f6c922d3523ef29d893137f40a0,0x3dc49c3652abfc2ee736a5ccaad254998998e0bb,0x7cd27e4390fa8af0ccbf94c67be748240a43b43a,0x2a21930189261611705d7a395e742676694c78d2,0x7ff0ed4d724aa2a71494bcf017de59977da21cc9
0x65a2a2a395e0cc6526dc2a1bc4662516b7200299,0x0b3829499eb3c0c8475360fa69f8c57061494a9d,0x32cccdf36c2756a282dc620977188c3d8561d5e3,0xd5af97d40ad673fd90c3824dbb12fc27034217cc,0x5d56b63cb6f78d434687528ea0851d568345b880,0x7c1b930fdfb00aed41811b0a632c4f77666cebc4
0x9389d9e95f8d409b1e6ca7085f0ada92e546ee5f,0xd442deb96b90e3b3135653705c3ef1feefb346be
0x2e9ede5afe0041a7de61888d9d7b1ded9546d4b7,0x9105356e10c996814b87b8961a4c7b38ef8f0f80,0xf4371454e07a92eb192e669a846e54fa04810a39
0xe8bdcf9c742faeb9f892fc81b4d9b75a97d51b3b,0xf11d20f82b9215368646d7643e23a50f305d7289
0xf369af914dbed0ad7afdddebc631ee0fda1b4891
0xc5dca91a141b71aca9d08cf7250b4a099eaba083,0x325a9232de682833c303701df6cb0482ceac5dac
0x473b9ee8e6510552bbd602caf7d07c81a7b36258,0x6b1db50555a2896746735a140ffe2d29fa9c7f15,0x91473aa589e79cc54b19b4e3181068c90de7db9f,0x6e88537e73c2ec8718e13c0f37923fde6667b504,0x1a141147c83d5347237e5a39fbe8d357ee8b707f,0x59eeddb0c1d47886a844d060e12259b199a11691
0x70859f014d03f4b51370ae78f0326764077349bc,0xf4505b29cc91fc3948e1ac0deb484a79000cb8f9,0x2777d2fa01ac51095f7ccc8c9cf0aba88652f3af,0xb8e884a7b3a03bf9ced68cb82fd42a6790f08623,0xf7ede160da5592fb87320ab7fd81213c12ed4215,0x2374d9e52eb9085cf99fb57a9a0e5c1161983eee,0x4c12379d32f529c91b9a46b75b43be70e095e96d,0x06b3a90a14a10120b89afa1f3c3019dcdbd9cca2,0x203e6d007c2d634ae9871ad1536cd51576187b44,0x91c3f47dd7ca8f3c51dacc483be634eb1fa593c9
0x76bf6992cb91b2a3b77dfac8a390cd96c8a07ffa,0x5c2726d3b71d69138d3345897bb7bf8d02594394,0xbc047609e32df80a6be7ed8fadc887485511b27e
0x2b9cd7aee56cd896bd33e704ca81fa22dc07cd88,0x9cf11abdc553318ef150ffee34a251d086c1724f
0x765e222d76469cb4bbc6db68cde300d638648571
0x8daad340878e1cb1c5d194469a62b980582fce6f
0x687e9053a928186cfa96227f98e87569e905ac4c,0xa4d20c7303b4eefa65d3d31e775ad3bb58cfb178,0xa7474f321d89eee760fab65d14bc75cb94288217
0x28bd78450d2684f517f9da917c4ff3460fd42af3
0x0c1c7bbc1302f83232eed08c6379afd1e840bd9c,0x9984426b7522cc6df7c81b1249cce1f5db63ad35
0x26a242a05828e0f3bd8a703b162acd2862bd0d13,0xaaa6390632672bf70ce36ce09f7669d18940a55b
0x2c0a5278ffe63fcdd1b57e6ed73b04215c42ba97,0x87983f844d308875430c21df01b919a953901436,0xef500018fa9348b9c3221d61fcd08eca6232616b,0x3316671a1b7994654c8a59ede54dd55a8fc0e434,0xedbb2bf2c32ae21df35cf614a99ba0bd0d728753
0xa26bcf7dbe77b69f40b5e70f9fd003f428f9f971,0xd73c166ad7a98c2819fab36f65bf038f4d0337b4
0xb210d9afde9cda1b8af0d260ad8602f5134f6cac
0xe4d9cd5eed5d2fff9a98434c239262bb98d2f628
0x53e9bf9fb4ab46f853e40afb6c737f719e7f2a16,0xa05d28227a349cd18adf4121cd70c605e0cbcc7b
0x9133f9c9e6096da5225eb7d2f4a6080dfb12de08
0xfb45136e6304ea9cfd87ab936e1111e22eb30425,0x380bcd10d0b6bc28c2ca14f9508447b9e2dcf2d6,0x67766eba61bbe154978a221cb892f37475d0cb90,0x477ab1c1f81884507e0b1afbdf48a9307ef94c17,0x4a1951b42a39e7f619e021a98a5a6305323f8643,0x55616982d9d57bd6a2ab93c3536655b830588bc1
0x3af148daada1607246aa28681f81c6a56e5b01c5,0xa846f97198b9213ae9af9afdd2f4e7bd73652e53,0x5bcecfbd77a9dd43b018e6f368d7bdd834b18476,0x95f03d2c1d0c27252f0b8d521873c6f74d29025a,0x20fc56779b671a8830066c5602a176873a281a16
0xadf00b10db914808847d45fa2a22fb12a3faed79,0x822242dd9623e6788985b3b3c7a1ad631022266b
0xaeddeeb74a18510a7ce945e88f037e7b37aa5587,0x61c2fd78e307cf3d71228453e08d23b0ac1c173e
0x79dd1b3ed0ffe55eda311ef0bc1cfe16512843d5,0x71966d861304b7d4160704d0ccf1befe6cf5deb4
0xa0c82c9d9300ca64a5727934f343d75badcad7b6,0xece75186e4bbdfbaa4a7e5ea96ebee465dcaf187
0xa186727fdaf90cd7d9972572e32c618ce04206f8
0x1dc73947722a40d524643eb3bed2f6fe8ddcc16d,0x8374d420d729dfdc4c246939a6c61a41eecfcea7
0x23170777466de6046ff42bd5abcf525077e3ce27,0x47d5a2159b5d58ada6ce20177c1a060512f95d79,0x498f75287f9318f1e0a6acc6b1642f0cedd8c5d8
0x2ddf97772fe45031cc54247eadd3d6ad95a7161f
0xafdf84f3ec05a4716ad7ac55ec1f3d6584a92cda,0xfc68930eefdf633fb69c708e7751829edbef4d00
0x21c96faf76c1aa4d69fc8eeca80278bf16ec82ab
0xc530dfca6ac82582c95914aef1792fa3d332b9d9
0x3aadcb0d88d8ea25800988ae082b22599ba67f3b
0x608dfac245aa71becf9f2e4c4941b360a7fed25e
0x1ef4af2dc6a8508ebb4335542f784b271ebd486e,0xdd8da74ba84bb8b418c7337a2e57560aa2583646
0x3f24b9d6a163b28790afa4401f8f6e28263641d2,0xb0088d3eaefe2958f940f3432c778b0787c67392
0xace342f719e67ef53e8d116ba61f06fac742b3b5,0x30d9605c1b68ac76000184971a9ee09014113a24
0xe3e59de25c98ed4ff9a7b3041b300cd4fe9667f0
0x0df12a7a79b3c59208e412aa119d776ddef08046,0xf0ad9d5579bde367bb32432f3589dba5ce0ad575
0xbe566a8822b88d49748a8fd2648c029e11572a6a,0xfd9f84ea8bdff9780a24d87dcf009074d9ad6e9d
0x947d074ea3d290d93c7d7e879e9a9dcacb5f6419,0x04cfec3a37ec06576a0589ff2c9ba267803e0f1c
0x4bd88600e98203d4421b92844c5ffe04bdb3a6dc,0x515185d6da2209a1809a18eb49567724de454161,0xd8303d2608db3f793e0e20b936dcfec4f98b9afe,0x81fad9d74fe1b24541b111861ab323d2abdb44e5,0x96c78efaf9d1f526f6b8b2336d1f93559e0e341a
0x028e27a668f7f71a1b527c65d93be3a1c01db200,0x42f5ef4fd2a268ee8a23c655469e6adee6102f3c
0x8faec0693d36ab5d67b85588fd09b6d5690f7737,0xfff561aa4341bfb0da5290526d59bd77ceb56471,0x98bcd787099ab8b08b369f94edf211906bcce03b
0x5fa0f1a59481a2ce25b74607255514c1bebb59bb
0x3091f705a0dbccb05b5180d11874fcebce4d177d
0x607bdcef6eb1e056ec35a8f9e547f609a816344a,0x2f736134bca0171241c76dccb6169829f057fccb
0x92dea440deb7a1a1846ccc8bf52686c3d5b6a588,0x5e0293b9a6baff0a022c8f08daa92fd44b4c5ba6
0x77df4fb338fe95e0114635a974e2280291e336bb,0x892ae89054cdef0609ac52f5c790bf91c3da1f47,0x30d40310337d0c6dc729b094fa38fc8e1462f317,0xc738fb701b6b46214845b3a43b29b84329fd4bc0,0xad9d027b9e843aa8a14d26f03e66e83265a00f55
0x1c0789f05d3559e53f02feaa4239d49ccbfd4c97,0x7cf904b9db310ee1924626b714f8ce2c7a413154,0x6edc7a0e962c9d2f8a2a1edb6148ce04f29220c4
0x7345c51439d1c84949f56a6ad0ecdf3f3f1d2be2
0xa85431bc2a23cf6e0a29feab8b33790f7a35f40d,0xa811431a4c5e63c69b84bec50cb23339841aa12e,0x0b91f898992bd62974dcfc2fbedbf848c443be99
0x77144cb43e4e8ae1c351196c6513813c44b21f99,0x20026d0478e17ede14811f755a98c21b236da44c,0x015424710c13d7266bd9df1842cf0afdce00c29f
0x6014ecd4e703ea254a21d67a11bf0813139da89b,0x67bb4b0a01b69da291c644b53b82d46e0c5d4939,0x38d0bde87e0f9e46193feee83a71afee5eab9f22
0x405ed3c0792e2ebc3e1685fdba56a55a9cf2dc13,0x44d72b5a773332935046c62a34a9f1dc072d9cb7
0x8a0f2988c96793fc0b03649dd986ae746a53e665
0xd582b4084035ea4a574a9f57ce4c41970573ee98,0x635a8235189d62e9f048e246bd8a240e2a7bacbe
0xcdc7a0aa83eb5f59aaf1acaa72c8d96cd3fe38f8,0x7fd0c97358860646708ea86007bab94d0079fc97
0xde6c77afb9dffadd02f6e2d2fc7e1893e39e8257,0x5a043d89f51dbc8e957a39fabfcc162209b0425d
0x8cc32b4cd9ec964cfad070dddf584c542240b765,0x3f985a322d245fbac915f3ee57450014b737b1be
0x2e7e01478de9f74f5ebbf2f7fce25a41d4f9554f,0x65dccbfa78d2dfaf9d56e13a92bbdb8aac5b8eb5,0x04bcd4562a51a492d6e534f34df9d0717d98643a
0xbcf862fd3716b016de69270ccb353f3a3db79e6b
0x23e5daa9ab99d8b5d993712adc2ba0628bde05b5,0xcc3ed7168947c788caaaece264125429370a8d2d
0xeb2c3d76050ffeeee14021962fe8bf90ca995495,0xc596ab25e30c5b31136b702423638e83dfcfa750,0x9cc6e5318aeb3015b223d261af48dd5cdb3a0d73,0x2389621a8c6c6e7b518715133ea938a9602144c5
0x3ae4ed7d9353c785ba03fd9a67b9914b401f297c,0x47f6321bed03eed03005dd2865e75a2703ceeb7d
0x69bfa3636b6622201fbde8c519baaaf8fe6f914d
0xf0c7249d9ff9087c8daacc1db5426b8c2ebd3f14,0x49a6e0a75cd34cf498e37b18c88e3ac22d317972
0xe8a9d598ce2285e10965a01db74b98182c03ab05
0xeb92920763971d9c77de5375e0e7f934c1c9f340,0x1b7ea7d42c476a1e2808f23e18d850c5a4692df7,0xf63009f2c11ba6943bdf79d1161e968c0f82b481,0x737e90b934fbe1647f8e53d0d51f61916de1b667,0x21e2fb232e9fc401201e34176cb5eea01f28c854,0x8fb265c9566655c700b6a91e7c484d93e0175889,0x1c000f2e7663363712731e70416da756fdcefc31,0x3b379765a9780a4435b744176ab5b3ed78fb1628,0x0004ff85a8daf0a7a6cd069a5b38508b9b3ec0c5,0x03af198dc04505a7210ae1e87d6d1d930f7a748b
0xf3f9477410474da5139f05322d7141b480fd9ce0,0x9cb32cedc44d07006cb2135e55e1cd5e5490eff9
0x870f6df1c28bb9a75484047e5618ce9da7e6fb69,0x7f8a8220db0ad3e5404fb2d64862fc5aa146dd8e
0x22b6ed4322adb523bc6cf785e68dff3de26a487b,0x6bff2dfba4818395633791d7f874b6731062df9d
0x8b7efa982cc3bcb4b7e8cca9b809bc323af4642d,0x18a6af6f473e8c3344c2349c7ca60aaa701bc2ec
0x5250443d31e0345d223a15b95dda56dbd2bdcfdc,0xadfac439d4f0a0a8fdeb1b78312a6620ba46c052,0x7d74a40c0dc26168ceec6959477ad9de4a8d1fca,0xf4af2790503f7887e13766129ae60cb4d55f7eed,0x2b4dea9de9ec35bd708165d9efce3845f512cdef,0xd4f97198dc04364f8b09318e43b1ca4084ce6c55,0x2767be7574dea9bfd642b57d6971bc7ee7ccc040,0xb5cd8c27579c52cb986de4d750890e6dccd1d10a,0xde02c78115c2797ef385e42cde3e2243e1df8185,0x4513fb5835d4282f891cdf1113bdb621931adc67,0x41203dacad9109b8e6d39b5bb6ed508ae2029397,0xd6454d1fea6dc1de8123ae9bf4e5548e87050fb8,0x88ee3c4724b664a9bf2b2fb7283c09c88b582a6b,0x39cb729c5881d798a3aa1a1f4db152dba05f55db,0xa839b1d844d80de1530f73db981db5fdc403d16b,0xe47c890ecb56a49034dc671aa2a8084ac5fb103c,0x7dbbedb78c400c88d4af77584e5cd3c6e521d8dc,0x18673b4e8895270271d809c0ae4d6e6489fd1069,0x8b08acd9ebdaca7b9e73cf0bc92f0aacdb511374,0xcf7a81493e8289a9bc966a26832f0d1ef6c86ba3,0x0c21cbdf957e1c0739b72bbd12f6f037ee6fe245,0xc0e2274e0a49c8d651af19d894ecfa27908bf8ac,0x04b82905a296a616bb3900532b80bf2f801241f9,0xa507232a61ffec48ba30b261e76d698ee2fdff88,0x9f1f920b8e7f79e486dac4e22d83c887371d5d66,0x8b69a700a5470a1c75cbba7fa6f88d7fe7b4d499,0x7c41a16ede2a17448740ec17f19f8c956029cf6a
0xea71d4fdd4274f4f5df1a8b4c6519a5923a7046f,0x0029425d5354b6534ddedb88bbe5aadd70584ec5
0x5e731dfde2f1ad813beeb22fb68d202ad535f522,0xf01b4b37a29dc9d4079f24d11eddae4fb2efc0d4
0x47515d65199fca56bb7212a6943681f05d209b59,0xf157a1fba72af8040b4b5777d408097bebcf35c4
0x0b31d797b537c9b5bddfeac89e0392102653dafc,0x6630ec88505c59fc53d1518de018e69ea47238b7,0xef0b00610d3ef7a156460fc75054ef21e7ccb3a0,0x934ea70167e26eac787e0bab143ef50b4e5242f7,0x67616b91163a529ca6382343692ec9e62e09731f,0x833563b3e258a4da42bb9bcbd8c3037edcabfa78,0x6f9be771e2925ebf72573f3933d735530355bc9b
0x7f6a93d9df7a951ad608e37a25cfeaf817a508d1
0x3298892f2984531ece2de622f9a0d8fff7e6ca2f,0x65f9037277ea8cacac2a2739456a4df30bfc5b73
0xcdb203ac30cbe210d93e93ae00eecc1809c4acab,0x07f06798904bf6261da0573666da8480130b1a83
0xf8b0bb99fa86d9423e7370cdcce44172fb154fc4,0xe30dc1fa2219f420e7c9c920e9193c35bc3e76d7
0x6887444a5b74b746f56ae08952f4e1b404ff7ca5
0xf2244d32128fb4331191504ef126de028c3e018d,0x455dad9cb51a7d674ab54cd280d821869c0dfdbe
0xf6440d4fc47bc1641471e677052071a300d3da4b,0x87a3d98d39ede619ad5c89d278459d16469b047a,0x0bf77b1c7f7907eac7e4091ec1ac548e0a6c59bb,0x9a4eed493b5c49e5676a733f6ab476d24df26104,0x9dc5cd1f9d579ec2e76854b03cf9756d30b20b88,0xf4455298c0ddc08ddfe5a0cd6cbbc8d176bd0498
0x27f19f86352e3ba60a8a7c9c3e52f16fd1667406,0x3a1e272d49f8caab5bde99dd91977dd250623daa,0x3535a869fd2c298fb7e5345b31d63e47405d860f,0xf173128c6646e63a059062b029a322bb761a76f5,0x5df69343a554712d140c265181998b3b56d541c3,0xc4735fdf8a6307648c315936930d73726b05ee96,0x30f4056fd15f279797d4b5f7694f65923b3b0ba7,0xec8f192892c52d9d22fb02ea6c3ca541076eea5b
0xc41615a4507be6cc07515b246dd0d541dfe7bff9,0xe0060a8acd62941b06594dc69376eb2dbbeb9160
0xa4d4ad6b67931ca96c97cf9753bf498e1d0ae635
0x3712812a4bee0cf7f0876532e5caf34176ed87de,0xda47493ae45b71149066749b3840bbd6f3d4ccc0
0xbf113877d4a337633d717eaf455ea2a404707e28,0x75ae23383b56bbe55865fa231a0fea6428dbcb85
0x15ec704ab1a8a1fad7ce4bee3b5d7bcb54fa2ee5
0x2a664b2d5b805eb96006122b7be8384469a0b484
0xaff1fd186ce96ece30e7cc67cd69c53e10f2f98a,0x0c7ab20d5d1d9c78fc2d7a17514fba462f5672cc,0xf4fd5f6700cf8e94b00d08dc05a8feef272cbb50,0xc52999dd23005ff6fca6924e15b60afe4f986d87
0x13aadf9d04a7d6a4983d155beccaf82462c8468f,0x575153340d248c688b0a8c24b187b2157ebd5d22
0xd003e01af6a4193e5b4fca85d63321254e8dc0a4,0xd0aa270c12d639ab4a6288a5ce08cdb063e294b3
0xfdd5743e06bf84d64321f7f5c0ed5fe2da786fc6,0x4756adba0f1d96887b1c8068c84277bfc4e039c9,0xea04a9f67060271fd7473231a9aa59cedca5a5a3
0xdbef06c63acfe24283140a132819f1e8be60c612
0x6a68c6def40157869a63a4374289d58a5a811ee9,0xd6299193165493ebb846af7311ad9c428f628f5e
0x41c7ec3b1646b535d051729613f1bd184139eaf7
0x9f3ca0e443c844a78ce975539283b5d1d474bd59
0xe07ca0721c7a4171bb9b1b590b0f5fed5894b54b,0x131fabaf89b0184c92d23723ef518bf4e1acf172,0x18b7f95442ec71442f45f480c4f56633c323d991
0xb296b1dbbed296fb87383668d842f057e5e55c5d,0x80878d72a9b0c808b4b5af18d1771a7ee585fbee
0x46d806db6ef491a16d4a7854899fa4545db7c2a2,0x9aba79844a4da5110084c5ec219a42cc4a5f9a07
0x21bf70e357dbc7ba76124e3eeb586d66c7e0209c,0xb8f732863b51b287e819765e0ebb82e0d2cfb39b,0x708c1ed4f07e3101a9c6fe8c9aa618b05bf6aee8,0x1b82c53df2c3a9fc1700d7cd6f3eb3ead8a9bbfe
0xe30933806528c33cfa7eb05045fde34d03178817,0x75d8889e76730aa3058fda77606b6f65bae3c002
0x35984e8c481316b58f31289116e0dead965a1b6e,0x983674d8f9498594bb6dd8749327fe43014599e3,0xb03f1588bacf86928a1ef27188ab7a3ce913e159
0xf8ee872652e2b8ae594e6a3f83048f5704114658
0x8de7655b478ca7e113fb760ca01f012eedb6eba2,0x933c7d6582be9265e896db6ad5722c13f23fe279
0x1dcf8bbc35c13db76dd771ca2d160d0aa4173816,0xef1863a13b8dfa1bd542f1af79a38c18b9169e30
0xf24b36d2bae6e321bac770937ed085a6ea2a7ca6,0x45930688214eada0631253851f40d9e9e58e92ff
0x74fbcf0c464a2267acf0862eae053436bda2adfe,0xf2188f3e28318a08915e854d749123cbfab3da85
0x21a61fde0422116869ed438ed83647e6fbaa85a9,0xd25390c3fae16484255f1e6c85f70acede08fc65
0xe8bef4422d7dde0b2552e14a98c9233a99f01b1e
0x9560680e88fc1b229f1a0e192310970bc2bd262b,0x1b03a49fe5602df480908f713d14ea1efe833e5e
0xa4b737c5a33b2a7801c1645fcec3b36f1cc7e966
0xbda8fe421687f15a45ecc9b4e243a9369493f6ea,0x6e94cea00b9b094ddef598ebc6c3573c0cb14122,0xcdf56ecbb91d301f2deca21b561cfece9c0f7e73,0xcd8973714c2b67f67145e3556436ef6b2c49a33f,0x256f403f50be8dc9d0a929b65f09205bdc8a2024
0xcc55c667715273ed15ee929b7870f8eaa9a7a52e
0x358d8e68f03c930c34bd15d78c4e0fdc15ea4c7d,0xc1fd32123c079ed04a0940844b4c1aa167a767bf,0xed5e2b4825947e29190cf099a82fe5d0a4ff0f00
0xf8a0bc77f4fd0aeaf2a8028922f91303a88dd563,0xef63192dd07cd7dd0559e59ce18c546ab24ea2c5,0xb313e777afbd76866486683850c4c278efd2cd01,0x425daf5bdcc75d06b42ed2cf72879231c8a4e19f,0x5c5c617f328f17c1dcdd1aafdc0295f0e7a0fbcc,0xdea0efe9619251b8f7ee089e4f29192923afbad3,0xca197295cfde21181f0ee6a00627c613862b1ce9,0xe81daf992b80b282d007a214b503b0e466945a89,0xf33101764da51325b478b5ca4f3dc53f7a34b3c2,0xd5db04b681a4e2c708dd52396f62b11e121c2e1c
0xfca07cb85572c90092154cd66d550716ff1cf5a5
0xbfc244bde4a8e19a98cf69548ee91a9f41ce26a4
0x86c381180675fae9ede412394d8d7b1edaee7f96,0x0ab5016c3a315992f47186123943df88ad9853cf,0xf94e5cdf41247e268d4847c30a0dc2893b33e85d
0x112bcffa567394dcff93647408465afb2332520b
0x02fcb006d18d0f584cf9501a1527ca9e065df6bc,0xd317f70a7c7e84b47e7fd25fb3fd5acbaf8d70cb
0x067fb6b6ff920e3ed9eee13808009bc2a6d5d736,0x6f3e47e62abc4e3922d5a3ef7ea6d31a184e0246
0x06b649952fe46f4cc2d18a6caf58732486c0df39,0x10409663ce8f3b0d93838f88911dd24978b7dd9e
0x89439d053de3fdd38b897124c0b8bca36d861fa0,0x8f63754251bc5efdcf8f1b52bb2dd0c9086a785f
0x1dbcb312ac38fa2f7a44411476cb5b8b495c8635,0xef7c812d908cf1001d315255f357e9f3d29e055f
0xe8849e87846b1501a9c74327d0f648e9b2fce8b4,0x54f16c232a7e477f0de2e247297b863bddc3195b
0xb204803e8facb358fc2e337e68c7a4b4483b6945,0x122895b7028a1faccaea9e31f088f252b9b5c517,0x58ad9941c1d920afd300f6a9b2270d449442db24
0x81ced2e8cdff62d6974e64844aa4c418556cd729,0x5f7c1ae70bc505dbc603452b99c7830938ed2ec1,0x9381a6dab020b389a2b988d1d3e70c0f8881aac6,0xc92e25b9a1367b0a4e652f66da7143fb57eafabf,0x370513052d976c5c85e5f1854ff2bfabe0e8ce75
0xef17fc6943521450b452dc890e8f9a51eb1affcb
0x4f1e218c1b25ecef02282d55ccc720aaa737fc7b,0x8bb837db8b580ff4f6996eefa2f0adf7f885508f,0xc1df31996fdd47be38da61dba4cf364d5aa1b17c
0xed011e1777515b38ede1edb5e7dfc40a1dbd6969
0x63952d62de58acc00cf0b565584195c88f3c0c64
0xc4ff293174198e9aeb8f655673100eeedcbbfb1a,0x80e209bdb5109bd05288409302a5cb01642c5ec1
0x22cbdcaafec094e693feb9d4601743086b843c3a,0x4ff0b6d46fa7b4888850ff54406cf49d6937278d
0xa40eff756058c87cbac777531410fa2274b15783,0xea39445453d9eba8bee206f6f162ff87bdd8ea60,0x86600f67a966662333d1a04b057ff1334faf8ad9
0x22630ca4e6017d157490f63ebbcdd2d47ef6f080
0x17ebe6fd0770bfafb4b401dd2edafbc125628bd7,0x0ef64798ea7cbd7d15fc19d31a87ce431d90e69e,0x74073fce1c9fef6b8cf5246a0b10bf681d646e82
0x2b677d9411e22236b1f33d51215cfa03b4b604da
0x3b1a8f8eca10065cb5d83bc9a1b43bbf8416ecc4
0xee270ca97ed47f58a777cfd2e5d8bf65962defef,0x1cf67c6830758d3c3dfa874560e16c23a4765bbf,0x3adb1ba3b077e590947e33fd23fb7cb4d868b332
0x232bd9607ccc5a06c804800fc8ddad91fcdf8357
0x5347de6cf35c3e551b5bfc1aa76f609d7387aee5,0x04c5fd4627c77a1d08394b8d56181dcf8e56a719
0x6a83e2852372a8c6cf7499c6bed2347c88ab9330
0xa3608be90784626a6c05a26a732a3bd937a9b7bf,0xe3af41c0559bfb94a6ece53284bb8716f6ab8277,0xfcacba994533b08da239d904d6c28c5262c530e0,0xd58bcaf622b6fb3c932a038793cd00c20b18140d
0xae5731629922672a15ab2a79c66baae56aeeb160
0x03cd01aa64e16922ed79495190f3fb7b67bf6dbf
0xf64df26fb32ce9142393c31f01bb1689ff7b29f5,0x64204df37b689f7a0ddbd189965185e4a1652afb
0xddfb29bcd59ebd041fdf2dbc339a3bac18cde38a
0xb7d926e84656b6513e1f75fe75f3ed978141b63b,0x52419db8c805f7f8ecb3baf3fa946e1dd458bee7,0xe3e26da73201a2830008c297152ab5cb0adae7b1,0x727334b8268aea6b600afccf4c50c283c36ab3a2
0xf3c47dae7fc89138be71349febab1e39baf14afc
0x2bf9edf6f7c9fe21f6a881d8d109aece1bc5f5ed,0xa69387b0a8a6e3f7023202a6233af84196dfd032
0xb13522541462cad3c05409060b1ecee8a83279fb
0xd5f6f1fc017cc1e5aab8c1aea01032de63401fb8
0xf6fa3f54aa861a9aef9de4f395841c71fd6fb402,0x9483a5ed1e20e537524a388a97b4607693f27cbb,0x2b652b5b2323df4c46d44673c9662cdcfc2a6e45
0x6b1cfe6e8eac7e387671d4d493e691f96220f624
0x0335de538a61105bb02541489e7a54dbcd35108e,0x4b6e7c68e0aa46ba03132728170bd14bb56b6058
0x842004c01710cba929c8cb4b2b56bf4bdf64de28
0xfe802a3fbf3b37728309e8a32441b435ad2335db
0x3f1d70b14470e02810875de32c4ecf29a1466884
0xcbb06543cf64cbf06519717840f3db2dc6fe7fe8
0x70c64083523a615baed19c73b53c8c09339f9efe
0xd11a761c51032573c137705e7394ead4a516f215,0xcc4f76579d85f93f2a90137c1c7c3db192471806
0x30cf0cdf2fddb092bce9b8d4ecd9d4b79a7b97c2
0x5c1fcedcf2f8313ee2d4fc012373191500dff81c
0xea55fcfefec268af250495bdd89919f8e6b562e9
0x37206a47fc78cfc20e5ffc8598ccbe114bc4877c,0x21fd136a88294cfc997aadcdc3b48c23c55cd8b1,0x088b99442b893a861db16e5c8c6a01a66d0c3ada
0x8200528db3406fe27e13b25f15f2b332bd2a36ce,0x730108aa42fb26b35295386264fba7bf31b302e4,0xd549efffb43b5b6ac3ae760f30ab995058a03f0f,0x3e2d65c538530259778a633085fce105d98787bd
0xbf532b4315ef32d4bce4ba960e3f324e1b160b80
0x555553ce7c2adeea6012d6afffd71b21c289600a,0xb5e5b1faac94f52703599fefb1f8b9af3eb7a569,0xe10fa796dd5557f3de41d4199103a929bdd73211,0x18615d3ebe7fab37c09a56c0c408075e8b08a2d7,0xdd335b8c1e70eb62ab3d58f8ab873dfe935bd0df
0x9227f3a43e5363538f8de6cdc5cd91a9f2de0dc4,0x6197edfbeb25ad1532e1157f8620b88a2eade215,0xc4bb0429598687125cbe07a37be6c8f53c0fe9f5,0x397878e6fc4ca087841fb347fa49e8b7f6ac4d49,0x8b704353d852f3f29357f2c7de0cc19b7e618073
0x241e1bb929a796524addd873106de5fd0fe1202d,0x106960f481e25b6815f33dc492006a6691b8afc0
0xddf52e511c6855ee1a5eb64da864c598b822dcf8,0x42e512040e79b09860ae2fbf332e70818e6f40eb,0x8e8c72002461a3dea72f7a686f4bcbec3b6aec06,0x7216130f572681dc556f325b1280fadb087532bb,0x757ccba8c226daa9aec3dc254b99cdb8bdbe00ca,0x09d373d63a9e541223937d32e91d72e2e61f01a4,0x07b99b5a5c276ea5aa88c969855a6812b3138049
0xe54cc2a4c440308703b7007152c27bd10807aab1,0x0285ff80a41ef60d0d6c5c6f5e43e79b228f9cb8
0x29ca44576e6fe1a212d95a99b57c9c3831caceb4,0x6e6ba3277adca3a2565f1e817512666fcf7935a8
0x6905ae5285a90fb09f40d269ccae76787609dc6a,0xb2b0a24641bf7ef526f3728e93e89d8cf804ee37,0xfde6097052e0127d44effb3a90fc11469f93a3fd,0xd4e21718da430491b54537c7274c84fb490c7a97,0x322e3fb8cd49234e59fbb2444888ed4a437bfef1
0xf0f754a214cb9a4ddedbcd483ba1bafb8f74265b,0x4b4d2cab5f4b0b30a7861de60c74cbe13c89d755
0x58da1f920767fa31f593826719c15985a3092d1e,0x2a26a4c6b0dd2160b0865f9787b35b32e2676681
0x359d61e2e78544c1a39962a1c29ab13dc1f884e7,0x9aebd06de85eb2f090f069bbe3810e18a9a85b78
0x9e4431456cf41a0fa752a7ecd2188b841d927ebc,0xa9e5640de7fa637e9d50abef4f810c6cd5822d35
0x3c38f9ab5662bda78fe685da76ceffbafb3959e9,0xce4250aa7a5a30bd49318d3db0aff9b37674cc1e,0xea7397f88c89cd0fa09cb4d539d58ebf288c94f9
0x635c3560a268a719de8802a16808439e48514d3b
0x10391842e4aff465810ddb6a7a985a1c108a0678,0xfe01cca9e26fe5d6c39b3e52b4e90a031489aa3c
0xb0c2eeb139ad86cbd1bbc73dd83fb38581e2941e,0x640b9bbaa1a9a483ef6946e59e5072b862334543
0xefa53c0d12c5c01c62eb9bb4042ebc64ee93ca7b,0x592183e543c251a4952fe90e5375c2312151e81d
0x7900f8461919cb30662ddd44cf0a600af786bfa8
0xf29f1b1e3e18d280fb8b0a7ffd4639e38bd03b8d,0xefd48e54f92b187aae8d1b1e408911bf2e714894
0x180063d47eaf38c8d808a0d9a47c14beed99e9cb
0xbd6c52f54bf3047625733e58cdaf576462f408c2,0xbd1f6ed5dd9fc7c1c875fa56a962e70a8bc5c5a2,0x939f962028fc79f8d90ce5ca4eb1e36ce1bf32ae,0x1ff694c79fef4f7161ee6d61085c7ef6b07e20eb,0x4a4f94bb7fcbca1f6e208a1d791c4580b39020aa
0xb077526f6656e49bd97b4d254a3dbe99af5c9328,0xe1f760172560c848b2108f8cabd0e6cc8fd73d14,0x31e25f491f176d85af3f9c54a56855260561a6a8,0x29059cceb5cab4e20bca9c8909445fa92ac5dfe8,0x37dca8ce1a1b9f3a383a9dd7010238c8e4076da8,0x86ff3399aeb9fe768fc2d3ad7ee0d6c5e8eded69,0xddb7c2a3c5332811ca42f8f3d18dc32797859e0b
0xbad93e9d4fc53a8687bde4ffc2adf1c8fd97304a
0x74a573d555ff904af8db7ab1c932391d9f40ae61,0xf0fc79e7fd81bf6b8fde5e98d4e9e5179f506e28
0x14c90b59f95b9405113dfedbae88fdd20c29ee36
0x4845d66c116ec7dd83be00c237aec7e7bebf4d2e
0x73085fa917684c45c17020116ba58b56f63d0719,0xa43dd67774386c6fa64676ae806cc4d37a9827d1
0xd5fa96881dd3f25adf33a0b4084de4be1ad946b5,0x3dbd4940faf56f879ca9412ca8f4f0e1844a2417
0x621f2a5ef987e064e76da1eb378e7193cefc0baa
0x54907a59622c5f3e20f2fc5055af2eaed756406d,0xfa586357d81e09ac92e4a660b4fc994f76bad9e6,0x58b2cb118bff17c878434fb846d80ca2e18dd3d8,0x63f8cb9a5bc601620a4dd29315d1e0167743b787,0x052574aab8ac7a7d4f0fa1a64ef060c5c7021279,0x5dc8eb54c4d8f766665e4b85c45afe8e338e6598,0xda6b1614fff4282fdb3ca7e29e59f50c13f0a56b,0x4e93505d85e9785fbda6207fa65058c0f9bcca90,0xd6a92049479e4461cf9a89d1ba5f6498cd32bd9b,0x93562cdfec409ca70d6e172f0c5455c283b97292,0xc3a69e2cf6ea1fd30ada16544a2f4afaa231f841,0x1861785666bbd1dfed2695500d23246860eba0c6,0x3e3465b1d534a0c458a346c012032e1ab297a540,0x5de5207a1d4c71e611bb5214b93cebed3de715ab,0xdca26ee788a01d3748161a1283e69a7f34abcde5,0x42760af2104cdbbc0c7d9e84d021b62220e65c79,0x88bb4f92ad0639daaa05b4585457dee949360eb9,0xd98f7bd388afab2ead51a5d5c2bf9da4245d4e18,0x609db4470fc7252d737cf2b0fb0f71272893aab7,0x3f417951c3a7f3291cff90492ba02e827d3318b1,0xf040ddcece5c03d6d2e09c61bc44e010e774c4f8,0x6261269aeee5dd330f772d74cdfefcf424049e88
0xcff390daf77f8ec4d71cd835c48d3dc038b505c7
0xdd39dca4098bc645df520cf3d1358356c76a4f2d,0x5a902a1b7a921cc025bf19f8d6e2b3885eb70676
0xe3167b1f82c38079e3aede36adc48c4039009ee2
0x268169a19bca3435451207f70be15436ed142f42,0xa38475ec707f358f338fc2dc393d92845276e568,0xaed77936899b3e34eb315a926d7092517d9f3f2f
0x9468243e854d7597a14398ac6ebb11dbba43cdc2,0xda05534cb5a8c27ff17dde483fd65150e65ee374,0x53a06eedca7ab3c8315b8a099f5d7489a0ab5cfd
0x0c8f227529bb56bba5c7b12f062a95056d973628,0x0dcf2a1a1c5f2e44b83170569a0331274825d5b5
0x4c02474e095074e2b3a0082d5ea98b710d59f534,0xb1d602209cc314af8eb441d336fc71cd15cdbd29,0x32c9949700ffb0e6ef46b87e31673bbecfc81aa1
0x6e27f8d70acb693ea74d7f10cf3a8f25c204c52f,0xfeed7d6e28877d0416e1491641d5998a35891ea0
0x5378b7906c83ff6eb43a3e115bfd1417fdbe3880
0x0f6e3afe6c7e3e73d355bb035b93b7cb53727446,0xcd2bcda6cf0fc7b47de4809d9afe4414633a1aad,0x745e7c0a1a9b832f29502ab90bae93e666f412f7,0x212a56d5f7ab56c04d9149026f77a6ec951712ad,0xae52fd5c35b23ff0a4aa47e17467f8ae0122cd0f
0x7d57f5c434f17008c6a706fb9a2d857c472c7a5a,0xcac1beb0ab32612f6190023453b63b709963e2f3
0x1dada6bf2ce25bf88308feb566ebad34bd24cf45,0x2cf7eb9fcba146a9d7f16ae6d4e646e458a6b147
0x0925bcaf8abf6c1c7848d3fdc2bbf681c778cece,0x85340a6a5eefb123af7dda2f91f794a7a2d98908
0x4faa9449ab3a17318740af2b0970f8bbf623bc75
0xec8dfe364c380823acf7a557749e5211c0bcb10f
0x79bd1cb9641db08850f36864871490583b8bb862,0x4fb65a490a4d035e4d905be19a17f21e46a4e16b,0x06d9fcc59112a41090f6f8a8df1f83fad4a7d7b0,0xbd484f801976407d0229eced15354887ba545572,0xbe58262c056cbcbe0ec54368c100ef8930f3ac80
0x0a726721e617e24830441af5d188d26c1af70999,0x5a21fdb40f50926a956e20f65afac88cfc258432,0xbba5d0e0c330a32527f3edd788b813d8686d104c,0x99d3817a01f237a35095ee587311e6bf32c318b1
0xece7ac282e91e3b973e117abb4e9c7448aaa6563,0xeed8bce8665b0d0cddf16f13a329104cfb154159
0xb71a58c6da3180cc2daf087c716a35636d77a97f,0x2140fecdbf45c3cc7960220a645d014706b1c79c
0xae5bc85a0749760080a28f2f7e957dfaf3e39641,0x412a3910e3417c182fa111e6c99b448d3b624c38,0x5ccd9e4216a416bde6aca9f9b0cf9e80d8aea3d2,0x40fad9d509a286f7393eadd4534eabbd7f230d2d
0xd5e71e0adebe19e1eef821aa6f2114b0b3ac91c9,0x6e0a2afc0fee3fbf766a8cc665eafe02760740d3,0xa79cb12bd54ced8eb0a16ffe058b6a12ae8d7aa6,0x35d8dd43089c876bcc17c4b8d91e15fbfc4d8805,0x3cd646dfdcb275170835a1ee9153b1cc769648db
0xe1dbcaf80e78623ae33026b60eb7054ed0d6dfb0
0x4ed13f1fbc3b20211d544a46e5c722b2e05a1efc,0xd00ed670dc191dfa9b57a61f1db31daa99170126
0x3afb55cc13998a35931976e3581337ab7e66ebc8,0x41e78a2b7735fbd147ba008473045f76d12e7860
0x758615182a9b8c08a4663e8339936d8bef96be10,0xce11f705f4954cda188b89d3599587fe11df1a6b
0x5113fea8cada4a875928db64b0167ccf726a5116,0x62e47ead28cdf589bbca802d8a3e2124b4deec16
0x7d85d18b40fa9d9eb21a0d031331f2db37a37c5d,0x8345f3f46d7d7dde352630ae7f18bd49e05f705d,0x4b285876366a5cae282688357643a7249c45d2d2,0x6b04e9256e26563b39d5777f6d0f5d95340ece3e
0x651e79086fafcd1825b3bd8e3b24437936f9e422
0x071ccfa497512610282173dd09005ba770077158
0x3e2fc13104830d182abcbe3c4bc7755821234a5f,0x49365c371d4a404c10617c5d33ed7dacf6a6a07d
0xcaba2231bc28f0fce76fea1f97e4c9225899b4ee,0x6def2836746435353f361906ff86fb67083ffdfd
0x610b8d73a400599e16a092d84daa75432bfa7abf,0x14dc294d5fc986524f4168726f305a5b74510c60
0x705c93dd4768bef0ee8ab1186a4d7766d716c06f,0x8ebc3f3f80fdaf569d2f1168955255cb48715fcd
0xa19b1357361aa45f55d3dc9d7e5b9bc29143d15a,0x145434991ff11f42399abfaa451b9ac3f4b90360
0x243fa5128f810bf247fefcdca94810c965fa9b23,0x4faf2f4cc224cdc2e7ae12b53906cb698e1e25be,0x60675fa8526aa753b1986f968996a806b9e3acca
0x49fd5b8099e58a1f246695c4a96da771b6f2d81b,0xcbc4ffc7ec6f1b6d7a703b13ae3c60888a659984
0x27003ba96fbf876018ca6117acf338f0212c811f
0xa8320930c728687630be8a8574cd3c6c07d6ce71,0x286a22530c29b12f1b27ac68a4a19c8bdd80c3d9,0x293254be7ea1d7ab07ff6e73727c1de4207b8966,0x3cc9063e7ac5fa8345e1f59bc32a470ccd30ca6d,0x91f5174a9a20bf6797f81c8744adca05cf3ef796
0xff770424739a77b8990632c75ed859b74c0ef749
0xa3f343ba4062d4840a86deaf9babf0e1a0d30e0e
0x5ef19c8122d2ceef10604c2a1f75ab595d777261
0x9750dfa5ad7cbc1d86b2e007a4af415235e8d719,0x140b00c09591611614c0bfc19bf8a64ea757214f
0x7e2dc89ecfad05cff56265f58aa1a83e4d8ac6f1,0x47b0fb30dcd4e88820b62715d63c3edaa0fb2d51,0x4e8286c0d09301b8c4d13b4d52782ad3ec3df5ee
0x9f64fdc6d6cc23cc1d6f7d4035c56b748ab6fcd3,0x3f77afb08e369f537e89a9769cdcacf3342df416,0x96d9d47d2aec3d16ce0f013596bc1f8737adb31a
0xae60c874ee07f44fb7bbbd1a5087cdb66e90bed8,0xd8f15c36bbac81147b9ab3c488a5d46282ac2b39,0x52af2693649d6fc2f6d2d9771db0b92a8e772a1a
0xf5e8a9ead97faeb6c5e8b643ec67ae448c09581d,0x8bed3d8c94f10699f599370cd50299f2f24928f3,0xea392d057ac673980f7dde21cbcac66a4e2541b4,0xe292fbf3fcd15b219d0e4c146d49630d5e4b9a07
0xb8b6b985f9893350545af34f86f10ace10fed32b
0x9ab147c042095bb72924692cd712259d752b1c96,0x8eb1b5f4369c9afb4b5482edcf7d802195d5db89
0xd28cacecbbd6072b3dfb9bc87e0eb69b70099ccb,0x1241ef5658e3c903802ac7e1b622503a198d33f8,0x8ab5decbaa11fd93772a3be66fe238606b9f6bf4,0x5ee72b639483991e855cc8227e625fbe08472ea8,0x005280b6e033c249cf8fd76ca149e6406fe66c76,0x829f312e7e7d8b666af9aa33c5e2e968a3033c24
0x4b07a38eb7104993ed957fe90a34da7894ff4f19,0xa6455afbb60ca098324c70e23abd6575dab2806d
0xc6f8339d007a419f23a4139b649b540a640ebcbd,0x39096f7970478eae9429a66bb4270e4f5226a2c3,0xbfc9dc7d35eac2be798ea8fee2791afbdc3cdd07
0xb73cd9280698498bb39b5e7996db3077e2e3a366,0x494cbc1f193f86babff1e9964bbff48a9ebb965a
0x96f8e2bcaca7eb2a25a958a79e2fb0b1d4e98485,0xbe8345c8fb3b2bddbf704659e9beed53e8964c2a
0x43b30be5cec9fd73ebf4922b21ee9e63ac178311
0xb021e8b478e144d9fd78aa262ebbc9289faba6e1
0xb1c1c028f5b097d86664a4d7a6dede0210dbd944,0x4b6ff894be5ca7b6b141233151450c990ebdb041
0xc30b248227371a80a08ddf00885c893df01c70fa,0x4ee49dbdc6390b82552c94386e4c28826dd6028c,0x64a007255850a2b87ddffe61d4880d7d2527729b
0xbf3287e1353bf6da31abba8bcc65ff987e73de40,0xd63b1c4fe84cc93133ef67b3d77179f17595bdf4
0x0d4ad9b1541dced2edee8471ecd1f212ecb1aa57,0x53c1ade92bf034b1f70a1346989b3149bb288796
0xab30f00879facb69e4fd9a55a5a83d80d0b6f8fa
0xd189115266eb44495f833109d98c3c394b87dac2,0x3ab66b8354b9d6b1746bb74711b4688082c454bc,0x52de37d0fac03a864b2d30f196f9300a3c9c6617
0x052ec664ffd0e7a388fb23e50747021bfe66eaa7,0x6f54b7a183fc40026f68db321d2a98af656b9ab4,0x5eecfc82cd15c1c6e0542e9c2ff598f0103d469b,0xb6bcb2860f0287c50505bbbd2fd43fe45e64f5af,0xde0cd86dd43b8692ce83b0df116ac4a09d0e738d
0xa3bde729981b1a46dfaccfcc214e7bdba1fd76c9,0xe3493c38828f82b9e09717dc0abc571ab589c7db
0x8fae074707c865469bd209350bcd72b53bb37ea6,0x6aa1e355e2c78dd54bd9c6a642384ae1a075402f,0xc5c683d3fdd53fc4033caeac56b54f440c35ab07,0x342b38229d067552ccf6af5d206a0a64c4d5f3bf
0xd5a887759b10d945fb89f51ad989852ddeee01b7,0xfb2d3ad908cb865067fc7bf6a993756be6aad491,0xe70045784f254d0c8a340eb976cb6dc80e7c2232
0xafc5ad80a21e64e0009efa6046c6ae4f27fa4420,0x3e836fb641742af9251e4090f609e49d817527f1,0x90a3bedc5d4022a851b96972f8206383a0affaf4,0x5434649d4e0051699892d99a6c8425f906fc9f72,0xee1d96be1f6c0f51b2d3cfb90f6d753da7764f47,0xcdc1b12e587b6fda19658ab0dbf08672e2a5b67e
0xd8ab932eea19fa193c03de1cf49620d13ac399ca,0x1e43206cb1549f02170ba8add54f2d45a8dfcaf9,0xae811736d48ece548ffca1ed20bdc147f0d65083
0x0dd313402b84b3fd3a2929b6a0751fd941c5f58c,0xde9a65b7cd79fd5adf02282418ed1e011c9deb7f
0xc85cee314670bbeeddd2c974f6a6df686a0f4f09,0x01f286d4005894582c8eb30734ad1deffa6941db
0x6674f7dafc4a4187b2f54c5e308095fb0792d5be,0xb78f0c2b228ef9865c6f23de2997650e97b3951e
0xc19f330a28c92a9b632c6954a2392c215c312210,0x4401c6dbd0f46429617f3a16a7bf04a033239882,0x3f890e9cdebad418015c5f37a07812e832b25ff4
0x2254fd71cfb5b9500345ef5f3ba76f85d2fb1b50,0x66837e84133b5f63de9ebea71b32659e4486b7a6
0x24801f2c0847a379a96d81648f56d82f792968ab,0x607c185a3a3607bf7335dafa3e1a03074c6e5593
0x5d001a57155d35fa0dc25b80b768e0472b0140fd,0x0d3f18f162f55bcaa84c0e0fb98285b7013cb547
0xb9ef12dd4bbbfb7cae72b6ecd4c7c77e96999fab,0x9f26ae5cd245bfeeb5926d61497550f79d9c6c1c
0x8a7e18d700e67cb404241dc069a93dbc3ab2a710,0x200d7e8d650e45427418485aff6ec7ec437d808c,0x1d2aaac4690add91db2da11147b129ccee721d85,0xcf1924a6803ad1cc592c66bfb53acd89086f818d,0xa3a0ac9f1c15ab20226c2245cd2401b6ca7ae7b0
0x6655459bab7a5e99f2d61279316f6d0a465be784
0x872213e29c85d7e30f1c8202fc47ed1ec124bb1d
0x5d4dac7968760a65cda5d9edf33cb55f4d7a5727
0xa5616c07451d384030f2b2babc28bf02c8e4a3e7
0xf81a4bb43b63c44a390b13b2571ecb1a17f734a2,0x20609a12e7432490d8ce714d1b10fde8c1be94fb,0x46e6e10e64bbf0297c94e7da17915e1e4dafde3f
0x42c9db37ed582fc53126b2b1cf21bdf776e6b706
0x63d0aa450832206815fe828d5b26c3cf6931c24d
0xbfac52cf713b5362ba873a846a4863e87cd70bf9,0x77c5ee222a4cdace08b00ecb79d3919cc76e17b7
0x4a43a9801bb88e6de4180a0c61ba7f9f1a1a035a,0x76b60753eb5074346dbd9f3bc6f343604c26a67e,0xd5a881f2b90f0799d8cd8bcaadf13b4db616603f
0x9c7f9eda12c8e9f30c0345de2d38ca094c819efb,0xa84b6eb28c4cb7a9de44aac83a9817a23b31f9b3
0xea52b0959dde9c32c2445e81211943ff2e974cd6
0x4e7c396a114d7e5389e7b60c1696aea6405eeb67,0x410fb301650c109890d0b6d8463236e04654129b,0xbd7529b2b35d46b6f60e0684b16c777a49c12654,0x6219b37cf17e1e6ed5f6609566a627f1e8f68cbb
0x261a81b7f7443a4719b4ee2b8c508fb23166c59f,0x6bacd7b5973c017551476c5cf228b574db77b29d
0x9e67ef5a2cbd72b92df86df4a28ea2569888056d,0x4ce311bcb55a6e8ea4b12c2234a1007cce5eeb5c,0x9364eb7826539bf58716c2d86bba20cc5277d4d2
0x9e0f4ccd33c089fcc8094d4fa428ed4e24151a23,0x127718e1fc71ea0a507b7c6176259f09677278b8
0xb74865b8770a5d2cfebef60408402de52b6b8fa4
0xec92fbb274f8f38caaa32e26142d66b824020242
0x5edd90395d39dca3c65cd7a0fa00556e497c99eb,0xe4c1a498c1694727e7776eb0f3102b236df21037,0xbb17002a0a8ab2710109fb868839070831662de7
0x6effc6bd984ef5a80fb9d6d48cc1ef6d8ef05113
0xff175b2e15ed5638fd873a5d6c4316d6657e0274
0xd663a6a93427c0ffaf8f234b4231a2dd41d1c762
0x9e2faaae64cc1f40e9eabd2f502811ffca2fd0ee
0x8262abc05db468ff9591781fbb6d2b2e69e445d6,0xd0dc734fa0ea7c22258010870f2637a97fd72b1a
0x3793ce298e47027d58655c3a22436c338e7c7e9c
0x9935637be15e4df4f914e8e3a0d469726637b3da,0x51f6147456dfb6b1f0da93934423d2686a0fa819,0x275eb2602380c19673866add881406adfe7722f5,0x9e4ac4ecb75d2a8480ab56dfc9ca6bd7ad283342
0xad47ba9303676d4fc5a7e70682e177c2fca632f0,0xa39a143b5442d9501ace2db2cf0e170ddc1cffa5,0x6c6050fe968024f29a2d1916d2af97c6dfb6d8e2,0x74c6f41d4534b223b5b41974e79be68b06369eb7
0x007f3a3f34e7a237369ce1c7b3dc5c233a3aabfc,0x0abfae77f84de6ef3849d618cc6806e0466b868e
0xd9de5f7b050b33bf3819ec04002691738fa4c1c2,0xe426b3f5c062eaae5b8e734775ffcd23b1b2cd6f,0x8113af6f0650d2905e98aa4bd517a71fd10ce68e,0x5ea04ac777bb49a593cf9f0470fdda69df625da3,0x00d9d55e3c86cb5017e92a78bc2ce3ee2ec0eddd
0x676740ed177c8fb20445deda3a1c7f2af7fe1c1a
0x5416fbb057c25ba3177b558ab85b1d13b7874dc4,0xdc46660da5c7da5bc66edc55f97d89c798f1ad49
0xe644f7b6554450e6891e085fb6c74fb11eed01bf,0x436aa770a48ec5d67a88dda85c6aa423f8aa75b0,0x2aaea8e9fc3178ecd745aa16f627bac6535de0fd,0x8ea6dac2295a72e32abeac9de37dfce01bcc20c0
0xa64a417efe53a13d6d68905c0832da56cfc95b41
0x570002b24bd8ac1308346f1e43836a33d8df9e54,0x9faee3eb5169361ab084fe95b4fa4fdbce5dd42c,0xadb47ab82a31937ca7c9b4a72ca06c74730fc36c
0x4905a52d3758e0369651e92708796a21532b5fcd
0x317cfb065297fa9fa1e08199be2ad3f35ee3d4f8,0xab285c53d22756d5adb693eb9e6d558c48af5754
0x3aa667d05a6aa1115cf4a533c29bb538acd1300c
0x3df2ca6e910a48fe4b7cb5d967de777d7a81a579,0x4f72df9c0acc1fdec7eda2b50485934541140c2b
0x08fa21af985591e775523ef161f023764175a932,0xf50c4b58d2d2fad16783ae961c53ca7021fd8f08
0x422e03507fb92abd714b42818e7a70f00005a5a9,0xbf6fcd27e54ee98c2800dfef301b304c92193655
0xc4327f66813d99ca031764f79aa1009ebd76b5d0,0xa8fa27c23578000bb2846b7105322324c26910ef
0xa807085ea234e661ba65d2002e6b5ba4afefedda,0xc8c8e848a548ea04d2a840b1a991b6f94b27ede7,0xea5f73d9dd6c12bfd8ba52280055bab82cf9e738,0xccb8d83684eebf863d4b0b230168c7f5fbe0fba1,0x0678c838c820c492fed2d22ca94eb60b7fa68571,0x5cbfa50e5768f8e4c6d2558d6ee418bf8897a112,0xdec99a7783d250614702cf20274f0fef00840573,0x0d8f7ff4bd9fb78b044efe9e5b1c9ea4c77d33e4,0x3176efd759197950ccbe6a6dce17b48e7576fd0a,0xb78a4ba29c4230cf0df76964889a4ec1b47ce8db,0x354015434f029c17b6019bbb6b03d4589e91daa1
0x6d447924266282bdfbb2c79e875eb479df83f506
0xd01674a8920c71913578540a33e0321689c8a25e,0x944572d2fb6da5237637804d419ad5cc202898f2,0x554acd7195f27d13ebcaadae70b62e41f42b9d45
0x8273b53ed1216b2b5075b516952d7e5365f435f7,0x293ae73dca49c487740fc1c3dde5257e45f4a4d1
0xff6a8e59d61c061d7184c4107ed829f3ef05fe90
0x477232b4871d223509499d5d729a437f5f2c9198,0x0a1285ffa8136a25e74c4d9678dc1bfc955a31b8
0x93cbbd09f484f4405015c101e335845dd6825d54
0x8b31cc90f235bd466f1dc0609931d5e272da5853
0x711cd20bf6b436ced327a8c65a14491aa04c2ca1,0x1e07583fc7f164725e48232ddbbbad20fe3aced8,0x2e1335a51f0077dddcfcb7977c287a20443d0177,0x81b658bf0e080429dc2a5787709868b0a0615cd7,0x7ff5526f2b01b6ef5e30eb6b0066642476ee01a1,0x85c447d3fc7d42b1167c7fa6ee50fdd961512b4e,0xc3146a45ea63a2bf941e55d059be75b8a789400f,0x0175c38d00a114bd29fbcaf832e7b1a21033644c,0xc451c91dfedfe19ae32f79f6134c23290b4618d7,0x12cd1cde5990a0ca0a3d03ac179b5ef70181b882
0x6ac1a0791895bcb7df272f184e46dc9bdb29207f,0xbe6f3bdbf258dbc24193da7b73b35bfdf10f3a0d,0xaaa21cdd43eff24eaf4341ef45df3c5b0db165a2,0x3797ddfa59d5b2666ce4bb31be56b002d3d8a704,0xf3ada3d080d7b2ab494a1a3617ed3c76c3aea5da
0x405e9004ef8aa0d9c899c5e418862cc161bc1ccf
0x16731946f50416acc945559a2cad0f7f070e8dfa
0x3dd48ad861f0b77d1312f9c95a13e52871ca95e0
0x0db1850a8af7ef47fcdc937cf9801baf067aae75,0x9f8b217a2b7db9abf998bdbfb0db04c60d401cf7,0xf6b18c825bfa7c410d8fda120bdf6fc72a1af66d
0x2c1ac62376eeb8b124b9560085eb8a4de9a8d657,0x6bd238aca79fe043ba7c6cd20c1cfe55f035de39
0xf4eca20a69a051ad2dc4505d53e5c4a1099c64e5,0x0a38eaf1c0195b22f09ef534c7a3a8218545859e
0x7f309d71012b4fd3bdfbb001f9ee9c4414c93590,0xe953dcc12c754c5446808b9f7cf595d2bb40f432
0xaea1bdd20ce1377659adadabf6279d022d26cecd,0x003bfce846b202c295f4f29fe3d9861fcc38d608,0x4c9036cf337453f53d2a8ba934c2f389f54e396a,0xe4098a3293267c70d4cbdd380688b6248d306a32,0x817020598290427e9c76b6dfaf770d90de3e2a9f,0x3c720a53d021bc9db11fc9deb0cbac37e6454dbd,0x2c33b86d1e0fdf4023d666d392b4c86d6853389c,0x08838a273368b7068404e532dfed6fc8033ff8f3,0x85187434d530bb290f3b14b5b1ef2599166ab7db,0x11f4720fbee2bccdc4ae8e5726685388aa58551e,0x3033c3ceb5d302147eda1f54a0eb90bd483dd694,0x0d532fe8a0d3f58d1f725eafb7d553519f919857,0xa31a3b959241587355ffa6aa78f94e45cdec6a7f,0x6fa83ff9eb3053311bb70b27b74315eb51407ea0,0xb041ded1deb09fd354f8bae209b51834b6870e2f,0x68dccd655b3701b5e73eb48aaacbf9d10ae79351,0xbc53af4272a874bdfdc0e395fc2e61b1363ad47a,0x0a25959c6345b7d5609924480391cef1607ce991,0x0d532ac1c352de9d1bb37108c995d0b3a23c099f,0xe336c1a94d9daa39828cc6d5b662f71df7b04592,0x582035bd9785b52e5c2f5d4ce85e49e8de3701e3,0x019cd78c24aef135d670e9de510f0fe55d8935c4,0xcc003c91fb5c4c7496e2eb78ad5b4204efab16a5,0x639b4a128d4633acbb8cd924e6a500d6ba503ac8,0x96dac13ea61bef334ddde1e19947826ebf43d1be
0x8cecd742b157101d2b1ab3ad0730759f57788389,0x22d59f44861e5740e5982f60565653961a470e02,0x983ccf4dac78e5978333fb66998ce8f90965e63e,0x12bb39911211c6e6e44dbc07c3ca7581178759b4
0xf5af6e5dd029c46ef1d9fc4accf286a4aae70f3b,0xa674029a4a58aaf028a7c9e498db2a21c8dbc8fb,0x7e8f484da353ad00450fb27b8fc30af9c555c18b
0xd107d775cfb4bad4e372cdc414387518e08b0a8b,0xb33c4926f14b944a0628472cf46a4cd9bc10223f
0x9c2a577df6d84ed927ac2dfaa7f62eddb447a410,0x4bf230fc6278c08381867fb7fa99138b3a88fcb5
0x186643a02d2d0a36e97bbc1647d6eb695e49bf2b,0xd3b7ad0a139410997f61767a4db6d2705b495a09
0x32192ec423152d5f2428adcecb1525e4eb366e90,0x84614927f7684ea82a576bc2a59d13cfd69f509c,0x1dba52d272b6c517bb2fabc87d05e6165b81d0f7,0x6f61257b5295362ad36372617a9b6f0d8c5dbf00
0x3987b8102c4086c0d714545844945ebd5b0291ec,0xbce97511021a8ce38a1220c09965878007a161bc
0x80b0a2a1f480f1ccf6c0c702c17d93647f7dfd2c,0x10ee3a30c67dd2d3d3f919f147dae3801df85410
0xce1640d20d29712726cb87e5e610e88e5b095fc7,0x481a981d40875cc110eefa3640583ce633fd8cc1
0xeb7384951e7e2f1e8dbe12e47ccfac56c5785cfd,0x2709f9c0aa84e462bea2ad6c47dd6ecbb6160864
0x76e9ccf197ae909bfa49e821dbb1075955bc647e,0x717f103875fea9b4aef07781944b4f52866a2a01
0xa305bee3da52f55a769e6809badfa90d5795c29e,0xf00dd244228f51547f0563e60bca65a30fbf5f7f,0x252e7e8b9863f81798b1fef8cfd9741a46de653c,0x843002b1d545ef7abb71c716e6179570582faa40
0xf509d10eb3225ac7ae5ccc76d1011c0d7ba18813,0xc7596023fd2aa787a963303a0ea2a482d34da6be
0x0464f791c1c795f4287fa321c304629010193caf,0x5948d1b6b46f273eb97f3112ab09e76206be85d9,0x177568bac08b9df83bd329bf33fe11df110029c5
0x64d3db796ff043a8ad956034087df4205ea0fcb6,0xfb2092014888542b0fd52d6e88928fb780491d30
0x77c6f95521c82b61b1062e8d5b1ec5e0db34728e,0xfcb6bc97922341424c88fac6742c19fdf1710ee1,0x2ce378266dee4a0a8b5341c1eba35b8108e6a8c1,0x315af8f556cff9af34ffa682ad60783048c0a2e4
0xcd9e86ab917a440ef7957d1060fa27d4d6fc4602,0x49969502f29a9b7d742361c7b42c08a3b607a61f,0x67b254d21b36f3681afebc9cd10da590c87bd575,0xc941f0023e062a1b232158d8e1af764b1b04d49e
0x336bdcdefac2e9f6c0becfa328b6dd981f1a0355,0x5a482c386d437dbc20920afd6a82a78c6d59ba51,0x541f6b059aea226ff099face7a955f1d800e0d0f,0x6397be582cba765bfad674701d0a55c08d9dc7a6,0x8e359107121388eb7ba1e1a606d6abecc89fdb74,0xb0bdac1daeac160739cf9f91ed9cf8027191fd0b,0xc91b978ce3f62392dfb1e8fdc58009ed43b86a96
0xa00511138d9e3270ff026a30127103708949575e,0xa6c7db76c1d9bfd1c09c7aa1c0eef9aa275f6f8d
0x776a2ef9a5adbbcdad116fef503da06e10c3e72a,0x6c8b58d74880cb3e9675f3851b91180d268fca84
0x545f670fd45141383cfc0710ff7e1f9b38c8fb19,0xf334c34d5ec25d10895707c58cf427ed0dab0368,0xcde192741cda3e8fef72ea1a81a308c5dc960ff0,0x5f47c615976381648c818a8ac08baf4c4919e7cd
0x0382db919447c7a21ff794b1e5132e0dbd667da2,0x3d81f6c2747010d8975b0dcea991504f648badb9,0xff6665f7497bf6c89633d7225a208e9b2e1a15d1,0xec5b5a88e20bb3da09f51850b77d5700cfb0e944,0xea554537bd9f503819775367b33a1a027a082967,0x5793a06d5bae637b1a4d12006b753a54a2be6c8e
0xefeda835e0a221019c5622ed22e9827ec89a6820,0x092fea2880c7707948fa5a79bfae473003a7b2fa
0xc2408c12a62a915ef083aee70be1115138eecc74,0x76ce0beb7260db5cde5f04ae76e53fa137274357
0xeb4a081a5a1faa3c8a8df0759f7d419a9d1f0052,0x088c8b4ef63f33ca8592bb321530073a1672faea
0xa81a62d0f1caa06d14765897082ed5fd7c3245e7,0xfd6f7d950ea20c7068a864af7dbea97aae114bee,0x897e8b7396056d91d7c9f99adb4b4cb314d0e4b2
0x37322fc8cb70d2994c1637b9b1a4e08fa6df459a,0x0b5326ee3fdcbc379f010b4855ba2fe909b676ee,0xc397f5f20aded0fcc020283aee60c5384e72371b,0x27bdf914da180b47a3e8c9d3400a5367bb72ea9f
0xd41aebb289b2ae08f84e21c64afcbedcd02d6b3a,0xc2cfb27363534cd6d35c7fd0e3ec7c31e4d1fb78,0xda4ffce94d018543ef25a922907484c5046324f6
0x60f3a536c3e8d35e9d27a4db2b8faf9c82b93060,0xdde32079946ff44ccf03ca52066c00986f35f957,0x7d2b53398c9bf01429d67f3d69128fc562f2c9f4,0x6e0d41232da164ad7a91d4ae5d4277a42e1e3fc2,0xdcbeffbecce100cce9e4b153c4e15cb885643193,0x3200c1055f50dc93aa9a3200bbc3730135d9cf45,0x63fb6edec2b403ee63e2694076150198531f4261,0x6a06cdb8c60d72ad282ec1434e67904e10374c5e,0xb24b54fe5a3adcb4cb3b27d31b6c7f7e9f6a73a7,0xebfe0f0ea4f0f3581f872d106a51ac4116cab6e6,0xbb0f66f52ccefc7d36c50d7e7c2c208e53c09cc6,0xb0b2b405c9d09d129e9f9b18c9dd218c532f2b2a,0x30d4f0396080b44e24be1353277fec6dd931756c,0xbbd747f1ae7c062f2df20480cc9e728cdf24d859,0x3e24adab30bf64e8357f58463fad6d44a46c60ae,0x709724f718639893abfee75c8ccc9b869d39adfc,0xc42c23c8287050c6d0cda3146b89efbb8ab7c748,0x38de36bc87e800241e67188a817c53cccd60ee41,0xa1c08d707348b1b91cc0affa5112aac9d97b4867,0x840e9f11a37e96e3b5c4b7f7a9925c21583e882e,0xcbf5b0adf0f58cd1e24249d15ceb31e8624d1a94,0xb9b8de4b0b7020920c0476ff1d74d6c51aec7796,0x9c288e7f4dbd99e5753c4fb4c24cad3d73828ecb,0x5051beb48c656f965a3554f9d463719735392446,0xe0eeec7010ac9f74a947d70d43173d6765844768,0x62d8cb0d112ac2961a09a9a675c88b518a59821a,0x2ecf1b0456f4c352775fcf68cfe7354bf389a701,0xff9d2238b57b74caf368cab629acb47258c09974,0x1b40b6709f29e566cdfe516c55ec4cf045e34b67,0x2dea5ff38e6bdcf26096b7093008b39e126edaf5,0x454a1d74df8dfab841fe288139e3f10bd1cbb7f4,0x0d7070cdf2376057604bc7ed8e276385fd5a9d2d,0xed2b02a3b74b82f728c2fe382d99ec0dd5a5cb40,0xd26938af7c678e288ad457b2df624a1ebdd8137b,0x50836822af94bb883d52ee180682b6035b2603d4,0x8f391650ad64c6307c168a957fabbbe81bd6ada9,0x0360b232285a801cbae01c984fb680ba2f465fdc,0xa14922cf671c5e7f7fd9e6fc412d6298575adce7,0xf004d2c4d86c51e87bab842e492c2be283e5a0fb,0x6ec259c0b768530730c8e8f07b1ba8fc96f2e5eb,0x510b0f878c60933d123a0c613bb4cc4bb0ad0739,0x825d634b9d22da526ceebda4fb7ad4d373cfe2ba,0x2d0af24e0adf9f2726aeb8c5e818b78e914c72be,0x8a57ad1c912f7885a881912fd71c23b43bc19f53,0x762beed7bd861db73e8bf3228f4f288e279a9e2a,0x829acc0e22d739f6a67f8d578d6d66624e481f54,0x4dd2a1d6e32580f8fdc84852a4eadb27090367ee,0x4f66f5bd24397f3a990ef316e633aaa602335c80,0xa5c5f7ff2186898283e000352770e1cb140d1a00,0xa10ef0627efe0d2d89c84d1412cd5f54d0d4fd46,0x62e1d5adfb8826515ddf897bf32ae397b9735208,0x1ef2ee109fd522da1231d62132ae06560c3bcf24,0xc54d7e1e71da411dca2d2d060d7adb68a059ced0,0x89c95863d976998b78784a7ffe0020ce458bcfe5,0x4fa0497c285b76ba7d08f38df6cf01d1e70c7a02,0x3997ec2e2cfb151300b46f0a44f28bb17f58ebae,0x4d1271bf27901dfcb3fe8d67c52c907b2bb7afca,0x153b95d138bb0c7a217dbc337e7de68f575ee8fb,0xf0c0dfd5e628239e60e952469ddc144b1ff5db04,0xf2d971c1dd95cc501dbaf29e414b6edab8bfb9fc,0x5fee43884eb99fbc2dd76a090ef742db12051478,0x3279c9adb0f844c5dbac8a825f5a524ee0b4c963,0x3409e6883b3cb6ddc9aea58f24593f7218b830c7,0xabc3ef008f7693c5a87ba317aa370c102c1dd690,0x5bf113d0bbb94f1ca7d5048035ab6d54e54f5322,0x96469e889bc56a8545c0fc21ca41856d4f70065c,0x02e3a35108333468a001c4e5da0af82188f30913,0x7904adb48351af7b835cb061316795d5226b7f1a,0x3a7760c13ee6be8f9f74de5b7880e578e94f8c3f,0x8663e6a451a9911d0f81c60fdc4191356063fe8f,0x7494eb2916cad8649f4f91eb1db6e20be605dad6,0x25a92c37c699e057cda354619faae6c9ac0d079e,0x8aecb83812b3a3bff7a51153d63bdc6c843c5844,0x0e5a3d70bf3b9a27d344153e4b2a0562d2e9df54,0x2a37bff6fb4b700d7a7a73babf98536c072b6f19,0xb78741a2205f6736945ebc62226c2c2d0a91d4fd,0x9b96ecc04c2fe635218622acfa323cb4ef7af5b8,0x2d8304750a8ac17dc1b9a5da1c85c0a55f12c3d3,0x85c90f369676789d3234ecf07adb5262df1bcf15,0x05a5713767312f3481831bdc20d47997d71c0501,0xa45b3dc03fcc38572195028564fe57909abd67a7,0x8bd7373c17bdf48830d7ac841d63072f2b5991cf,0x10aab4b0ef76aa2ac9b5909e671517a1171b050e,0x907d9b32654b8d43e8737e0291ad9bfcce01dad6,0x8f42b9f804e1f6f0fa54f4284fa500047c3dcdf4,0x62e2f894964197a2458d8e8276e43450e9f5b885,0xe041a99402a900bb1b9be600e4f530da8af8916b,0x69b6e5a1059cc761c8516404a434cbae23addc4d,0x2636d0a4e51f40fc3a0c7500f78c2e1173ef8d5e,0x56eea2a5697e5efb38b7191b2eb354ca9d66e376,0xbcba51fa018b98e297dcdb64467922500e6f2aa3,0x896b94f4f27f12369698c302e2049cae86936bbb,0x941decaa860474a75bdd40ee3275280dfe62664c,0x1306fa8c5c1fc85ac0d17a81964ddc3b1dfdf642,0xcecd910d2c4828deadb2bcf8efd797bb55c9e3a1,0x819c3a029a572901d51798e4441560b9040e437f,0xab14398717c3bc4f545351b39882892ef4b74e87,0xae289aeb976593b0d863ada12a68cd509978bbfb,0x2533321a436578c60a176bd7cb0f9b2590a98ea1,0xa8484a59807afe741ff6274ca0e2ed572b9ca331,0x40e3d1c59e3ba4de63a66ad8f1e86f38c116f5ac,0xeca150728c094d0f4b721d7f4e111d6216bdd01a,0x2ccbba20b5be39a440090b87032efca1d209e121,0xe20a4f1e92dc89c17388886d37b2ed58f07e2f29,0xf4bbc3f8f9dae1b19da82dae46711bda90f06edd,0xdabe57d4c01ef4f055b31cef305b99d81a0804ad,0xd21b32470e1206e67cb3022e5fe1bbb494dd1aa5,0x7c578237563aaf26f5c2b28241a30388900c31ec,0xf1e89db62de855b802bfa63b837ffbf6f222c2b7,0xda5637ce058413c89a1ccd29d774f54b54044f72,0x1a50a6238eb67285ccd4df17f75cce430baae2a4,0xe9dd941b223f6d40fd0352f779d72846378fc00d,0x1a228e790f75170390fed2664e0d93b0fca8f991,0x2f7bcbed7e07c67738c3e925e33d515287c79223,0x9f358cff325066d7cd5df9b91c343c635274f5fd,0x10e651245129f3b7dd032791ed1a5c77d16c3967,0x0b80faf286c9aa49ca06cc72ef338b2e03a3febe,0x832162c04d24216b52730fb1cdacc9ffe065097d,0x96fa266108150305df209e8c4cc6a363f0a0b04a,0x00afe81bbbbf6ef34080e6e7431933ca61760c03,0x5daf1c160ae526f473ef5e11bd77167c10e81290,0xf681661a6d8b68f137b839138c555abb2f532c44,0xdc04d6cf9c2be785f5620c353f0254933709ad52,0x5db8638d35e022467f3bc8efc93ec7cd126a370e,0xd741ba2756cfc581252226ca297c9be56ac7b767,0xe2c303860de65a9d9dd90bca63325535ad52a27b,0x753f734ccb6eaa335a3a0601baa774ba7348b5b8,0xcba1a275e2d858ecffaf7a87f606f74b719a8a93,0x81e6e385d1222c2e90592325750580ea3a3b3619,0xffeeb1d8cbaacdfdadc494145221c4c3fad25f64,0x5021c7b66f885cf804ab0372fdfcc00db85008f6,0x39362b3ca91d40aff08ebccbdd121090f3bb3ef3,0x674cef3cbaead346806a0524561a8ee0bb7fd9a8,0x34fac5596dbeafdd3497838dd6dd480618b7b7ce,0x5ceb4ed1d357c3509bf7d550625d32b597668e45,0x5e3aac4554b9efe4ab09a5cdfc6c807fcb9eca21,0x39d1e1820e9f4fcbdcb28c11933159328b35d2cc,0x2db9e5d00aba2e54b60e8edf4a59a83a78d98614,0x65b5e81790a826f134d29684192b1c6b438d10b7,0x7f512ad93610adee9808e813b38395eb0987f2d7,0x07a74c1749f5610b577a34ab38dfdcb2fc675649,0x341c523e7f209e62a7b77a8e8b66887ebae13c3a,0xbac241e35c68f1d73562792c2ae3f6de99bf584c,0x17641e2c1b04ff07420150edf0175b5de76a95f1,0x33a316107f71909b7d638f7dd40713c8bbe2d684,0x15331a998c2ac6d223c0b6e5eb861cc2fbc261ba,0x57b4a5f470c85d4281f7baf5162b59243a3491df,0x195fe4f248ee2d1f3e462c213dd491f364e727d3,0x34f11f9d1898002db8b2de1f3617457a615f8d68,0x92e9d75fccfd4875026cdff9a9ca3b608c6500c2,0x2c25e5b09b171e23d088012e1345c9cb5e2e9066,0x61bb711d3d431f404b06505848a9e9c999a83c31,0x6cb5d982e667f35af90cf990992ac3b113969083,0x28a0d7d40a4aa83cad3ddf6a0926e04c9947caad,0x4834351ddb1e2458a069c9ca9acb492027e25b83,0xce62eda7f710ab321c7aece48ef5d65316002b27,0x967189cbf7d3a0ab6e4b9125f609a5ebf930cfcf,0x025bf0b26099c10b3f90f3a040703064faf84ac2,0x062a9c179d67ae6fa2bff4f0cfe28518169a7226,0xe3e69e64e2c1e1767dd160fd28b469c8534b4cee,0x75086316ae15b560186878cab2aef4db6b924285,0x0b157ac0a65319b0a18aa46b0b0d4497e1074456,0xbab6d90ddd59346a40197b01de01bd628ea328c9,0x1a83564b06cdde3d13e7ed02593263339c11c283,0xb23fea7a2b1518b20c1306176eebc851b9ddf9c9,0xb440edb7761ff248ae3e4fe6dff333f3f68500f5,0x0d8a540189b81ee330d20a8a861259a09c47a593,0x60c79e955412833391c9a5160d706a8c9f438619,0x9d2c491a573114d5fbb7aad5afc29637f33f31a4,0x5b3f5b1bd47a30ceceac837b3cc75fabaab30ec2,0x8fb24403431734258594ec770acae83e9283459d,0xeb31a683616f75ccf55e7c1fc2b82cf410f88405,0x9e3c40045a3503b33bfedaea0bf6981120e8c753,0xe66f86c7d3dc600c90e7a688dc79ce6f2b7a0e84,0x3fdbeedcbfd67cbc00fc169fcf557f77ea4ad4ed,0x1a4e0cd342ebf68a5bafac9a712fc2a035ff1326,0xf672ba37b5ec95e10bd3de0cb8a673a19cbafbfb,0x17fa252e9b869111e6d2b4df5bf54ada31c255ef,0xf20059fd7191d97470e07e726983c728c2b002c1,0x2c624272fa0566141b2571361b5a8a706ba173ea,0x23d4ef71a3f2416631b81846991eb2d8381cc052,0xf499223672c6283759d7a4754891ab67a7ce09f7,0xad3fbac070187d01e3a0cb4f612c04a57cca050f,0x1390743368d3d548cea3e371f8da81da2ffde2c1,0x25cd334e7e345b34bc7ad738eb74ac57c95e0c3d,0x27761b5462015833da311cc9863760b5bf043667,0x7a18710e1a1a059024464422d217b17bc8b246b7,0x9bf1872ec7fdc896279369a8f3ead3a3bc4969fd,0x49db499e1555380e0ad02a463cc557087851017f,0xc7e1214a0711e0e359e41e36a3a57215d8f5e900,0xc866932dfc62455f8cca7df221a75774ca4a9efb,0x8bf3a82fdb4cff2679943b5734e2109d6e89077a,0x60115cc545a4aca351002f3558b29c559f3cb64d,0x732f445ab1f6410b63a51905238e55c0e292cce4,0x099686478448ce02f8e61c6b01904d0548daeae5,0x8789583b147c8ae0602b3a7841465959f33acd2f,0x0577f25a0de71e495cce70ec6eea8cbf4ce08b2f,0x172ea000fe0e1bbbde64b95cb11dc469a880ea45,0x9ca876d8bf22b91a90fe8f177802238531bce541,0x52951951460d09952273d3d101e03ee8c461cb93,0xde930080e0ba5d8ca2b7163b39d3407fd34dc6c2,0x2f9e79710a439ca9b9fe23d01730ce00e6e1de62,0xa3c0768c7f43cd83ecfc1da5d4df7c5f15141c78,0x3d44bc69dbbe0cdde8fafb278ff9f75c9e09a1e5,0x833c1687617728dd019a2127df7ff68db9cb6587,0x2050214858825193561ad40ab4fd13535e6856cf,0x35dcecef97bf799399cf481d61f979b1d3c80414,0x70d8d4a0e1676301096e3b514ee500a6bb223409,0xe3e5e551a6a3d6664325c92833553b6bf83a865a,0x7bb9a8e1f52bd7ce7b18d4cde6f8c5f10fd0e729,0x23480df691dbf7c62e967952bbf2067c18cc2f16,0xb914766c7baea6de771db0338b804999c8410196,0xf4a3d501abb475c3f203a1eaf8a9c214d234c0c8,0xd9ca77eaa6b93f9714c352557439a328c8bf997a,0xd2a9779b283c1631ad0a5b30eb9f7b6a504e6da0,0x342807c00c6bdaf3586002412c93719d3b2bdaea,0x5963582e0bdacd642d5068660a0441c66f9721c0,0xf29bc30d3da62ab56ffa065e8173b49de66ece62,0x40f51eb502ac737b4874925feac8c970f9b01f74,0xbd34471f2b5aba86d0a8674c3488cb0968bfd863,0x39a7007daa5bad486cfa00ce317e33a08785ccc0,0xe1fe7a66518ef674898aca6aa2e0620be04ed6dc,0xd25174f42596bc4eaa83116a368dd237664c9392,0x019415853de9cebcd4053147a507ff3e93dd9a75,0x109ab1440fceeadbb1c49fbd29f0d3ef653ed0ec,0xc3b26f57d9fc05edb441a1a8662cd333e7798f90,0xdbc605b9edd0b5fd3b58e75e975cba62385a7e4a,0x8bc3332b8bfd8fc73d23ac34f386991ea03c5398,0xe46c088b5dd483cda2400ee70296bad4903fc845,0xed625c9aba1245fa8e22eb1f1825881517a9dce7,0xf19d7ea797ac3717ae5fc2f89b57b10e2849d768,0xecb6a3e0e99700b32bb03ba14727d99fe8e538cf,0x593381f26eb4b1e962a439b7087dd193451864d3,0x9ba507753c5cf035cec2a760eabc9cd159677f41,0x8284d69d095f1c34cd53f20b787a18fdd70490a0,0x74aa01d162e6dc6a657cac857418c403d48e2d77,0x27658c7cf8381fd94cad53672922af4eb7b20fcd,0xed272f00e4afd7c6cbc34fa3380d87e0dc81eb7b,0xf82354a266fa6d48a098f2e5230ae6cc7655084e,0x930663af1437309e83a12c9063a55a94b2398251,0xb0af2b368c51fa50117c2978390dc3fda1691a52,0xbb155df0c66ca03b941cfc5401f5a4bda354559c,0xe69b4b72216d03f672de9acea7503ae49111ed77,0x10f8c792a42203ae017d7b3c3ecfea6692f47404,0x15f38bed7ef8346a955a6e7264fb78873011abce,0x8075a83fdf02fab2e48b288415edc571fd862e2a,0xdc1129721a00f8fa6a8e727207cc8a3293b84d28,0x792cf37f76af2ccde47e56e34405b5254d3badf9,0xe012d495a5d428b5288301e54ac7642a992cedf6,0xffd2d323ffc25e0d09f98340fcdf04c386b4cd27,0x1836e559ee7b67091e9c20a8d0527407c8d4593c,0xf92d29ab6f4fc6fc615e53f9787c986731eec496,0x6a6a4d8eb0f55357e964cac30bc62b744ed92253,0x80327715a847bc9ef0cb28c53c6dd947a44f76c3,0xacf70c92bb680ee7dfb4d39c8aec0903063579dd,0x5839e1a3b82c116898aa12e912be9a5456f891d7,0x10cb408e1285d840caced4d730df2359e3d56444,0x2eeacc509da0a00d40972da74f2e8c2da77595df,0x0c8d61d49a7bc8495323f986eea470b7ea0c5fa2,0xd5bb23d16ba5a13a91d60dd5f3925164b6ef9255,0x22ade9c8a2ae6b820c94d4015a17247fccfc1389,0x2281a3cd35ad0314f4aab831017930078ed461f7,0x4a1249e419d09f64130cbb426f37facab261b9e2,0x2bdd68c7a27c29d50ad3d120a5a5429f50fe9869,0xa6c2e7df9a026718b946ae5689b947b93b643e41,0x1e17a75616cd74f5846b1b71622aa8e10ea26cc0,0xd89b6d5228672ec03ab5929d625e373b4f1f25f3,0x4cd0625a8fb3b9ef680a73edf17cd3434555c139,0xcad803d98e99b0a10a426406da19bc67606546ca,0x864263449fec140702d0b094d0b2c21f4126f7ea,0x5b9e9a5844ee5c8b8a013c6232b4c17f427862c6,0xab8717148e13931bf9b52034302b0b1744bf2ca2,0x07cd0dffb4ca317c56c232a8130a7c3f07bf207a,0xf99f2025a18990a9a7191fadc2bddc68b2303035,0x28ac2f2377406c5e03fedd8adb31b7ddb7282b3d,0xbbdfa145b489fed224f9dbd3b9c7c8d73a59f7c0,0xef9a2e3be267c5b7d7d4ff0feb8f78851799d7e8,0x70cb64fc8a03a979edd1bddc2801a763ad108a9b,0x1eb43e0dd768b3576849a69ad56ae55160709249,0xc37027c11b6b416462aa7b589e6f7937ce220327,0x71179819037e1362abbb8ad612c82732a793fd6c,0x4bf4ff748eb69c099296e3a2a2b398a37aa69d73,0xbe7635457248b726eb61468dbc731ddca4083d1c,0x717e44ed0cbc292f8a8fe8e6559b5a497174ecf2,0x2fe4c24391458cb81f1699444312fc8626518648,0x37d05f9b3cc67c43515caaca7173df2dbcb4ad81,0x2f72cb7d90956a2db8eaac0cf8278200bce07c86,0x0ad59c344359fdf8472e7ffbf4eb6af4751138da,0x816453ee1798c26541c179f4a3ff9eec43ba1c70,0xe0d5224bc6560310260b50dbdcec3e6ae130a6b5,0xf68eaebf7795d71c2144d8466e03b85fe3c88069,0x4f0b4e84c947e510602af5408f9507c12ad0bd2e,0xced495c53dd30a6113aa6f54490330a0d4d2a2d0,0xfe5e5322899d1d4b9d0ae441afbd37db422aded6,0x32816db57c751d38bfc352721dcc53a2c1c4a45a,0xb7387207cefaeee263817780c60deb9b9742b3c8,0xb5030462688a6b924571f886e80be5f908b3d0a3,0xef030fc7b73a5e20eb142b8a2520dbaac57ca84f,0x3ae4cd55b4db48884672ddefe10e2b4fa0ec5fba,0x17e33637f6b64e9082ea499481b6e6ebae7eea23,0x2203f739f0ae3d5fad8ec77382f59fc888c1bed1,0x74601c09157e532785c0712af63c2f0e0d788635,0xc28c66509a14bb876f0a414e08ad508e3d95186a,0x020df65b8a31641f680f3efa8b41454120cdaab1,0x1c812684bc79cd6c127ef8d151869b8a0078c31b,0x39d9240459ff8f3f67273ab7e277756fd0d889c5,0x3c71cf9b6335cf604767d3a07fc19664ce7a9052,0xa18a339bece09496ab8438aa94e137f87145ad2d,0x4e794ec8016084d12b83ea8fb839521823a03681,0x2fe8e10633eae71b503c60180c4190710a132237,0xd72708e95577f80056fd6a44ec30d644b5a86486,0xf4745cac84ec7745a9979e45e37f289ba8dab6b3,0x69ff1191846a254e50da804b5c101155f3e848ea,0xb5cebf23dc4552019d1774850fdceb150b72cd42,0x2482f54d5d343cae687243230eff662caa6573db,0x8e3dce78306f00f0e436e505f45f545d3920e0db,0x49b3e6b64332cf2a677c508686337cc6674a676e,0x17a77d39eff4e640c48723a71a49bdc170e96337,0x34efd00e3743c16ee56d61e1f9ea6c5f7c5b6026,0x0006e4548aed4502ec8c844567840ce6ef1013f5,0x45cc59d101200c097ec999b1569bb952a3a14437,0x528cdfcdb1120ab86d1f9d4c9b90cd13ca420ed0,0xa490ec64536c59d188f75926738387046665266f,0xcf2116fdc884e1495ce83e46f206366ceb49ae82,0x92b0f8dde5215d4db5a9edd44f3585d50883bc80,0x8895705695b1bc5a2268df53afc4674f0532c821,0x6251383d7a87ebc4e8698fa02b294aea8f8110c2,0x83f72d357839a1fefda6780cf419267dc9dc1379,0xe9accc971005a392938340192b8a43b63ce13a2c,0x450c0c90706a8cc664e8b496711370b43415715d,0x7dd738e463ede2f4735968799b851cc5787391ec,0xe0f8db0ebd5567fdac38bd9410826d235cb1e741,0xdbc5729aa32a438461b794ecb0f91dc5f4f9841c,0xe067f7df8d1a2418fc84ff2d1c76a115876bdbef,0xd0b8f4feb248c994d25e6357c1ec9820beeca5ce,0x22529412d31084728c17d7fe328325e5985cb5da,0x7a053f5bee74a2d741190ec4cbbbb185e4c658c1,0x4c0c59f3e1e8727c60ed7bdddbb454ce4814458d,0x75bb8e994633e83ab9b914576ebc32382b63ec87,0x770c13284eb073f07d7c88fb787c319d533f785a,0xbed52969f76218813be6bcbef2d2e4e641c54f01,0xfde0f335089cbf8331447ef12d6ba9973005b51c,0x19e90c5331a747661bdd2887a6f6156a1eda2ef9,0xd81a19b8b3be4912018b32ad634c0ca873f45189,0x434530445be3a7b3bd3e58a3a7cf7646b4391283,0xab69d07455b27b56be9d0c3219a13c5be4149444,0x9b15c07562b682a6052f6b36c4d3fededf90a2b8,0xb263a0015f1c2fecd0b1ce332d2009a3c086a7ff,0x18f768455e7f5fb09fc491fd86bcc282bcdd5973,0x4590219b226e50fe8ee023665a087e4eeaec1e1c,0x320e1d61493f69ad9575bfeb2113a103cc316980,0x966da064e49f63d84d636d5a694038d831c75051,0xa8b47d9fab3a1660c58af903735a1df581a80f86,0xc2fb8959364435cdc252e001671618d9497b7686,0x16027fca7230f8c5cd7dd8cf4a3ab6ec61238c20,0x74d8967e812de34702ecd3d453a44bf37440b10b,0x62d0e8bba4d45a4968974534697a2a665a9138fa,0x88f9a3a1025cb0a10870245aa167014e52043fed,0x72b137db3c450f4b5077e45be9dacd71143ae245,0x6e3aa85db95bba36276a37ed93b12b7ab0782afb,0xd03f3e6c1b7272aa1f2336c1856a74d759fd0a6a,0xa2d1f8e4e7bffed0076490b9d29634a79f5b9c50,0x26b7a346428ddbe4c77872ef048faa243cbf99c4,0x1bd9ec1a72ac9cb8c54e20f14ecc9b1d215b9735,0x9477861457123c55cd34c608068c58af2bff5dc8,0xc14ace5aec82e116187bd18b6faf25ade6c76e8b,0xecbc3f687d865e040faf7a57e8770aff7c7c2474,0x5d49c7f7330907fd67401782f95d93c3ff7305dd,0xa8cda6eb29ae5fe9414c2103c18a7f8e79bfcd95,0xa9a8946707a89d2e2113a215ac0a8743695e5ce2,0x074ebca17b6cd1a809cbd4588299c12771d1da65,0x5a33ca5a3c04273ee6d33402811424b5ee96328f,0x2955a357fba100df20173f3485394272c3efc134,0x64126668fb914fa5eeb19a5968dd22be00beb86c,0xfe42ed1f193e4cd525c5a8425ddf312ab42e2918,0xbcb7ca4ceed6730cf3d7673fd2218defbcccef6d,0xd4f7a018f2fed2610265c84ad474fd5c2ea56128,0xd1611c1bdb527d2813437f1dd5f68a4d747fe438,0x45cc1970a413361a96d5fa1b7bf4027ace80a0ab,0x46131f5cef22974000d52aa780ddca6563c2c932,0x29fbda16a347e1dff781e495c0b6af29b681d433,0x1574c2cd8022edc000c62e56ad45a585e344c085,0x98162ee6881863c8a9a78da9a134303eb931e53d,0x1488ec6c55243e7130b756949b0238693c7e382b,0x24e09f0b6e050754a9ddee77d867a786a38339dd,0xea58fcfd2cf26bdb64506050d8095efd92f4f70e,0xd1b5e2bf54f6110778a2890fd4bec0416b71fc1e,0xb3e30dea4952551d57cbbd64ab850965179ad2d5,0xfa2498d5e02838635f9493e29124509404f75b0d,0x06d590d3936a56106d46bc58bb0d011f3244a0bc,0x906d75954602f08038fa580fff9f6060edd939eb,0x152e1357c5a070878398861bbe63acdf03af877d,0x9dc76a16ac461de8ab82247fcdc17e23da9c6368,0x8da88ecac7c71edc34c742232c8d1fdc61c5f8be,0x5b49c855a23ccecf5c39bfc3e37891dcbf94e86d,0x1b9c81c9588ed126593d33e93d8c2b039a5503ab,0xedc10f1a8f027874961a3e01d17675d05d408c6a,0x0879a45b625f580b5d9a27ed7241a138725c4abc,0xb5c7d48126442a67e68e3cf6b1c448aba4db242f,0x77fccd013938dc08c92789b22ff99a05a8d302d3,0xd34586fd34888debcce382efaa8bf7b1ce524620,0xf0a58c186a1c1fd3234eee57c927315aa35f1ee1,0x65b0d5e1dc0dee0704f53f660aa865c72e986fc7,0x8111e98427e0f4d8674dcc08612f5690fc4159a8,0x3996769bd6bf1f7380895bc969302804b3d3125b,0x06864f65c07c3468724d7c770bba695e818f8d71,0xed73556ea6275e9327f11fa5fdd4f93c5522a920,0x5c1b9003af246da3c88d1f75c7664b67e1d1977d,0x9df712718352d875ab2c294611be974251604061,0xa2b8c2cf0ef152d1b41da9ff0c2a45a3757ac219,0x2c62928fb0674d1e3bd62661b32a9b0d66dcb5c3,0x74ce273d4f19ef1cc72e96a2ac09367803e34eef,0xfe56a0dbdad44dd14e4d560632cc842c8a13642b,0x97a23d276e9483e3d0d85b5b8c1e2e59cf02c829,0xfbad3a2871f273a03f24fba0bf7f9d60f0f460fa,0xc7fdbc5fa4bc6d46c8ca4856dedf1c4158e4af3d,0xfa3833e38981cb2bec5fbe88a4ac40fe8c97eed4,0x6e9b756f2dbdd1fc8ed480b84646c2c1dba6ddcf,0x523d643e3d7c455d043ee11b51bc8ec08f6ff474,0x7f6358bc052f7a2c0dc4de414267c91b424c11fb,0xf55a9048a22dd412b5412a632549e1c5aa818fd2,0xbb141784235d78b35336a23579bed35112ff360e,0x43bc36f0a5bc49afa5883840e65ef585c65a9a31,0x50481e120c49588779bb110bb5a0d468661ca5a4,0x5e01b2615e43151bc1c065af704a9d9d612f98ea,0x6f43b8d885c9708881df0e8ebceae9ea0d69d848,0xeec8cd78846425f438fb8ad2b2d6cdf0d441237c,0x642739dc9c0e365376a0aa3614d21a12aefde560,0xd82ceac9bbef06411742e9c2630a6833970b8ee9,0xebe1dcc76194a14c365144a2db6b9fb1d84d8fa4,0x9b38fb77581bc9b3a7370fe008ac74ad0c66150e,0xd9f3aa7d05788f00deecd5dae3caee7b001bef2c,0x93c3f53f788a877924389abae278807d48908cc3,0xc0810e5f17915dfe97b57947a3d84094572689ac,0x2117c37a65ad3c0489682386f7d81d4c6d08b3c8,0x0fc753fce8d1577368477bd2e15c461e3384364c,0xd3e56fc7d6bef228519138d465850d11863ba7cc,0xb4d9bdade8cdfd7a7befb7e741348dd23ed048ca,0x2364ff631b97d71d33c8f0fd4ce2047e43584570,0x440958fff2253d37a3fd2cdabfed3b881ad70416,0x932ae0c0379cf0917fb0e435be956848932f6656,0x81a5afe3788bcfb8ae5043481f4b705cea57096c,0x5a5f82ea3b67c5ab411d40564487d033582296ec,0x0a93097071a63e1281111613451503980bbc5393,0xbe04e6095aaa003e3844f919846ffd4fbd58504a,0x996445b34d9d4f48d479f7f234a5352b90436c27,0x7c9ddb97cdfb2ecceff09766a947bbf0366c7190,0x42a9cf901e889ca8a685394854c27898dbff86b0,0x56e54052994fe5742ecc80edc0b2f131fbaa920a,0x287216a9debd6602592d636ad0e71c48f2d75a6f,0x84f4b7a1e35a71cfc7c54ee67138bfd955781fc7,0xd14756cc36897beda92016f2c609bfcd5fdc84e9,0x98c00aa8e93795cf05b3bf89e86913f4972be183,0xae872c90469c0a340f0a1cc06697978816b266e0,0x3238b53a910b69f5dbdb31786613ce944536ba19,0xabeec051c98510e1c6d3f85aac99cc7d9b2f3f41,0x4693f13dc6cd1d950982e59071a4443b8775b6e7,0xefcf334599b65848e3888f0925d805951b818d77,0xc7913c636630061f33888fad7cceb0062bd23373,0x9e8024acc28dc8c749e780872ffb672d2c178c4c,0x1bdd4f919912d46fad19ba1998dc8553a2caa143,0xdcf19fed004c591cc6a3c23fb2aa3c00523b9993,0x1ec310799596515179c0a8ec99b4c9a882883d5b,0xee3507d9578ff85823e83e99f746dde94823aa8d,0x013140f3c6d14895959b9f7f398a4346bd9c69c6,0x4d3fc3ecdf66bf1ba88cdd8509331bd45968aff6,0xe87752e28a1ea772d72d2302ba39254741a5b094,0x3ce4ef262d5514fdeb9897f532950d9e9b2fa7bd,0xfe1ce36a04ac5d4012b76fc15e20dfd95a420cda,0x2a19ec982e3a775b6d92313365f00be5ffbb5c82,0xa1d05abff4823fb7f471e7ed6a5781485528c755,0x4223cff7d7915d5f3f3a56920119ff9f425b6a05,0xbf1ee730f1239a64513ccce874eb8f538dccabd3,0x4b6231189a24f9cfb46f266e9d8f8e0d4511de33,0x6ebd9c84027ad2c043ddb5aec406b8694083ce5c,0xaaf7f903406e8bdbd0d3440d494f93ad7b0d4a24,0x8d7dc29e37d588f8cd2b076fdeadaed8d6379fc0,0xd0b7275339f2f0ef89435cbd359e50e4d2654d7a,0x712cd9ff90125225e385b0911949859c0bbeea1d,0x3fbc86aa019340308b90179f4bdc047fec14a51a,0x3ef82638b94b442c40a16309868ef3664aeb0b8d,0x6b222f83844024040fb4b1dce32abd29491e6864,0xec8676ecf9acf53bd0cbbca0f95108730bc49c39,0x5ca4753424a7611b2cafc01841d34eb546596936,0x4d822a8cede7b180215d95eb968d6fdcf288560d,0x1474765f333e1014a5ef7e73ee626df58da4d58f,0xd3e4543fa2f2a9be0d65e0eec105a35c2c5460d9,0xaee1c28968794ee0eef8a9f3e90f5b3c4d39f6c6,0xe6d7d0dab7066b9236d541f92df0bfa838708d5a,0x44c439245a9cb4ba14759a1d39335e15c4f1c80b,0x8ecd8f7aa146542e4fd3504b6b6c87cef6a31456,0xf8d8c9b16f560dca9aa1715bbfe09deace7fa165,0x788a16fe03833052c9bebc1d6a31571cfa463901,0x6cf94e2a75e97889d7d48f204fd00f2e2ecacbcc,0x0e6812cf253c7d205d21076a2748ff24cd032198,0xff4976b6071f31871fc5eff7c7ae5f3d65b65b5c,0xbd656496d5b699b1df1cf5bf8b4e4713147e5c47,0x965b813b302dfccdf6c2f676d59d7d3c960d3582,0x413d7c8db2837f4057fdfee9d4097860d96e6e07,0xc5cfb51072c32d255b7e0848e2824f634cf44874,0xaf188971a3c16bd4afca56022d357c01b1af57b1,0x75242ace8abfc04715fb4a829433975e8827d262,0x1f28f2ef476178baa1bdd52a7dd666046d87288f,0xd1214429ccc78306d9ad2f7ccf6d8c3dd1d85245,0x24f28c436f6ea44800e3f978242f66b0e706bbc2,0x426c75b9cf46611b709a6eb545088effa51acebf,0x490982cdfe0951883a2f3dab7f3d86785a73e5c9,0x75d01e3fdc59d040afa12bfc9db2d3d7072e46e9,0xe7ba0da73b9d15f5d628bc99a2c014d839691762,0x11264a377d625a3dcb5b52ab69462eba089bf44d,0xab3dc210bb445ca8a51026724e4b98d87ecdb0fb,0x25a54b4553f75765ca0753bbba000b9d104b352c,0xef80395b4943e1741c92a6f2119eba58cfed889a,0x7a23e0890176f775c30e21c5d58d5172b0873fe1,0x1e47693ba38dddfc3a0bdce780bbf2d571d2315b,0xb60f1f5179f1d2d86a7583a18b823c22788e65b7,0xfd27c42fe585a660bfba110b7742e54d54174502,0x9d549ce0ca555d341b6f7f66d8f3cfa5282d3e73,0xf06d6e0a6987302613429aa59a79bf6a6b8595f7,0xfe0894f358206f563420a6a12948a3fff39888cc,0xeb8efa8cad41e89986aef7e896a06fb2f1f7e932,0xf510142f0b4b020eb2febfca3c5047c56a8e519f,0x68706a75cd5e9956542c4e2aa26a2a7c6fe96eeb,0xfd1e654ff2576b7d62e3fe0da64c493f637b5b6b,0x86c0c2bcfe7fbad2039e7c97afbf8614a6c25894,0x67645bc13a6b54f080c53fe5cbfac94cc0c7e349,0xd419d53817e1daa7b2f72e51707774f3ff0a54a3,0x1e94820c0f9f5e72ca72b4f5b8d04f843ae6a17e,0x43bb3e05474fe770a0c885f3b7954837740c27bd,0xdb776fbc0aa708b7ff264c94aefa1c2051f963b5,0xaf7f5869a382fa3c7a0792402adf95b5ae26f074,0x5071f6651e53c7e1a2ca5912ffc1eb60b2ba03c4,0xb25dfaccca3ec488c9a5ccca5936099a0b998d1d,0x012e01e9b8b5f42529bbc18c5f48050cc80711fe,0x656793bd7e7da5148313f2877359977b489a6cb3,0x0871e6872f0cdeb32eb013648a76575b4d2dba80,0x4e1405d7e9d246395bf1900182b50c954c7d0b71,0x701d28f43fbbdf73daf04632e303b4bc954d295b,0xee47d9ea001802c0ee9eede7f90b19f0304ad7a7,0xa3dd235ce9a4a1e4d01527b41477561a915ada72,0x35a12f8dfa622fc04e15de45bf9bd1aae755d2ef,0x51d2c880493ac63140ffe0e645cc99afc228ab59,0xfafa10fbacf6463fdeff6fbdb091ea542e2c11d8,0x84e1a69c6c512544b7131f149483f0fd13df5cbf,0x516daf923c6a0090cc2e6622fbf7f58ececae459,0x7191a185b43e4d55c53cec0f32670e3b2590bfbd,0xcdbfec00ea28d78a988bf12ddf87f0ad00b0fbd0,0xa8836881dcace8bf1daac141a3dabd9a4884dbfb,0x99848db43d8e534542afc8dd059e55cfa894c8a0,0x88597911529516fbaa202938733fed16473d07a4,0xb6604229fdee28237a6163d6aff5b9f5640ad63b,0x335d2d7a806243901172aa676ad36e0bbdf0bd01,0xca4ac6bfd8f28d576b4f37329ea849ed753ea65a,0x37facdfaf49f698293fe01a4ea933b6356e977c3,0x366b15bcbee0b498a47899261e67ba5feb31400b,0x62ade167ca4632255498550ee748ea24013695b3,0x121da08dedd0fc5dbdb54472a3c935191fa9c66c,0x35ba1c89d6a785a6bbe0940f08b759a8eb2b9386,0xc1c6a7847310be36f0a1f996cd29077470cc3d9c,0x126543757aec1758efc113cbf0199456d9fa17b2,0xf72ec7bfb2aa9170859d5e759943a96d30fce15e,0x4177460ef2cbd8146b12a3d6ad6d7bbd43e691c4,0xb3e8d332ef4730e6e6d37ba9885edd515506b19f,0x7c1d05e25efbf0702c32c1d819f3f97ac88e4503,0x96cd83964e0f3685e85d561ec0d879f2de18b79f,0x7374bb48a5fdc16c9b216f3fcc60b105c73d1806,0xaf2421c87c72e91e08c3126d89dcb3d8a94fe702,0x872614fb3fa7dfe8e4b87bfbbcc37f64799086ac,0x0d4f0f044dc5e2b059f11c6a5024d97e05e8f85e,0x963d819eece1430855623ad1f8f9da6559908e03,0x694964d36a4c847c6c5e2777427804ec1fc94699,0x6b10cc1875cf7e979533e89521d8526e103d9bf8,0xd5bc8fcf49a25ccb782c18dbecb0bd7630e1d69d,0x6283511fc53c60c0a0a1848ac88ff46b5d2496ea,0xfd1be33afee9791dde1854abd7f6a1de66996654,0x2910a33af552b480275e110e63f57c0b0ef89aee,0xf43f2416f41b0b58086ff06040115b9522dfbe8c,0x5e736f1f25992b2cad20ded179a52823d3d24b26,0x954f1d97ae9c4a27d012e70ccaafde29822b3f2b,0x174705998fd432a40f59b59b48aea817fff97527,0xa4cf0fa3eade803c7305ad7db0080c19ea09d445,0x510b301e8e4828e54ca5e5f466d8f31e5ce83ebe,0x360d6d3b1d16aca68aca59b612cdd222ba74a45f,0x2c09820c5af64b7343c8dc5818d07b9fa434d955,0x280a8675cf1d930c638f4f9eb9dbe75823801d5a,0xf4d2ea5ebd34931885265db6a247922c8076a1ac,0xbd06b8b58ad66b9597afd5ef1edad5d7aafa9e83,0xc6cc645b2fdcbed1c3f8c32f3a63904269f1c74e,0x9612403591a7676df0628e3e886975631cd6ad43,0x402789075377a714f100472f783a65f962f7e020,0xc4d5eeb82548ad6e3615c997d350c0515f715c66,0xa43709adb1ebc2a0df9cedeadedc9e2f4326d342,0xcfa77be8b5ceda4f2aec5fc829fb7f061e51cdb2,0x2ecd40078b14f54a2986fe92d18d7ae4eca36a09,0xff16d64179a02d6a56a1183a28f1d6293646e2dd,0x2682c20b8a8b00af1bbbe87931c4d3c823f0bdd9,0xab978656e31d9f32461c695679227273d1e5dbd1,0xcf63e1c31805254b6fb3ed7829206c2b2505e3a7,0x1b14cb89401b10b4755e9bb4d1466425265048f0,0x321c8e67048b48bb6501166cb7856046d80ed492,0xc53c361bfdbb4a22846319063eb35feb457d68ce,0xb931d79faf2c38a8ffe5235ff683c44e14b0a63c,0x4aa2987b46d43ea8838059a0654d6442ee053219,0x8a8feacc614fa4b59cc2501f680c28e98e57bd14,0x6bb71c931e97b0d08afc6b0b57e76e0319dba3a9,0x146871e678ac017bda868d149807deb4247b77cd,0xb165087a0b3a517f185ca0dc8e71d0aaef9fe043,0x9455f8d2155c3cdca3105724c8662098241149a8,0x6fbf8fb9ff39a9318b0e096b3a15120c4ab933ef,0x3eaba81dcdd9dfb51510abb2c0e976ab041f7a0d,0x74e33026f92757fb617f6ba772f727c7633d07ac,0x8866be3ffc08af21ae821854fab93079b456d495,0xb7037e02457034f549647233a082e996c1b8f266,0x23a8b4174326da794d691427a25def99e4169434,0x63cead176085285a17322f81a5c64037d0feae22,0xbdb1be928730dc4dedef5fa4a4b874fc6124f979,0x9c2295c87b78ac4da06dd3bb5964e55636306cac,0x6fc0801638f9920472b403105e921492edc8976e,0x223034edbe95823c1160c16f26e3000315171ca9,0xe62dc27cf5f26954b9cfc447c5e8ab88fd1160d5,0x42be2b7ece609dff713a17b825380c6a4c364879,0x05e6a2bf8412c70031cbaa90b5fd74f32ab5ed82,0x7e55da3cd252db29d064b94fb5a47e5330e8eaaa,0x7da9f814353ee063819de25f034bda01d7e8f03d,0xfec31d2b02f0e35099f33dd2bfea7c24681bed27,0x11fd748caa1d57b7399cbb3b36f9085e93f915ac,0xb3e7c32d7c328aeabc8f34e90a879326b6482750,0xddf4538cf464d587fb22d2349a465b16c3ffaf63,0x6e42f8b09421ed86ceb8eee1a272382e4958de4b,0xb86a5e504bc52b300cfec4ecdf27569198dd67d9,0x1f44b1c34a7b3c4a9e41826b528970b90226acf7,0xda93c8286c47990e922406016f7eeddbe41d9702,0xee5c548cb817211f8ab8057b0ccb84c538ba5410,0x87e6888935180a9b27a9b48b75c9b779bfec1f76,0x2ae6988b0c4b20a88e6a1c27a348185917443ef9,0xa665d83457cb91c3b254b35a5d61143f66473be7,0x6c140a97cb375e27f53e85485c67e9e7383d4067,0x3bf7a89eab16230ea0c41aa9e92b072586bbb336,0x29c4dbc1a81d06c9aa2faed93bb8b4a78f3eabdb,0xa259fef0a92ef74abd0338b2fce0d30a3e0bcb1f,0x1ada4af7f8fd7fd3def99acf7509621541de1b59,0x639492eb58cd00b4cdc885a9779c0857bb6d2297,0x1cdfd5fbb5eef9c44a8ece6c04bfa2410ccb6171,0x84883496906063d37f7450285410428aba8983fd,0x859674beff5185f7f47587ca54ea4a449b24241b,0x186bad94057591918c3265c4ddb12874324be8ac,0xb3130374575ea9e2c6f2c67e0e77c2e08dc12e79,0x36451dc166ee52af314b64f760fd2e38e5906f50,0x414978975fc7585d5fab4857210362d172618c3b,0x461783a831e6db52d68ba2f3194f6fd1e0087e04,0xeb6034a68022c98bee048f92b103c56f9e0f80b4,0xc5ccf9a0358e3299b8b969d72e97b111f488ea0d,0xab3cc3b72d8cded6be4b74397f568d42497f4763,0x15bf3d031b7e4499252bfbaa868364c5e229cec0,0xa3a0a77d44ab389b1bbfdd6305a82a872449c8a1,0x71c3d7b97e5392666aaa7fcd897e49ae54a9492e,0x724e1a06de3265bf14abc066d6ed24a617f8537c,0xcbb319ccf8b7c3d6d4728893f45f7357c2015afb,0xcf8fcb37b7e4af7e2f79a6ff813b4d899ae70bdc,0x1db3439a222c519ab44bb1144fc28167b4fa6ee6,0x6569670be2ddaf37dd071409c80bdb2995e3e51a,0x8d72a9bebbd5160fbd61e57bcca7810b9f2d1d86,0xa1d49af3a4c2dcc55919c25b535d24b4d6045a05,0x386a586131cd525cd0b42e0d7cc989f99ee951f4,0xe96fab5e5be2baddbbe20e47d41c4f9e77976981,0x1def40db96418beea19601b1aa992ce490948604,0x70cf494ca495498008abcb09af3c1209d404f3f9,0x09bae7bf0849e41f35ec8d91304b13dbdebd23ce,0x61d40674d4b075c1acadb0bb5bbc8beec03fdceb,0x361d77f81bb3ca0d64594bf2089130fd42b7a96b,0x944bcec375b9a13f0c9639aff4c80aa0888b2f71,0x98064493535b22f6ebdf475341f0a6daabb7b538,0xd2dc528896cb3786027d63b9eb05cb218abedab3,0x7b90e91c9d511292aa6b721996faf69d3ce6a0ea,0xff43229e1a7257cecd40e112ac35b5219cd2d076,0xca38ca5cb2585c03607182ff7b0ff4fbc4d842bd,0x1a330fd9adb3e8a236c734f316b5d6a36b792050,0xccb20a02c7de800a49995a1858d7b2fec173a2cd,0xb0325dbe7fa891436e83a094f9f12848c78e449b,0xa6edc956290b7ce416c5d8edc67e1c32506fe099,0xd28b8b2bdb45b900dd9aa2e0cf16f564f74a3134,0x4ba023aa9196a354c008ad595f67e268420b7005,0x1cd8ab7c8582d4abf74279061dc2bfd75ebcedc7,0x1bdb1783505f626a55a5e3dd3e366df1cd69c055,0x4f21ac7c0ec0b5731005f85544cf17be808a9fbd,0xcd75c47b2ec49e92cc673269b53d1a75d023dfc9,0x445182973e53e89a223b906346eef3d995aca3c1,0x2e653fd2d2f760f46c00895f6520973eb13db2ba,0x8a082a33de0f5c02a35b785c80cfba96dce5a533,0x84bb52073273aba51924e7d665cd063c1d1f1b2c,0x37427767f17ac6c8d44c608cad991aa77364fade,0xb6ee85a39ffc814595228d0710d3c489804bd12c,0x71d2506dc153458f79fa9cf1adce270ef3b04b46,0x9ce46379b5eeb3cbbbe2b008825d2ac0fc52813e,0xc7846aa5b84b8bd921d55af1322f5463d207204b,0x3dff33cd2a4476739c814ffaa07d17b27bb813d3,0x4e7b3769921c8dfbdb3d1b4c73558db079a180c7,0x08550eae4d931aa3acc4f96547940d57549efe44,0x05189bdae2681091c70d9cf7cd201a4b8878031f,0x1fe3747e314cef45fb0c883c0da53ca548d3a15d,0x2249b0afb6af0c2da29d46a647144ee6e894f700,0x15f08f623d462d48abeb6425a867dc6e54722781,0x1a4b0923b0f150b5fa8cdfb2138d0d78b1ec85fc,0x08ef50ef4d59830fe6eac3ab716f104f410e1d5f,0x38e4242593e9536eafcd5c060f0c4ea45a233087,0x505846a0a89dd26fa5cd0677fd5406039c218620,0x52ad87832400485de7e7dc965d8ad890f4e82699,0x555187752ef6d73758862b5d364aab362c996d0e,0xc33d98e88682c883fe32b8f6620660692092d39f,0x911c0bcee87160958ba6d7bbcfa76c8a830f83c9,0x2d0920ac9d736bdc607f61439a958f798c4262bb,0xe75fe8be89d97101d1d84878bb876a1e6b12b83e,0x2bfc6b12754acd76be37fcec9f17a7605cbfa828,0x41a2296ca2761705b79158579dd2152350b41040,0xbbccf6cab5b3aec26b0cbc6095b5b6ddbacfd59a,0xc1f42e8f48ca2450f4363e26911241e0ccc134e0,0x8d01acf351c54c3455e389ed7170b2f872956bcd,0xafe6824720168426b0b417baafeb8641fc34458d,0x053b7f29bc6d95182f0e54efc86549938878647e,0x4d0907d21de3bb9889cc4eb46dd3d8ed69350847,0xd1e861a7e3374d5d9789d8135e15dde4a13c9c5d,0x7c47705f3ed77e53edfdcf6d6934adb3e97a3d49,0xc1ea134e4743536755c7bcbc0547ff46bbdae871,0x5550519d3ded948884ea0337e3524c24955115d2,0x638683279cf2b960b1f88f00e32eea7c261a4356,0x09953fe90b2c93ab6241138b49c6adfb9ce205b2,0x66d2b0644231ad8dcd2f049b5a0e992dace52718,0xa46b08e0c5f841305fdcc02578c94bccee5951b1,0xac3d94c525c3e8692c739057710c94b44e7f68d3,0x17b581d604d011198ec115739f581f7b43c7b7f3,0x6983feceeac553485e9a9ea211d2695aec536d87,0x4ea70ef100eeebd5c2e9b64fb113839238dd5750,0x97fa832d1267c30de7c913a4efd067fe7cd1ff2d,0xade20c04492852c0472117c90d96f80d08f25cdc,0x4f09f04f751e47ebe22b8b593e10623320c75a68,0xe5f9bb4afba582ad492a1b0267077c47fd286b88,0xd8a62ad8a7efa8a3267932d2e478c026566fbe34,0xd0ed0acb335e4fb02df3be93396d162e0f1ec5a3,0x591378aa916ef5a8dc879db15bc9e9a030653ada,0x3111327edd38890c3fe564afd96b4c73e8101747,0xae653682dee958914a82c9628de794dcbbee3d04,0xf57cd9814f64591ec3215bf484ce728687f4b6bf,0x5efabf7f30652b9126fbfd2086eea6e038c4679a,0xbdf6e91249c335ddf3f656c465326a69c13e1eb0,0x37a0b812df40b57c168e80f4d86e22d4afde6469,0x81016b5fa82b628e7653e63f43882009f90dc2b6,0xb7847ad0872d0cc4ba154b940ae186deea8ac169,0x356cb5e5e2fdb615f2050dd065be89b83f2026fd,0x6d57ab94cc0112de2b45e2e194f7cfcb4ad18629,0xa24352c697692842a950da4888ad15604636e299,0x41cef3e1a818fb300299ed1d99ddc4d28565a719,0xd1d51dbd5e51e65c26562134126f95f4a4893127,0xad806d83c3687cdd1059c92c32705e3e787f3b81,0x9074495c5de3ffe89a236cba05b28e0400f5a014,0x71a7006a7cfaa6126f8c58f37863db63238b15c7,0xb00e81207bcda63c9e290e0b748252418818c869,0xb941f9b7566e7108332a9ec187d222a1cc05e422,0x6dd92fc9d6eb5390e2bbb6931ebb45ae2ed7c4d7,0x3655b4c2e0cfc041067bd037eb61de0eabcaa6f2,0xb3b25c3fa4aa0da7695aede9bc8ab06512d106f7,0xdbd6027c80825e3c26d4331af55c3dc19c1dfe8a,0x257f24060ae5ac8b5a38c5431c8f95bc5898587a,0x7b4a061d5da8e517851768c8379e34d4ea183f6b,0x26178b2d798cc00b6d5a2a12fcdd9deb408922a2,0x98c8471b9d4430a3be2a008de2623d5f21c81474,0x605b5f6549538a94bd2653d1ee67612a47039da0,0x89261103fa88a913c8d0debd00574fd16895407d,0x4956ab5f2bffb74f5096545dbfd5ba7fca9ea1d4,0xc6040c5dd6e0ffc994aa2bf93cd50d77d189e019,0x4d8641d8542346df67a0b1c8f0e822a561665d14,0x4b9390c979f3dff5868d3152ff0f5d09b85636db,0xc024559c710123b6caf5d225b56913aab339aad0,0x945abd76d055b50432e24dc4da125b3257a32b26,0x8b5ab334834a5f40f12666bb481540c98b58d185,0x967b073201215cabbbc0f1c1f2b258683b495cb4,0x48b72465fed54964a9a0bb2fb95dbc89571604ec,0x3babbc5e1566de998ffc82d73510647d835e01b6,0xf6d89c66797b2fc06aafd78bfef8d4ae2ed79683,0x03cb001ce2050353fd475bda303399c66d813731,0x72a637e2bfc6f9878fba7a2a80832171768bcc15,0xfc05d4cfc96eaf17e4aeb78755861de4d5ec46a2,0x9984ed009744e98dc29e91349ecfd4f4d638e4a2,0x104d4898affa97338e33042fb5b4110065be2f23,0xee834c91e6c9843b9cb54941ad3544f47cd8556f,0x7bb834017672b1135466661d8dd69c5dd0b3bf51,0xd6a9d6cc61e88aea4fabd9270642ebe8a1d2cde8,0x99c16d5f932ceccfaf53143e85ae18f03256205d,0x0306c61d990a11704831f0424b75cf799fd6a2c4,0x133c65271bf9990db6da7e2002e48c2342be42ff,0x03b513b7a591b7dea9fe61e8ef14246d53c1426b,0x5c724c73c5326cac35b1579cee193c619792fce0,0x58a1df6735a982245eb9671886f9b2adc00d6a8c,0x7c24325df911276189fccddc3977fdadb8e72d0d,0xbc5ec594509ed050f4a53eee85d92af6d2529b56,0x8dd8532d2695b47511a8f0497dd06696a8c6135a,0x4311bf2f6c7f51de2da6d187edb3a3cabf672340,0xa67cd3912dea68729bf1ffff62c21cd6a9c1fdbc,0xea083fb58807be042374128645d67f882f93b4c6,0x349509a9e84545e3b09f4b90ab9243da48dd9481,0x08555f0c30f741bda22fde6f2d598d2c7e442cbf,0x17bd9a5d3eb7b6b4869af66fd576db5fa2995990,0xb48b2ac2c79fd382fa564660c9982e846347e610,0x6fa511a9b6cea124e73a7a2a9824ac446a0db96f,0x98f186ccb6b0e8372fa81e6889564f5a81476531,0x9c90938599fc2aff17a03ba7bdaa1047231979ec,0xd947f096b1039ee6931f0e26eda4bca29b887a01,0x4d99d767477fbb2b47efeb17e2a78970ad22ccc1,0x2d9d6335074dd581c24ee138f96c1655a107ef05,0x37380ccc6e6771dc135b0b83d0929c82f9ad5b45,0x126bd3253b1ee66fda32aa43cc37cc412627c204,0x9d50a80609aae214b8d6c34fbbd010a9d4769a76,0x00a8b322dc60c5228dd450e17af5fc7d721b44a3,0x1b113ee84135dc659ce64d17ad26fdc3ed62ba61,0xe43780b5707a0474c8c62889ec9139dabb734ad8,0x1c2e860a8b42934aa449715a0a0b9394eb925087,0xd8ad762749f5d8b0b0024e5db988056aae285a22,0xf15968a096fc8f47650001585d23bee819b5affb,0xc0ec046bb414521dc038414df7e2cf7b123e23a9,0xcea378d3f9757846f91e690d9bd92e7021d46f28,0x6b0479a56728b9db8ca15914b5024e746682b1e8,0x3f20e968a304bc825aa1a45228fdfd2d3d90c6af,0xcfb5e2da396b991d57fb52684eeef27c4c03fa4d,0x40180690055030f8bc6258805990339675d108d3,0x9492592b6d9b97e54748f29753a2ce40b53987b3,0xd8e9c732722d945b0ede57225405f17caa6cc48f,0x60c7d0a2369710a73dcf8cb5c45a0c695ac7eee4,0xd4c7ac4e4ca65ab5540475066b1271fdcad414f1,0x1ed27c7457b1ceba3b5a882c7950c8a12bff69fd,0xce7170723aa9b57bdb98262e7b536bd65dca103d,0xde3f668480cb6d579e5bef4928960df106e5b79a,0x5e597715ebe0abe5618bc1dd5a7978d9350fa64f,0x8b643ea1ea96bf9dae435f616c8ce353a739217c,0x846462ff6a1f5a8ade6b0cfa95a61e46ff272c7b,0x956b4485d770aa619c1b83bfff5f56dbbad2b8a1,0xc0b54d4b9d2f10fa883ed1c36212eddf97a43cc1,0x555d6dad9528f82fd67a89f18ddc525fce583615,0x619ef3a15e790daa85296d1eb04d0246f7cfff5d,0xde7a82fe90eab3f5235552f2137402a69d53fb94,0xea980cf23a6014d49fa08446b1e2819754c68857,0x516c93485c88c99a59177e84730f4f444d96ed74,0x6c503e781ab9e53d47b25e51dcf1bb9de54a3cfb,0x6f0abf5491915d5fa104a54ed0a9faffda867d4e,0x635a10bc282c9ceed755d185809f753daa086bf3,0x746164eef43f58f11f6e86f6e4b08f3d3d4d2721,0x196a3dc8446920cef0f0d1f6bf7ba5b40702c79f,0xda25ee226e534d868f0dd8a459536b03fee9079b,0x97a3211908d337e399b6822ecb20cca1e2038074,0x7de27209440cac3707ac0114337ffb2e0b87b4ee,0x401b5ee51c4834e30beb441078ba5843861464f2,0xd1221ba0709aa6f7ad04daa5d874047bc3066de5,0x7f33f98ab477cb065074c77cb3c565adc4b39b29,0x8f55c7fbf232eb3855d468c24cb6d2fc0c504a83,0x2b5ddb8c955f8e5ea91796452ac8e3f9f4f09234,0x0f3919df445d245788ed2618883b080fe53a5010,0x3952bac4a40cb6885f13848c3aaf517559c0a334,0xe819c1bcdceaa3d2f8b531adaff62b10b81d4908,0xa97bc5dd7b32003398645edeb2178c91087f86d8,0x0b4e40b69fe7cfa3a965bf2f0a93df80cf829e66,0xc9e7a40b20e2b10b3619109a74e9e6ef17c31299,0x4f45178ac3b482a611bf8efa1052945d4a349789,0x3f82992356461eb0d35597d445b680afe3bcff1a,0xf572e6e1f43fbee0ce9953e867a43a73ba7c0020,0x9a947d718bba58efbe3eb0b6bc55ce27991231fb,0x1c0437cc5a827d7f31b3c0dcd78033be25743e30,0xf83c995bd2d3290eeff0359c469b41c9822842a0,0x7d9e041236bffe7fa424d6d40e35ef459f668e67,0x4dc7f4d81566cac99bad832e3fbb6d39f88937e7,0xf48be905e9013dd8c32bd426ab2f6eade1898275,0x52af239d8169314c6c1ff51539158e55b65a1a99,0xb87c61965b9881200b0922e0731d70e4892f6fab,0x3cbf0bdfc6d55624e7f3320820e9ac7c46f1e2e1,0x53e0b897eae600b2f6855fce4a42482e9229d2c2,0x3dabe1ffd510adcaa69ef44f761f358f399df247,0x340f6100855e1c9766a38d147265110b8c60fd80,0xc1375a61da72370b9e0cc289683c7cbd5c756be5,0x88b158e44de1c2d75404678a46b0690e16d65df3,0x19cf75f075a478d93339f30d3a8502ac923bd010,0xe3270ebb0649b6e2d8e676930f4495f82466ef12,0x67f92c60de8d64bf83060db5199e57a80e625014,0xa0ff123d68a45c68c7bef1e71dc05389ade7e986,0xebdf72cbf76a0f5ee5d4da01e4caf7f9d47819c5,0xa29fddec9c36bdd680d3f5867735ff8949a7f15d,0x1fbb4317b3f1a8bed4762197d042efb7b3091fe5,0x908085a7cf9b560ddad39da34b5e1e38fa82abd8,0x1625481cb0eb27997a873e060cf9d18ce5025774,0xd38f677600ad6d1f4d3f4f0ececc89ea1f3a6636,0xc8e01acea291e4df4fedee1d3bedad538d4c9e59,0x280db0f897b08e2c8d72ca09936a344f9f0fff49,0x403bb7020f534058bf8a0181b5da436516f0da3d,0x282d126c051a739f14d15cbfd705f4e6d7c0cc57,0x4e6527270b738485b73ff3b461516c8c7aab835f,0x285b7eea81a5b66b62e7276a24c1e0f83f7409c1,0xdf1e886d9c19baeacdd3f919eb1a16284a294df1,0xe380e4b84f1a9c17450b14d82a2f0461d104c36d,0xd252248c633b94a1ef4de3c47902627cf2da9ebb,0x8df7213aabdd8e85945038608fe09ad03d903fe4,0xe7458abb03af00342993b63e6dcead3ff8ed4d0a,0x6b3d6e5d05e595a33fe6bb65f09df28acbea2848,0x056d2009b92392ab76568e87d8979a21b94f1f8f,0x8c51769cba1d2c9150d0df39848efe05367add63,0x150f2c2d199a54aac8dbb9959c99eed50bdc4ea1,0x0ccca8c7e6d5f5c7a813348424ecd3dc0b888062,0x798cf8fc6f212da30b10cac6e05b4bf275c34bff,0x5d76718bbe8169e7244f4806b0636518c3197aeb,0x2f43a7743b57819e5be7eaf09d7be80a75a247fa,0x345ebf6d172148d5f4010a03c8ea24eb82aa19b8,0xe54818ac8e0691567fc3a3d4e1e04ddeb7ed6e46,0x4e1083f454cae424c8c1165d4f8e0ef5e462cba7,0x6a2650a2c8b456d27940fd1b8372c3d19e452c0c,0xefe6ac2af34bf98762aa7a3e168d710c116cbb5c,0x908577127a530c7f3fff655ce78942bc53f3f95b,0x45f1e5d98b7c338cd7cdcbcecc47ddef193674b1,0x3241e70b015cbc7ace3b8902110527b3f1b0f2d1,0x55929bcc5547216e4889061e9f950e51a657027f,0x0236cbee20e199144e7435f1db39c482448d8534,0x822c4ac9ef3487b21693efdb7afcf66b2bae842a,0xae7e62bc7609fc65442f29c214a2fcf997af07da,0xff371fc81ec7ddddada4f76082c5c90b9e056833,0xa09d2530c9a2af1524b5469aa365a78934c39035,0x0709b103d46d71458a71e5d81230dd688809a53d,0x64257b8a791fcf74400b828b22ff0f3a015b4ab7,0x0bc3668d2aafa53ed5e5134ba13ec74ea195d000,0x978aad63fe35f7a72573c411c3dff53608aaeac9,0x7eb9d67f9daea510399a1ee978b36e66626058d3,0x5538c847a9b2f43a4ea3f9852c2af14267af269e,0xa7663228477ba297f63ab7407c04d65bb23ce0d0,0x0784051d5136a5ccb47ddb3a15243890f5268482,0x307ae8e95ebcc777b62d92988adb7b15850a0397,0x5950a5c2fd90aca55a8e2f78b5d4708173b56f05,0xddbd5463b34cb7837f3744b6b02b104fa4fe065b,0x301d71929e484daed55e9d8da63debcbdbbbfe40,0xe126b3e5d052f1f575828f61feba4f4f2603652a,0xbcde76725edbd9fcc15d06af33ed5507a06841ea,0x04f99c5bbf72adab8975aacdbe7816458f66a837,0x77d19c6ba52dea803a87275d1aab112dc925f386,0x5dd53af2e32c31ce07d5ab8604922d2309ac18ed,0x4370e6bf14edd96e919ac75c9933985f4e4021f4,0x34724dbc1d125dc6b1d5b35e4c5d436ff11d4605,0x4151a61328d1486465fef9e0707f2c4f96d47c08,0x4e06ec045a1e0d66ff11321b6584ef8513eb2b12,0x8a4be91876a79453eff17d4ce4b1fec685f57213,0xd9a4693bc2d2b0246f931cd307d2bc53328cd73d,0x04b383ce58343b3cb2c8489698c96a98de6843fd,0x689dba82dacb21ff1f20517d6c33c355061b3866,0xe700e89dc840887790174d6132cece57f7fe8af1,0x4754d64bbb97ef060d372358a27c0f9c2c9f71e3,0xdd23adc977aae99f6e16cf636d8f06ee9b3dfffc,0x0aee3588ed99f6f7ca09c82cd56c1a04fa4ca2cd,0x3215e152b2a31466914ed2d0eaabdb2349373da1,0x8e1d717b01193f971e4bf123a8257c6bcd7916fd,0x0d807d0ca70448078220efa878d43f61bce3a5c3,0xa863cc2a7a859b2b76128340d07d025a19f0fc9f,0x46fdbd315ea7be3663218847185407510259e25d,0x9909fe37715a85a69313eaac6873ec47cb9a8a37,0x4bddbf476a5a22d198f967d291259d2ca023d342,0x97f277ab077d32d7368dda00b3a03924d6d2099a,0x01695868f8069b7c98dab6ca0ae299ee114f7725,0x3584edc284e153462ef2e831ecb51ec501715ae7,0x1b7f54f1f77f2b3f58f2e3fc86833f783f05decb,0xd1ccc07177c0c27ab78cf991ba6c4eb4edc68f31,0x2a8587cb5b1c5676e009baa9a43cdd78fa28e70b,0xe4ac7207ac8e0f7c0a19a36653964fefadc6112c,0x7f13466e61ea4d78982599c928085163afda4f86,0xb67d92dc830f1a24e4bffd1a6794fcf8f497c7de,0xf6da37272a7a7c82c5afb310b63f97848ae1cc2e,0xd8242e4610215287ba9a50e0820829b668a2e6a0,0x010fb8461345a2bfb294da84ca2f5bda4381c2f4,0x7117fb4e85286c159efa691a7699587ccd01e26e,0xc5ec47b16901f24ba4a727cb7b189ebe04c58bad,0x9bebcc7a2c987945ba66e08ec9b50de0a21d83bf,0x3d443031ef3643fb2243bc04118a5d755b6fbe5d,0x722e895a12d2a11be99ed69dbc1fedbb9f3cd8fe,0xe64a8c0b82ec77e7dd3fa5e808e8b726008aa9ff,0x9cb721b6bc693e0689922fbca78c2e8789e5182b,0x57fdb9005cba66aa26e5882eb87850d80a9a188b,0x143c1d7be708698a2404e32ad7a6fb945f148774,0x686dbe171d2edafe7c8de9db45d36e41669c7a67,0x193991827e291599a262e7fa7d212ff1ae31d110,0x5e017d83e610946aac0a362eb9b511e032a205fc,0xb9b8ef61b7851276b0239757a039d54a23804cbb,0xa1dbc4b93711904ba55adaf70ba79fb194d84cf2,0x2e35628dc65ae683e3743835634cf85116641d2f,0x6b2b69c6e5490be701abfbfa440174f808c1a33b,0x6fac2bcca1f5397bf2bc96aa4ae8f35728882761,0xca629b4ebf0e7cd863d7423331aab32deceaf41a,0xd1cf85667b8cd5dfec09e70ec3bd320295fb89d1,0x580356c776bd73948b153cfc94a5d3a12c359bba,0xf9963dbe9438a5ecb62e5e7c2c081c3d12d48dd5,0x18011d21ebe7e6511d29c93da0b5c1e7bc217b39,0x510b0068c0756bbefcbaffb6567e467d661291fe,0x01d3b83b80d32ad474da2562bf19490adbcc15d9,0x016f1fd5a6063f1f83306eb93da224cae1d54ac3,0xcbfcfbf262dc936bd211e5a0f16737a9544c6031,0xf1463aa975488e822521e62cffeeda31bc82cd73,0x70b8753dfc2095d6df00806cd820c5c73ccb44f7,0x85f80af1bdff6b57352999ec2cb861ba8c94d17c,0xb12b1e1bf934b0b07b68ccea770f14a519c2aeca,0x24d4711c62d05a316269faa91f3b78d1ccb9a044,0x12bb2d969b59ff2830c1c6d760a2b87e8204109c,0x3ae6169dc7f782e370ec015fff355ddef4d2033e,0x285c6ba07ddfc7d121c34dabd61be81ad8ec4faf,0x86cf9dced9f14aca53b97f5eca447708c8d85740,0xb38883317621460fed87f3a6956e9ed8773e8390,0x1d9b6f8d15095042d8c7d47212c08b40e24f4e7c,0xea23fdc76d0ebcd280fda0a58cb1ffa3b47b7065,0x212ae13e26ff290c9800222f7610bd8ed629a3df,0x8bd273a239b2c2943da0342e05669fcc7b0f05a7,0xcf4d5a62bb01fa1b38517480915f623e99afb4e2,0x9e02d14235efd24470affc7812cbaa90704f4f69,0x1288e3dad9deb275deb8793f5e206ab17bf11224,0xcd33978d5cfe92014286832634267ea2eb03640c,0xcbf94d3d148cd2fb10f9edca4017b3fdd80a6ed4,0x3ddf2eeb07121737cc2a3849a32e39cb74e0d822,0x53c88230aa87764894ded20069a3edf0b2ae554a,0x1497d67b94683b24760d552e4dde7a50f6b0a4f9,0xbbf0de1225727d5bacf01ca5a98b66b167f7aca2,0x7d23df4a47ee0021f64d69822543de883190fc5e,0x72d934010c46aace69539daf9a19651f1dc97450,0xb81a1dd24b401d8777d8cf1e77502e0efc31eba6,0x2bb070aa5dd1790c60bce482e7706ecd941dd606,0x5282c54b7fbfb19e166dd664fff3e44ba5bbd398,0x9c4007c5f5d05346a5db153558f67cc091309e6d,0xf11cc2152d3e1e44825eb4cc71eac0e9a6f5f2b1,0x4ad8a62df6940c438a4775e0768cb07ff0120cba,0x6b8ef4d00c49d817f2634662fd0979072de49ef3,0xc16eff92d8de8e4d7ad4be5a316788ab7ca1f538,0x50b3830641a5fd46ac191f168e3eac638c40343c,0xd4ca7e871cd3c2394f9e3ad9ede324512eb84db9,0x22e846fad09c6df5fc514731a9f55a4ecc65aa01,0x2e403b969a64bdd1ca18fe10baba4546957bc31e,0x58f0964e9e5360b58da7b4c0a5b7f5f7c363dc16,0xceee4e3317cbc4e246396460cc3a936b5c8c54e9,0xb9817ccc1cc55ac80cfd6df185570198cb3eac49,0xa37ed0864991e305648858b4294ce8f5497155dc,0x2b053ae11104925fee42db51843875a9712236a0,0x8862f81f03206c9cc53f545d394f1f7ab1752d60,0x19dc26265a4b73b9187f785eefe3beba6e4228d1,0x4cd2fec4f8565fe1a4bc63097688c274dd099039,0xa5fa5ff598dbf2140f4ec6174076df37a429aa59,0xc83f06694784558f73985bf219ce2e0b45dbbb72,0x50f2c5849ff9f138bcf5dec9181bb46d49eea365,0x99d8be2938911aef1d4762e52b51e225141034d8,0xd9545864e669c8517082232a465a5dca57adaa87,0xf134ab563653d34fedab00ea3292ee6d9f40e7cb,0x7570d3a456e659ab7d475db30a26745e67d6a97b,0x73571005b7ba2b604c21c5f7f982534adf7406ee,0xa31952339b0a07380e806245c3f1d67b2e3a2be5,0x624040750d4cbad039e90f08cf6807183aaaef1a,0xd711ce52bc5ce67cacaa652c3bf838c7266a50e7,0x7463a0520f1ed9b5bd7065356b4f2934da4b8b7f,0x51f38506aff0c9c2ae218e815980deb239a298a6,0x070dcb7ba170091f84783b224489aa8b280c1a30,0x688733cb1732de7bd891716fa749bf0b9e873233,0xad65a38d378773e8a47b3ba1ff20b2416947a3dc,0xa8ea78e5c9c54bef576d65c34bbe4e711e8bdc3f,0x738f56a239002a38053ced13dda4e1e897677919,0x7ad7100117ee2554605f500007bada9d936a6052,0x72515452db16e9cdc1e6f1841fc6e07fab81c195,0xd8c8eaab48e81702e000c0094271b55efd3de44f,0xd38c3d3b43a76d44b4a38d047e21e91ce9e9d806,0x1b0dcfd4c1df4d179e8ef07dd4963ceb40bed5f2,0x00654fa5e772e1e55c06d8e703fb6a67f5755abc,0x41553237d51aad5a5cf32d701170db5be048f06a,0x52a9c875be0c1829b2879f1bb685aa682d1225f8,0x2789729dfde442c1d08a37215382c5c09ab40f52,0x46da8b609e92670d7c88d303f0b2e4d5a9279abf,0xa2e1cf92146cbb7bacbbbb8f4de23c518df6384e
0xc2eb97ce5bb51034f7a87bd152c526076e60b183,0x19814b759da5e4e6e6f724500e23005b63a45f48
0x7c63ecb3e118e606bfde807c500901e1ff47d572,0x075a783c71592dc125056a23d35cc538305c06ff
