0x1cc2026571c422e21f6f7427d3ec72b1dc0b6803,0x297946c26171008ba8c0e5642814b5fe6b842ab7,0x8720c2a18ee45a1cd976979087b4349d8fbf0510,0xf99c5de42da09c80788b132072025291d320b37c,0x61fef96e49f352fbac4645b0f5aefc0f40d80695,0x24742a5dca2fcc30d0855be4b10643ea75b97c71,0x06c3fe20ba4e8abbdf04e77cc03a4d57386b6752,0x4f532e0ae9954a85e5396f3e8d1876556317bfba,0xdd79c02e9c8ba64927b83094b9c3483512bc5de4,0x985b3451d91bf5686917132929350df390572866,0xf552dde6a6e215ba1e02d1e0708d93fcf1894f38,0xb76c11242a7ffcd70cf07d1ed98d5f80e3321502,0xdd17e710cd889baf0f98df54855960a05f638b56,0x0e453834096b192845b0f53c0134cb1efdd964d2,0xfd0fb98b099f0d0ed214391e0ef0b81a6b89e000
0xedcb59adb005e8df5633428bd3485884f6c2cd43,0x2bce696f3baf3d6b86b00af1a909d25b8819c938,0x4b50d5c76cc09da60216ef1408503ed904b8a722
0xbe61b4c30e0c71fb2aa4354f01acd4afff359b66,0x424d5011484dd4abf2e52a5406bf225b1f50023b,0xc322150ad327091351af0c64f82627098cd04924,0x38261bf9a78ca867caf3e49a5f4b6597eac3e1b7,0xd09d61b483e619fa02c84f93e035a797bca4a48b,0xe6fd90fe9b5d1a940f3fad66a47d7a559f97db14,0x8f1963fba6addfe914b6bc1306c93275f4574d2c,0x99e6a9bfe6f743a0005eeb205b6dfdc769dee0a1,0x71e8fa712e799f5647b108ee77ea9fecd1579489,0xa2ddd3e7d8935d0941ba21cd8ad814320cef3770
0x5140c2e3be04d48e9b7c5fdf016bbea6a88b2b65,0x0049c977aaf22e0db89b2755482c7e49ee2dc2dd,0xab95d2cd70a80469985fafe7457de81498211ed4
0x161b6facfa657d93469add65de9dcb855816ad40,0x47b0d34bc548d5eaae8676086a71f42c1dfbba7c,0xb2fd47925c65c297dcfcb2f73c96dcc1f23eb7c0
0x571c39d6bc5684da53060f2ae1f26fe065c89eb9,0x114da29917b8c452921aaefad2be0ec0895473f7,0xf819ae20e48a140ed9bf01493a0b1174e853b937
0xd4b6f9ce68c9432e32a48846c37c1549432add55,0x678783721b49a5d079f4aadf12c91049ebf7b3c1
0xf2158b0be2b3e8c7127eadf3ac246606124ee3b8,0x7c1908d49266ba2999c41b07b0895c33821f53a9
0x942ed76129a22f258de23468ab4270db1a270e78,0x26e5d0b6c729ffaea4bfa8219585be5c3beb9a32,0x3c3f95bb7470343d9b153bb0887ee766054d3372,0xdebf84fa79e1a55a9f05f3d4339bd477a54d5e1c,0xd10d4517eb1bed6fa46cd2c465628c0eb4ee7bad,0x55f4b291e26d2143721c7ebeb1c44660a9a5eb5e
0x9368345a11de1d929bea570079885421fdb02dc0,0xc99e76d1e4112bfc1ba6f85f153ce4596014fbfd
0x8e135a49282863157bdb05063a54fe26dbdd2628,0xa1b16f9148b86ae38e745080facf518444efbf54
0x9677d26b32eb17a2dd449cac33be9206e48f6068,0xffe30f561e1226db92f1cc10c5c70141dcc0a830,0x95bd01bc6eae5cdb63a3c29b8e4d4321d4e652fd,0x25658523188d1ef73832af3d79f2b32b411b5225
0x96f1e88a5dd80edee1ab6f5ba98b84d39712698e,0x5efaa76b9c98e3c749c5d4ce47f8cc54b5640945,0x892416dc2b35acaef5b79de8b3e81acf24d74215,0xb7212b0bd9cbcf4fb76ca7bb4dd9363553545c69,0x4b77b319963fc71f94a56ea33ade0893fbfc3593
0xab10dacad11bd58a1fa9bec74c0edc4348da4e97,0x20a724a22582326f7ffb59ebac1c8ca90b152daf,0xb97f255b37eef7d47dbe1debbecd1f2ecfc37abe,0x1f991b6938cd9ec0ce544d98be633faddf134756,0x95c417107c5cad3ad74ee08a20b38d3ad9cc8dfd,0xdf576485107158c16628bb67034d7e55ea52adcf,0xce29ddcc427f423074f0a474df35dd2453cdac56,0x664aa3df0d6b926180dd92fc456ee31f88a63c09,0xb4246d63bcbac1a0a70cb3d2b506330dd5d1f8e2,0x898feb534da419da58f7c721e2b0425adc36eeb0,0xac7ebc289354503e1ddda06f30e75ca688382051,0x3eb9fee62f07ca1e7f46d470392b70dca5d0fb00,0x550ebb3227f426ec38a94194f5e1411301af2699,0x9107c23b97b6770014ed5f41bc33d15c0c4d014c,0x4886055f12bd8e4ab0f9a0018f5c6d5107949eea,0x989957d4b57614de69db8a946cb0db8742b7697f,0x766971b767c5b6b66027a892d95f2efc6da8fbe2,0x4ccfd88f9b0862431c7b1a1411b5836330be76a7
0x4a340adb5a0bfc0038a9a33a6c1f4ec022397531,0x9a0d905b25b4d625c1bcde552eab21629ec83ef2,0x8f690e6ecf47923b7ab5dce57b36c5cd9f941b39
0xfda492d05996adc973619418c8cc8e23b5a88c3b,0x9761beeaf0c14490a31a0798eb7484935811dc83
0x8603a8df484e86acc4edccefb9ef042e4b4e3774,0x1f18a352d143e9330ab6a551d620d3b86236af71,0x12f22b651e0dffa35d0840d422737dceef2de2ca,0x231b87037cae493384ba1d0f661bb52adfd016bf,0xae84a037440b93ec9d2a63497fa11d30d47e4794
0x6a2659646d9b5384c447686fd4f8db3e70dff06b,0x0210a7a3b1611fd80804d4c17f5c5f447a8f6961,0x5683528851ebe95161059182342fa78e9789adf4
0x956afcb786226735daa933ec734dd8949f943583,0x4ad86dada5ae1a0bdd3e0a7fdf620afa2fcba118,0x49294bbde3500bef5f2096a6d0f06a0336152b6f,0x789a9fe9d50ecf6f16022b93ba90b65a4a04bf5d
0x5fdafa42f713da392220ea6e5e096a6444448229,0xe5d84152dd961e2eb0d6c202cf3396f579974983
0xf13ea8aedbdeecb1b8a479bb3b61852ba9dece43,0x89cad5fcdc2326c6cf362b7181f860e5a9964a64,0xc7bd84ef22cf73c6f1ff7699bd75e14c94d68261
0x7dd2907344abef9222ed529ab5a028d8cd68460c,0x6a0930e37d8c103c60646916686ee21d11acb8a7,0x54dc8300cbd217eb0ee90be2ee81b47c15f530ba,0x42d1b95264dfdd3730980bf6f4390eaa65425d01
0x10919e2417b5dd7ab173f788cb526e96961ed1ba,0x2a467335b96cbdfb798e6ce4d5595d2798337367
0xb6794edf882c1b10a8cdf1e84a59f64af8cf131b,0x4e4356a1a5645625ebcbe5931c713143645ea441,0x4c26d7e8487b7962b784f4a71a4ad3f58eb69fb3
0x1de4d164a28ab754db59771a707c7751d2e4f446,0x876fd9c08dab18057e4f7787e65b7833fe10b5fa,0x7ba3f953ccda078d8378ab23bcb647cee9f6e9c0,0xa527ec807541553bfa5c99c1097bda0293c7aa5e,0x6d3eb08c886d4989759e60efb087c806238651ff,0x3c42b7defb188b2611e3e197084b97ebfde5e7d9,0x94fc1e155c29c05613b4cafd0fda597c2d4021d9
0x1718d769350dcec8966702d9c45741ec56c2fbea
