0x4e06ec045a1e0d66ff11321b6584ef8513eb2b12,0xc3cfd6b28dd5f4b7755dd4dcd2fa703fd601d831
0x02e61951f63c727e1b1dac5edab46a9ec3f6e54c
0x0f5da3af2477480b8ee170946b7ce1ed19ef0522,0xa049266d8b3d8711f928b6def5c951eb1cefc817
0x3a81767a49b4dea33baaf9612d71e08639d09195,0x51940f5f8eb0bf150edd0bc00067d8dabdb16bd6,0x8645abffe4fad9e0c6c18afff30ef6aea438008c
0x4a8f6434499f8c9371a98db9824b4b8ae2ba9fe2,0x228698e2fd597d522333643286555fccd469b3b2,0x17b588502ce262d4f6dcddc73a8f4a28bcdb7fce
0x9bd61fdb4d458c8f53058c7542cf086e3e1d32cd,0x1d5f5f7039f6c31e4343028428f3e683b5ebb3a0,0xba6787d844253c042143f5b9a210e8ea074c753b
0x4cb522e6f25731b183115aac8d9767e045402e80,0x5f47c615976381648c818a8ac08baf4c4919e7cd
0x745e8f7f2ad9b7160cd0a8e9ee78175eaddceed8,0xdd673c4e0c9d8b45c520f5ffbd1553c799aa33f4,0x4293df2eb5829b867e088be7bcb0e5ec32729a02
0x68bbcc71cd57aff9b0b427f4436d12b8a7ed778a,0x4314729f92230bb4c30b5a1be1160d468427e321,0xc8d48b0e9eb8d19cc7f914af5a6cd4ebd3f48b5f
0x04816ea244d74ccbd0b925175057ea1d4db1af48,0x69ea2d6332295f64cf128c77260e6e8f97b4edf8,0x9e94eabefd3b4fb570b3368fa6e3a64ab5d82ba5
0x9e40a3deeb432f0314f2b47315026f5deffb44ba,0x0091275be2a4f06cec595d147fffe71f8a531690
0x0dc67d42b42609f11c01a745d1d4a63d1f515d3b,0xf281ee778020c636aa2e30a7a21829b7a1e192dd,0xe51a884d1df14ed9cfee2740e9b8413c170ea208
0xf5b650478a8b87a6729f3eeefdd19f6946984b2d,0x1749a5db3a09d1abf625319f85630d5120355695,0x77c6f95521c82b61b1062e8d5b1ec5e0db34728e
0x4d99d767477fbb2b47efeb17e2a78970ad22ccc1,0xe96d8d6e4fdec32b99904ba2f862c5ef6d182c9e
0xa6fdf23078d8debf65fd10df03455b60924a3b1d,0xc72b7938d21dc04d02ccc566e823e99143e3549f,0x93593c5dc03e19079d8d7e6043fdb63ad3ebbc03
0xa3d536e6d4bf4d25fa1d5a9d48f122e35ba85eac,0xa8d21a94f6c18095a3e693171600c5b0f92b88f0
0x254c6886a0a0c4391c6e07b2ee338d509282fd24,0x6c6e4816ecfa4481472ff88f32a3e00f2eaa95a1
0x407964c3824a88418eecbdbce36e00620f95601a,0x2e91a7fdd553318d5f27af69fd13c005c56ba744
0xcb922421c00b4e93a720c475e65a5076d39fba2e,0x8d0b6f11878d060164538c797d819fa642b0e326
0x85c1a85c5fe7c2f582a45bd9fcca2bdebab331f5,0xd996a55420d1f671d152bd1e76ec68e11bba2b8d,0x744289c817bd78c09721b5335fddddae75986204
0xc4304cf48ef99334af9c034678e6b92a0a709641,0x09979b39b091285f5519384b494dbfa8de61f73b
0x6d6f1d15ebb0215b3613e99c4dafd5e1b9f5cc96
0x47ee9b40566aba50d28920747ced2e9701813e63
0x1142f369a13f4fbdb9ebd661c1e0c9f0833761ec,0x18c0ae233fa282c5bedd305b021099ad25c007ba,0xfbb9b9df6013493a3baf8d29f29f8466e71aeb00
0x4010538361fa770ec440c769cfd999203aa93456,0xf26c007f89e0eeb4ab7a3cbce76902db72ddbd4e,0xefdf5ffa20d557cc13a1b04ef8905d19af8f410d
0x1c25c26570df99c7457ab8fc51be5268fb17a3af,0x9180ab5a85236f64d935e7b27f2a638405fbf11d,0x27a89ac4ca6d0d6b1a5b746781359b947e97d7b8,0xd5aa1a413e6de29faecd93dbf5780604a4008a73
0x2b4c45c691f553dd05582f03ba5da0b876d5065a,0xf6a3844f17e0b763003c546b476c33b497bb622e
0x25d3bd5b6eb2727acf10acbe2f05413412be0873,0xef492b2d863b4e68330b4ed0b39708d3846b3420
0x909bfb9b7ca81bd0b17b31407bc12408a0181bd7,0xee57ee40b460fedfdd613d3c45a089efea9ce562
0x1866cfa0a7b47912f290e42c397eae455c269174,0xcbd193bbe307897f41653ce36d7ca6e389603a83,0xff6735cff3dfed5d68dc3dbebb0d34c5e815ba09
0xabd1ce9c2813981d9778ec53871f83a3972f74d8,0x491ee8eea44a68692e191fbebe6f2cfbcda96585
0xc3f79e62bf7dc486c16ff29d8be8b5fb104b21e1,0x7450cc826b5ce4a61448add3c67fc10105c2b027,0xf175215bfaa1de42a85fcb1385a7511c3489162b
0xaa990e8660c179b763cc9f8ba9c12e6593346352,0x0cabdeff3b8d76f5bf32b999c3fb700875b5bf8d
0x3befae08f7e36724ac4d2479b08bfa0b845a467b,0x41a2296ca2761705b79158579dd2152350b41040
0x4f361106f5bf2e27c7286b37f4a15a8672044468,0xab518f18c5ae29cf60b5adccef7ead0c1bce3e45,0x997f1ab5515acd21b9cfc230cc1255a12eee35c0
0x4c1d58a81f0388225ce55b13da81bec0528c199b,0x5e1690a48f063ef00f82b29a73284af8c252d6be
0x1907b0311492dc41630846e76f4cc195dec576c2,0x2c3b6286b87f2179f12a9218f89dc8ee1c1e4bdc,0x3acae5d8cb326d13936ad527f5eaf5bc0cda2db0
0x121f24c3f408f8b9e17a876d560b182dd710d3f0,0x5e731dfde2f1ad813beeb22fb68d202ad535f522,0xdb23145b64d0e1e15dedf47abd77ccaf3f2327d7
0xff0d91cbe1580facba650c4942aaa17ae251a667,0x2c2a9893381f6f058017faa170d6610d20351ee2
0x4238bc068af290b5a04144dbdaaa72431de70aa8,0x100a9c5f4cfcc46067b9a05a7a26fbbf4cd9468d,0x4d54e69f1fca9fa677f0fd04589583680d12750a
0xbc8f34b97dd3052a4c348de31ae9287c2d05280d,0x7cabb70ef9f60bae1072da1410d3d8d7bc6fef8c,0xd5cb4a7d7d274a9007a9a682cd42d76c1e313c2d
0xec701ebec4616a0aeb2728aa93b5ca427d1034f4,0xede319f0d255de0999c2648e29c73822421ea38e,0xd9646dc1695b50c4d2b66b308ce3b62d5e20c3af
0xcce4f44dec0e4a76937b691669567912bd9a4b04,0x49399fb6b30e35a269128d6131d9b111afbe2823
0xd947c673034c8792d1aa0a7178d01215c20d4278,0xeeaeb182765f2ac7dd6cdec949219be731b3fb24
0x1c85dd668b8ae15cd97852d1b1ec7daf364eb1c8,0x4c9c1abe1fdbf4d5f79d939c30e9776ed07f0556
0x5264b09d8030c1f6a40a42cd37befdd9a587f555,0xfcbad72e69d90f5d49a46944f237c60d7acea761
0x9c36ed11637e0b0d59aa62e7420b0a3b7d5adeb8,0x27d441c45d74364e13d37812936aa49c477c5f77,0x7ef45f4e905ff36203b26d8820db542a41b69975
0x73084e4338a64d73180d039fae40a0e92b105f35,0xfcfa4369eaa965ac4e36f1dd9fd2852c6542b0f7,0xe51231daa306acf16eac34a864564ca36b262a1f
0xfe72e146f6d93fdac6798d7c45fcb2e15b2cd0ff,0x1c4e309fe7ff1463e5da57e7eb34943a74b7cb0b,0x409783d9e39bef22fa92aff09fe4e55a849a1540
0x5afc1cfb6d0952763d9040718bc0d0a67e30fd7e,0x84674aa65cc7734f12b690ce46aec1027b434211,0xaf301de836c81deb8dff9dc22745e23c476155b2,0xd442deb96b90e3b3135653705c3ef1feefb346be
0x8c330ec9a398dca1ab2299c6b2be0fa635dda5a6,0xaea13531ab3726086a02fd9254ee3dc37c876442
0x9d1c5ed4ff3bb3e2c17fd13c626cfb3166596aeb,0xcacbbe92edd38107771b77b15f6b5c768c8845f8
0x6a1cf24c645db2e37141fa12e70cb67e56b336f3,0x69660682155562cc4a1bc46a850562112b7e5009,0x06879e2994e2700e0ea883233a0dd796b30b7987
0x63ad7c72762f704fa956dd0cadfadeac79d58c31,0xc2e2aa41b6fd61c9d0fc31649ccc9d8d3b210d50,0xee68085f9b0a893f0dd8ac69281d9b16f9bc381f,0x16e54b35d789832440ab47ae765e6a8098280676,0x6ce631b54c13a513514b3378cf69a64549aba6fb,0x6c1400adef40ae6d9a110629b1fd945387c0465e,0x1be82da0377a0fcf90a3c7cd5da7a1eb546d75cc
0xc8c30fa803833dd1fd6dbcdd91ed0b301eff87cf,0xd734134956579f0be036301d38127f0a28563f9f,0xe906442c11b85acbc58eccb253b9a55a20b80a56
0x8e7fcc7a17f00f0f5f85f2d5964a581d0813c8a6,0xb2e1cc2362b1a4c892f672cb3747c893428ff5ee,0x82830fcf25d179b4fdd4a5a085e261f528d3087d
0x86a0019ffb3c1dd716d56c99d506bfb645ecb589,0xc4718637b0d9659938c2c52df90ebaafe15c63d7,0x9c931f6b042d47dc86332bba378b3d25066d14e0
0xf0dd1af488846c7857fadae926f9483da812cf47,0xb6d97537e3add54c9fb29404c87df72b1eb8b851
0x35dd029618f4e1835008da21fd98850c776453f0,0x7072700e85271665b5ef9eb3b5929f565f67e1f8,0x30ed5c7e4ab5a46abb2c29c44a534cbce6ed5623,0xc351d90d2ac3304b671cb205ae1a7491008c4854,0xd1837e61ca4fc25c989bee682aa5b3796f3c7620,0x33d8b1be7a8ad865085cfbc8c34e81fbfb134ede,0x146ccb0e64cc3f80e09afcf52005b40dbd5f286d,0x516daf923c6a0090cc2e6622fbf7f58ececae459,0x8d1ec626837b0032b72bdd7701ac35b7e1db5b41,0x6b91f0343b2160514cb3058282082583956beb22,0xcd354b14d1cd3cc386a82eddd40337d45e026d21,0xbee04366bd59a552dc1453757bf96ade6fb5e8c8,0x6c4b5e3e2677836e3f699436b7567f86714eb84d
0x7aaad51fcbbd3ee77e6946815d02e2327b676ff0,0x05d92404e291fda9116e89f1555e0300a0765a83,0x2fe8e10633eae71b503c60180c4190710a132237
0x7b90e91c9d511292aa6b721996faf69d3ce6a0ea,0x4c39185a078b5666c372538231cb793a0928807b,0xbe2ae891e9c8e0ff1eee1467e36cf055a1a4f709,0x24d0db7e182fcd29ddea14c04bcb182c89cbb0c0
0xa31057e3a22fd39517a78cbc0b67b73c2656fea5,0xfc30085ad17d7340dd73bacefb8d9f8c6b0f307f,0xb3975b163af17597756b72052aa70b818fe2a968
0x9793015a1fd3707fe966fdfd7ca42eda580cd665,0xfead04e9b311eebdc5f1e963b7472af15b21430d
0xcabdee4b41fdefbe690a327bf321f5b0b3c5edad,0x3f178c6eb1d4c05eff0cd47e9ae25c4fe7c158eb
0x6c2d623fbb554a89ab94adaddeb5f492cea1533c,0x22bed141bca703c33aa64f0e93090859d1041ad0
0x10ae40d5103afb2f4148a680e755efdb6e442e66,0x3a2b4632942b37ba705d3a800f3c3192415498cc,0xdb6fab980ae3a7683c4ab45839081d096b63d67c
0xb6502fd807712ea6e8ee48fca3fc104b641a45fd,0x927604983c8d00ff0fe9880c8b3ede8480bf3619
0xabbbc3a3b33df49ac77db7cbd9179442af301cb4,0xda54bb9ce451d55a295ea845fce39defc8e5a0bd,0x3754c7897678467d74c72c319279daf073c29516
0x1d1f091ddfe4ad381bd7016c07495c17a0167a13,0x9b225465ae842f2e7da926b2cff8ce7100294e1b
0x6189f19d559b1a827659d09d7352ecf2a81b04ed,0x8c8e877adc225352cf7570b8d8de3e88eed2c879,0xa25d9cbe564040c1cbf86f2e730feffd02800fab,0x1b6448bf92b2b7d970aec002f43856e73be07aab
0x6e7a7e7472cd6c7a7bda3bace579439a1c1460ac,0x7b54ba3e2b0641db8947fc90343e48620203816b,0x6915280da3042c43a6b43b6466ccd50d2ed38e65
0x7dafeff155e8bb00e0060c628939792a3b1a46dc,0xe3f3920002d54ccc5594f58ea827609f80a34574,0x54c88cdf3c2c837652623d0e9e0111721ec3263f
0xb66eaaffef698c01ecc331f21f8ec6d5db80c12a,0x41b96e9c6758d12a7a1f67952466b2e104532604,0xf330d19ce2ddf593fae2b8f0243cd6aad02218de,0x7f182fe7ab9a186deb61dfe8fe1dc518da51b8c1
0x29aa0c482c2021e7fe0fe6bf251bb8ca8d249664,0x54174d013e49a80b91ee14f819cadbf59fdaea14
0x28fdc01158dbfa3d32ea2fa0abd9347fa59bc6d0,0xa54a3b2fc3d2b8c9198b30aef4b3f8eb5a6af689,0xab09e565f1ffe24729fbf27e799c4f33285d95eb,0x49136693081f2c18e2cf14428dd78cd90a22dc1f
0x19e90c5331a747661bdd2887a6f6156a1eda2ef9,0xee439ee079ac05d9d33a6926a16e0c820fb2713a,0x54f16c232a7e477f0de2e247297b863bddc3195b
0x26a1e7d3577ebbee66093664e5408ee330e6ccc1,0x7c8ba7f07710168408cc3d886522623ddcff6cf9,0xa41492414091d843aa57998fc6202de3cded093d,0x12696ad7ea03474ed5d2d2909c52f3d1d997c81e,0x96ea4c3d8393d2984ed6d1e4292e4bd21aa646f7,0xcaaf0e3e1cb2c4c0467ff3711af01dc1fb931eeb
0x24932f036e69174258606bd87391f7b36b4cd204,0x55ab56e8623a4887701ad0deb53057e8ebe576bf,0xf9720d70ee3cfc3ed948a1153bb28b8d72807036
0x9195b64a5804ede374ea62e7557e8d6db3627b78,0x72aca0c3d5fe2d99649af0219d5d68148206630a
0x9518b19deeb96402e888c4762c082b1ce0b442ce,0xa07f530663171df7a1d63f95fee781438671a111,0x417ac47ab85ff79254a541fd6a9fdff23852a9a4,0x6cd56e0f836d77bea409905ce135005096e05bd8,0xf1fc3e54ea183e806e79f3ef2259ed3032da397e,0x5f1c0ed9661b2e9b1f737b962fe67e3ff68c84fc
0xc457bc3bc88936358eeb5eab5b2e3cd513c193b3,0x0011e7e004f60a026e760e30f56d74bbb58eb49a,0xfd668b94c3ae5c9015895a2fdad4875e0e16ebb2
0x8d9d341d766deb519c827d44ec2ce1f89666da99,0x87fc6fcfab46658ae27dabc07c40e02603440152,0x5be35ff4b2981462421378f77032981e101d66eb
0x2680fa59347d7009f666a963c99d4564ec5dbf1b,0x5e7f08ddd5337943c6d020cfbe40c2ccbd64c3ff,0xc08dd68ed9b03807e9b480b13263f256aa9300d7
0x159140a4bd25c67e3005201fac5c5cd2f352963e,0xe117268e03cb14cddc0e8bdcaa22382f62d95fc1,0x14ef7e199760afbcf7c0c92d1420ce8589cb0087
0x45ec5a216fca3436e93e4392eaba90b4768e2b34,0xd460940dffb1d451e5361af51dadcf0d7f9a7b38,0xfdbe2513ba5ac08c7938aaa90934ce5561028db5
0xc779583b7359f396cec11a76b5ee70a0368cbc11,0xff7d063bdb4ad1577fb06d935dc861f2b7ccbcf2,0x4b324cf819e0c4293c56cd6f3baa3752b64b3a6c
0x277c460b448cc6eb6411efb1ea8c770fd4238b71,0x8a2578e4a7c0d59b365f46801d6c0d75c3f052db,0x3e6a7aaebe098a6e320cdde5602617add26792cd,0x3d3de2ba1123325f019f2063993801b6494e4ee9,0x3828c6e0e19e4442ebb3034b15afa8c25105f062,0x1ddec9744565813295d0b85660f060fc4549ce1f,0x2db340bd569042d53ca9f112737f84d9cc93d40b
0x123451fc2b00e6b76f8ad80751508dbb22d6dc6d,0x88888a49b25f106031b7e7230d875ef52ff5c6da,0x1000045f8478def441b851c23cedc7c30471d0e4
0x8a0a1eb0bae23e4e95608e3aad7fa25b0d907c6c,0xa1d38da3ce3ebe5081e7ad8a0ac2ab5d08541de0,0x8178add24ac7fd4d9cae6b4d2e3da5cb3036af41
0x13094c6d34083ae899bf0ba194e0e404fae97155,0x4bcd292e687b1fa7420bf5dbdef8680f52937658,0x218ac3ecd0d89ac08b577685550a860ed98b5b6a,0x89bfd67276dfefedcdc39f186024aec773c9deb1
0xe1cde0b41fcfc5aee0432b1b5fd90956306cc164,0x9ae848346be09a6ea276541ca02c738d55327d1b,0x6f1ad618a9de2f5fc8e784abbfaec119e79ae6b9
0x817e4317e50ef0e4721d020bd8b5ab775d207d6d,0x8841e0f0f6876e0b94d8154b9c1fe1fe817b298d
0x91943d8797151a26f9e9d5d959819c0b97046a81,0x95a4d6e91ec81fb085d8dc80ae75cf50350c765d
0x501d27433cb6b7692fed455ba9f28be744983cad,0x059feb7a9fdcef193541a7c421d12de18b61fa0c,0x77ee6c8130f5b2c0e87feed466c7bf182792c5d8
0x9410f7f183a00bfb40255692e386d9ab01fd65be,0x8d1ac874179b35f74f56a9ec9a49e376b7659d9e,0x7fb6c6ed915ad522b9814408911d49132996b9be
0x6d4796b3fd39df49149c68e9b2955bee5e2df204,0x3ab7b6d1fd7a56ed0efce9a0e87e7a423218410f
0x561d08c412d3377575df63538f6d9805942e3478,0xe7c176b1b200fd38f0f828d645bf8987b350ba54
0x8ca32a066075e6feb39d4b781093c48c6675ab33,0x19f07cfa6f9b4a88e65c3bb5685470f09b75d8af,0xa76c03d81082af09f86409f61a9f8fef9c59f0bb
0xa616490eb77fada8370ee971926cc4aa92da9ff9,0x841c63b826626a7b0a63c6db8ad55df08d6374d0,0x73011f861038c4442cb8bd0da6355d3944133464,0x7af9e1e3ef050e8d1f5aa5004c737cff527a22c0
0x89b28f5ca3a2250033b80d779d455498bbf5a87f,0xeda57576a83f680670a4cd2842d615e6a9737918,0x3ba6eb0e4327b96ade6d4f3b578724208a590cef
0x6b9f818771d911f8a7d735539826aec75bbfc796,0x91818dc3ffbc209d39a20eea557a675aa5f28694
0x6a95dc8fb2a0a505f60b187689fbfca1a2843e75,0x3d6fe1151c6f9979102d8a854bb0f58b97d0e078,0x38285825a026d7fa92da7b8ae49a049c30770a15,0xd40765d8c5f4299f55999c7ffba8e137af694d1e
0x5fbec3966fd2a7726708dba5b04d261dbff56ed3,0xff1251b1632c32b592fc9466078f0c906d4f2c96,0x42235e692b24f9f51c95c4cf1d2cea3dfd20ef4a
0xc1e6397a90d3b58f11098684032b3f0b5a45840c,0xa404be1f16acbe2c2d1f89668a7c752e17958e62,0xe50f29349720e0b4afc0133b1bd634af9728bd15
0x9129789b54a4ec386dafdacba8b26d9eef084c47,0xb3e07b6bdcf50845d9f53d09a779deb5055d4294
0x36bc112ae1fbbce71674e4c3b5fc3ccd3515b5bb,0x871e9f6825fbd237844c1c9a2e8018221bed71dc,0x974f19e39ec1f1be27ce6bd452a9ed12cd5fd066
0xef57016955ab9e28c30a9daea6ce1adbe3e88528,0xb49776081b08b46c568d13ced39a1d2205476485
0x134779ccbd350c4305a842611502f45e75553ab7,0x73bf4353cc4fc35f40e3fe53281374069bb1ae96,0x16149f4a79e040695d224d8f209d20a16237497c,0xceca82073cf875fb758dafe8384ac9981833c3d1
0x1168a64e6dfeadaa2c698b432ef5a09c700ddb1b,0x469b10c882635e936fb5c227b4eecdfa860fe297,0x5c50388174dced8eb05bee9b87d733a2f6b5e677
0x3d4f5048c06136921450a5b24a55dce31e3c5fba,0xcbd7fa6f175dfe2a916aec57b6d92d9fc32f21d1,0xe095ec6c7e8227565125c54b63662e4901dcfae5
0xc5ab29b2b9efbb0d68121a711ccb446ba7123a63,0x1e8a97d4e361c067f2095e33172ad9489d2ea43d
0x35abb2a334a9591879c65f066fa0cbeb26c0d1f1,0x10c3b10fcf1dbc39a1f156f23113ecd84ce625c7
0x1a18f43ba8e0c4e10d598241dc1a6488f7b6606c,0x7e7032027572362dc276cbce28a55d1daf83cd0e
0x6cf03a77fc24a7c95f622344a6f075d11dc304cd,0x63efcb2e564a7f2ac35c16074ecbc232d07a3a92
0x5d196119293f028f8c3aad95e9c2331d9a4a5bb7,0x214876336271c22a43c25514d4b3fd4f68f2bd2d,0xf7137733764f13517973d70c42142aede4af7caa,0xaf534b187d34bf0ec8b254316869f73ce3282389,0xabf84116200e0a67d4d6673f6ace1da3f8a216f3
0xa1f095b8a4067c98d32369a1c9e3e210d5aa1a80,0xcdc9d5867647e459facf421565a84bca476be086,0x549af9c1ab5e66c1900535d0fc24da2b6a57c977,0x143ea3a1d23a5ddba0ac5ac81abac2005895d1bc
0x5e36686c7e7ad328c25d895c5afab81214112c70,0x4bd2ca539e71d95fb14715e80daa45fe0d06c16f,0xf2dbb54408c51ac076e9e942354f4bd1429328d1
0x3793644b4e9d2b7cf78eb80e1a2fa292374b8d7c,0x1a02a619e51cc5f8a2a61d2a60f6c80476ee8ead,0x5968cd1fe72af5e35343b0ed4792dbf0f55a9767,0xb4972e4bcd56e2abcd40d7fbb48789be26cd2fcc
0x77c05d19e8eb588da1dcf2de430d01b5b3c25f07,0x3031c4be08d14754c3dac625c92374d5072401c5
0xcf41cd6c06bb1e78e6d0dec4c696b9a483d41561,0xe36a81ac8aeaa53d17e4207e8d83a656891e5cd2
0xcc4a70d7468c47a7981cde8d8d651dfabf2d2b42,0x32ffbd92ac3e745c1c9efd5b58f264bd62ff5c3f,0xabb2445037b4dc9012d7b8c9b5020a4b2145b7e4
0x7f5ccfb50d9087a572a80ec2585bde8e0377625c,0xd2efc04d97f3d3dc0cd36f54ba20ba103c132434
0xc352f33176ad0c0b74c4e23e1785088f8b5bfbfa,0xe87d8467a7a3f06ae7fe479ac90a1d819627a612
0x8f907ccb07b657f9e63a743354a807ef43f2a7a4,0x01e0f1f6ed64e0f6e78f96ff6072197ea4b8ddfd,0xc56b7d17a5b06b2750c75b4f31ec4985325dd304
0x5c7d49d1215065d012c485b992a14583d221982b,0x6c615c4ecfea0aff9e87746723eaa35495fd52f5,0xad78898bd2f3f96b2de306347f0fa71c03500c45
0xd530691b176a2046c37621c9bccf24c2d236ef67,0x1b4a7adcee067bad850db5234340558cc9c4d9e1,0xa50a2739d40c0176138c8acc6aa20021862aa8fc
0x4a48f341938cfc6d0247edfe317deac45de01b8c,0xfe3b0e43f07d48f5af7d91f9451dec03f91072fe
0x495c6e272fbd6f35dfe6b957f253492f81cb8d00,0x9e47b309d498e6a8b7277345b4cb25f2894c8d75
0x76550349164e664e2844777b2bb3f03f1f7b4909,0x3acca912b81c2731c0c2fdefe275b80ec3e944a4
0x5c070126c5ba8eeda8c9e15560083427459f53c2,0xacb23b15d4251c45d3fa49100625cb1927890087
0xfa9b68e84fca42d696cd7ef5a654779dd6e53ef7,0x939f5cd7aeb98c97806fed124b370c6830551dfd
0x2fa4242c799a2ce275ad51e19c76e9b45987e98f,0xbfd937b3ea562103b39bbbea5121e490e977b3d9,0x58bab7614b947d0fb052045288fb72f665702108
0x732d33750be77ec507aaa4c94736e94a535a1a20,0x25f19a969e9067dc7a520636690347c128d02333
0x0964e5273a4d7c2a4996ebdaa3dda7c3b4c337c6,0x0b309bffa2b53d68a3d870c5197c4cfaf01f8308,0xcce1972258611d96fad82c5b4a8fae7264fa60d7
0x6dd22a23b3100a5eb91ac0040fd14684cfb27300,0x79489711e96c99c151e9a69269042b57ff3f1f4e
0x8c65350d3d78f37a457302739297d36c6510eb5f,0x2c91eb4548591f6004ec249fcd9b4a78f0273931
0x884fb0498413c291c5a0f91da5a038cbec40e171,0xe3bc16051452d04d5e60605208c711e69bf01b9d,0x8a4e73b46c06a9dc32c15b01b2db1f99b0f30608
0x716af3fd30dac9e80945f75db0987dd461b38b4f,0xa4e38713d3e61d8cff9b7a661426089f4e908db4
0x20b896c348a304150eec83e310f7d367d77edd27,0xef62e98b70fa2777d04ce9dbdfb90a29198f7a6e
0xdb25055ca6e20cdd6e672a4cc93b87a736ba20a1,0x7cfadac0f720df62ec5b0d570d23e2705ece725e
0x77122f279bbd84ce47cb8e49e17e4f83a7732f0a,0xb8eee154fe6c738f76dcce56dc90cc6fab83fae8,0x850b0e06393dc394fb59a4c49dead7896d666bfc
0xdf389530c24935e8bb4c0d3b2db25346eb4a253c,0xd04b551ae681288730aaf61e227acabccb946d85
0xb89cf0a7e6b5b0cbb02b09dbe65d16615f73cf9e,0x42d0ed91b55065fabcfb9ab3516437d01430c0e6
0x0d2a98d36557f6eb3d80bc86b218e59680d2bce1,0xdf164e683920b376d1991a4149ad2f4155ac773b
0x87015178d84491bf750707e54f6a548b521bad20,0x985faa70f261213c5589d8344106eb31d6c49d0a
0x82df6f08091e71a0ccbf9462dc611dd2fb7355f4,0xc4735fdf8a6307648c315936930d73726b05ee96
0x1b596bf04216d2bd93d8c2afc8f30ce8597139fb,0x53d3372e1aa9bcff1a0a30c9fed51cdb0cfe3666,0x81df4c20cc541ffa0bc8ac45272b3c43e4186fdf
0x74e9a3828547e2ac2b72a7b2294efe5a034d6600,0x741d5fcd3504f8c5c1f04d02ccb9119c3d00ff5c
0xa9549c20d6b59911e9369a994c5bf6c56c62ea59,0xdeb6d60114c24d825384ee1cd24b22c8066556e5
0x2ce21aa508184d167560285bb7c1efc690f34946,0x6d4b52199ded5fdd2a5d01b52725b36906cad058,0xb19b7f59c08ea447f82b587c058ecbf5fde9c299
0x1b610c745111ffd09ad777460978f01b59bb0b6a,0x2a69fcc963b7d9e8fd9fb4c33186f247c6cb0319
0x6ffe6e183571139636b9479ca65cf99edc6be215,0x96ea134e54f8b3df29fc894bffbb4c2d7554ee8f,0xf598cbd78ff3e42436aca6de6c00bd93aec88aeb,0xc777b8a1ff372ce7f08313b46229705a571a0924
0x985301fbfc7e2062894e5fea5dc7a9985223ca69,0xd2e47393cad1607400ece024b85119df33d37301
0xb5660d07854e3641728462fc677b21e62a7e1055,0xfdf1c213cb4f420ec186e48ca4e9bc95c00025c1
0x133a7311ef36b7a6802d895ed7a47c3d408aa5cd,0xc9a557bde69bbd0fab91d733853f5dd849fdc1df,0x591dc5c3d1a95567ee8b6f3bb2a8cf6f3a9f071d,0xe168b81cb0b24d864820110acf1afa228a6c842e,0x5c141db54ed023a547e0b3da360d0b0f6a7f8fa5,0xc8e93d9664d8d616a6dccc6e6f6a3c5d9a41abb7
0x9e4a639b448ab58faec319fe07ccc8826d6033bc,0xc146555346a33a390088557555d874bd016dfdb1
0x513c54357be1e2c916a0f9bf32c970d8697d819e,0xb7129913a47bf35893d04eb185621574c4c40027,0x75010f8376c1249205d2df04ee04ba2b62e22f52
0x929b41c6accbe7cc7831e32f0ffb65f70ea998c8,0xff356df3cb18d41b1f38a1590835b38e56c92bfb,0x90291d0778af73c87fc3865bf50a0ca122e3a62e,0xf3dbe70188c49dfbecbd6f16af6dd3ce8ec93b81,0xef276eaca20f29b80789aa8cc2c98cc4e73f8ff5
0x25ddb0d6d80140fcb9c4f6dd47d4de3d15d61742,0x102af8f7f78944a0e7a3f7a222476182ae13f2dc
0x1228f5608e664c10edca7d455d17b7cc6ea67fd6,0xd3f52556b5ae6f035bfeffb66e9aa7f6f02662b0,0x1079321058d5674a12efc53286bab6dc4ef22222
0xb27eab9245c1a4a4c5ad48649a0a8d9b8aa8c47f,0x4e14ef9b850fc2b5f1dfa4d36b2aac971301d561,0x59661a643e58be3bb0225b03bd9313edca1b7c0c
0x8d66d8741c808985244679c9a9ca61d48cc70ace,0xa8189407a37001260975b9da61a81c3bd9f55908,0x998cfc173af33c857fcf50a3ce112890f6d4aa7b
0x6834004b7fa2dfa8d83fcb81fa9121880e2579f3,0x9449c7432f0356a135eae58966fd1c389a1b81e7,0xc7e618b7b75a3e926bdc91f3bf6269d8e0faaefa,0x7d9e5a429cfae0c135a918452ae39a2292801288
0xcf23df45ffa19f57fafc2842e5be07f4c225ff87,0x7bcf6ec184d9683e0ad4bfd5843a7113c757251d
0x2b237f6e1affd688d710e8e2e80d1bf99c8abd21,0xe4f6bb216832f0fb394bfd251141dbcaf6f34e5c
0x9145fab2a949afd5f82983d8b416f30814ebd015,0x1f22f20f9f4c7fad0d9bf8497ad710c9d30e6599
0x97d3266614510590fa1dcd16c4359c9c543de6aa,0x5a2199370fe5e50e2201ca06372deae7b0c79c34
0xf311a062a6409527d01d59ad4f4111e26bffe20c,0x3a1820b2619b435e73554adb67bc361d74726237
0x14f64c8dfce066f7304d407caea8b0a4aa36b08f,0x11b99b09b02cb833f1a12eefbceb5930b82172b5,0xdc9689ebf7784450cc265960a37953f8bd9ac0af
0x5582389db2d2784e29684efe0576be37c27be2bd,0x599557d881198939a853071299b88a1c8a7cc47a
0x446897a98035ffffbddd69f569dbae32d6b1eff7,0xf9e958241c1ca380cfcd50170ec43974bded0bff
0x5847555c01e7b3ed23259d0f1a511e7a67177629,0xf10e745bcdf6ff5eb5719235fce8e8779d8594b4,0x65d88c64b01b9481352fa8a68b54ed1b3b687388,0xf5f35c965fda015f8b5c59833f50c2c6a94736b9,0xe02cfc16c8e64548bbcf955c6fa85635e97f4c14
0x101524520bbcab41f4dc3c4b50b350644d8ce043,0x716b3b99efa122ed07537eea89ecd58fa21b4951
0x3a29794fe68cc80d1af57a7e72442f1fa72f1a21,0xf7441f425a8ff8ed19cf470a03a3190083cbf89e,0xaa7217a665cde7e18acbff3625495264434324cc,0xa7c6b0677823e47dcfbc91ce679b88f54aea0fd7,0x52736184d31d33bee37e0f924c85cb4d74ac3eda,0x9d3aa0bb006a8b0cf93cdf025c84cac0470e20a4
0x832f72d4c1d703c686b19dc323d1b218c0b59970,0x8bb9d219313d83b60d2656bf3bd0fa6b738021be
0x03ef5644a0e7e1a15943789ee003213466a58d83,0xab2001734c1964106fd1fd196f513ab452043e5c,0x9815aecf07e308e741522f6ce2c1ce1401b105fa
0xf0d95216bdb8a2ea92de2c44ad6e7908ce8755e8,0xb7eacb11495f01b9832505c7ef5fa9d86d80cbb4
0x1d667721ef98819ffe3e2a4c365b432264eb5eb4,0xa809357b61fce10a9d88cd3429eab04532445ced
0x752a9c22c74f4197e31ae721044abd1475df3706,0x363806d0681e56d59770821ad25e81070eacdc81,0x324c9f8cab70d1073870419368bf2eaab74bc81d
0x97d591cc2e7bff8648d58f480f15c5e7f61d9a40,0x6bc7b102872cd37032e31bb07592a119d1d7ed58
0x0f5bd5b5d0351a60088ad06fb9bed65b3e2d9c32,0x146ec7ae0f90229bab03f11558bbc6cf0f644aab,0x664e41f6787ab8e566e11c54b5d1182f6cebbb8d,0x14d810d8c7612bf2aa071b0da92b416e97a8b5a3,0xc2f227c628f58f033d98ec71f615ba5ab68e645d
0x626c62953930924c07351a8025dcee7d73f71372,0xfce4f604ec471bd12fd6e34c920974c5070b1716,0x8d365687a75dc7688864822869ae0551bb6fc105
0xf3b13f6b7da60b81ed140906f61de9c5c20c69fd,0x708b4240f7bec450e48dc2733ed9ad26e91de4c5
0x0f5e04db91eb860f8790f7d2b7b27cf98b6486b9,0xde62afa1635b44f73aaf7b0f2ca021d152645667
0x63443fc84cac2a159dfa22f2c34d71ce60a278f2,0x9addff70cd50d6d5c82d90f1fe34f3a38802604c,0x5bed91c225f036048b06ae8bbbae2846aeadac50
0x2444a75d26d7606502bc4a163f29e13f8fb3e3d6,0x873bf7e9af7a52dd7cf000c3382b2d5bbcdeba0f
0xf15a4983e2339b03e0150ac8d854a1146fd4fe87,0x98ee5f130b19109e4670f3bdc38c48533b3f32b4
0x6c2eda9dedbc76a2dd4b0e05ce5f5ae68b97e60e,0x898ec8955e739ef962c23ae5f7d8855e4d0cf5ac
0xedcf5b3d338e8c7616906858df9fe9478378a315,0xa8bba72f751f1085142cb909b33d41010f948dac
0x716792894e5491a24b9ed375baa8ee29367513a0,0xb7b09e899d77890fcd0485e07904b1f794e06d5f,0x7b615a91a6c747052bd012fc08274b3df8098f93
0xb6bf094f0a0f64cc6c61cdfc8c572e54c29544ba,0x409dcc57e7b4f4224d5b1b56b6f3d71732acb1d6
0xffdb30a6e820f63f065622fe2ae105f9fe3f152b,0xb25336deec725c7ae4ee15e53d06d112dbd678dd
0x9dfb5b8f3d9ddfecfe59ab0e37f87911a73c07f0,0x9c367c7803f4f70d049c8c3c3fb242d4d6e53609,0xdc091cb42e2d14d180042f66f1def3a04e2b61f8
0xc73df80cc9fc6c467584e046ba99cdd5b1ab62d3,0xf2fcb326dedc26daf9330c8b8258ce2efffdd163
0x9e9a4a08224b8fb1a08d7e76cb2a9f902013118c,0x0a2b9172d5ed58707582d132a1c1be3f9849b976,0xcd09df80c8394d44d05cf9f448fc25354126f174
0x89dd381181f9a16c2244d6e8738067c42f1a0a88,0x96f0edf07b2b1c421e37c3ffdd2fce4a9bb5ce13
0x16fbb9832ba8769badf45674d0b218037d714da4,0xa0bf5b240634918c70d4ec9384dbd0111ef40b42,0x54586bbce51595458c8171561c07d31274692cb3
0xf408a40e46a3953684985fa46a625ba1b5573a9b,0x1bed62ccabb030b6549d5a85f6430449783d092d
0xe40f722bb987cc61ac26ae3eeb5d41f1c086a78b,0x932db37c139af8010388afb7b9f4b43d61e9a501
0x94e179def45b2b377610ee915ac513ba17685151,0xb0de471cc9a3cabfdce2a379a9d7c3b03258beda
0xbd8df3f90cdbd353213b068e24644a22122fa644,0xd2231adf7912b950127902e8760dcc559b4d752c,0x756a9ca181b7d534beb3e82e2b2812a31537ffa2
0xe0d2118528d15f35d8a46c983a9a551d71492a9c,0x4a271a0305a386139cdf6cadc6c9d3c0412d59de
0xcd224cc7c8900f403c97028193afa49f5b9e2761,0x3664283c6c1d577991526fc5f22821bd5772e8aa,0x471c72b4205804483723a8a787a4d68035e6062c
0x722b11824287a6cd61f52b37bb44196c3e3401d2,0xfff8cdb790c2a0f1d915ed4dca04906edeaf32a8,0x6939468e0719837b28e6205a25e0a8e53598af24,0x25bacee3cdb0f478104267630c1049c54d10d4b9
0x71bb57492eff62e1c7da7bf85fd7b817a54a84ae,0xfdac53320883889ac8fafc69c4c966c15f4920d6,0xadca2452635d84e17db9ceb7f311e202f5b5676b,0x4998dfa464f284c239787d1e9139659a3f3dd6d7
0x1ccbf72b886c674b8cc832dd748164fcd0121186,0xc4846c89b4cceaf3a1871a0fca8457a8f91de887,0x0eaebde02315c269bb2d9f351fde01575a439264
0x85d7d0dbba3fc25e23656283b807f2c9e993dccd,0xb84a1cbb3eb2ac1b25ff94506e2a4ca7dcb01cb8
0xc7c33f59e2b334c802a1d234773098ba73152f4a,0x621ec0b18317049583ac828461cdb4031ad2a76a,0xc2a92a640d148eee15d16ac307fe8039e37b9073
0x9c069729bc9f1b7efa863cc0e97ca86861bec064,0x05ae5420272db892055e57c20f96d6cbaa8bd473
0xb81e184b8e70b52b0681bcb73947f85cdf754277,0xea6aae7105ac8da887a48f064fae93546d3d9571,0x52398ba7f8f09253df2c16015183d31aa1116996
0xc07b9cc8a503572f2f1671dd1e3b98cf3f418326,0x75ee251588bd4aa59e8d61a25568b291192d7e8c
0xd119712a88a4f664f4d84f7bc674b9f3dbb5d0de,0x1e3ea8724b2b1cf5b168982cb86fc65e74cb7cb0
0x94026b5037cd63ca8d880db5b9c32f029266aab2,0x0f4fb18505f7c6fa096a5a736990721663ba967c
0x418c663da8de6c4ebee075fa881e3b2653abd2e1,0x77a7fcde003f96a58dd5fbbf9ccbafdee3f5c2c7
0x7534dc465cea32c294c286fda6bb904b53704322,0x4c37e2e1efcf35ba3c9eba30a2c0334deb6e0da9
0x0da8b982a54a27fca3366aeda24f9d82f3846477,0xaff8bc3b00709b20d990e58b5f96ae0f50af54cf,0xc30f87b3e4942db45a874415a9cdef1beb516f5f
0xf220404cdecd90e78a280b2f13f0f9cd3336b1e0,0xb00a293e0a7c377e1d2477618a42c84b0dc52b1c
0xa367c86b38096a14a95d7732baec21e501ef35bf,0x1293907fd1bff7f9041454c8c2720f1ef5579570
0x1ca9c98983afa26370bd3afe0a9bad7dd53046b7,0xf147510b4755159608c4395c121fd64feea37747
0x82087da2600bf2c7cc7f99c91bb11432c038bd4f,0xe69e416f96c2046971015da7c2346376a04a00fc
0xc0ac2c10376e79416e5a928cc02ac9eaa6d8bd22,0xecc62484734a397cbd4b7ec476ae0d9a492a26f1,0x952966755e44e4dec7d4ba8a366745c71a82b8c5
0x2250f81b769ff278ca264094a941da95a9e6d888,0xc6bc4ac54ebf87fcd65bd5fa322550951a236bc7,0xd20f4cc5d97b1126a7f6a45d9f0ca944b2398d25
0x995db048ab54c4c8023e8c126515a4f6b6b9879e,0x530c0467849307d302249bfa7d5c568b63a75f07
0xa876180a69bada2771919329c4236e9a5f2ea62d,0x32465b1ea4bd51b652f9b46221f1db7b852dfa33
0x943ae9a515dee523179c4f9271d5f2f22e8855b6,0xfaf2192c4b988ecaf4e5ef68a91220f53eb4c2f9
0x29f4a57175663e356f9761d62e56b2e82ad5daa9,0xef8b06619ad4122a37ebf2b2f7e1f3920ff3f684
0xbd5d007a4f378bd231a82d903796b63eac4f4b9b,0xd5475a96cea457ac2097911f9fdbf45104097918
0xed2f34f866ff82ae4ccfd4a33f0f9874c122ef7a,0x148af2f53dec805576218fdb2e75d0abe675bc73,0xfc0bffc0768944ff03c55c33088f3e04b91aad7a
0x5f13cf73c6fb0e9638924ef66594e25e5ca4fffd,0xea65777e8021efc70d1973ed16448b4b5350db74
0x72810529c30fd63ec681e9d54d35c8c203a81e2d
0x1d7c7b6c72ec2ea687cba30eb18a355fa205d885,0x9ac5dae4fbfb0de7afd9980b321ae0511b93e1af,0xbf1546812d6d680fa6ca294f45c92497874a0fe9,0x4cd45eb5f8431364d50be05f500c11e501c9c354,0xdc228da49fbbf36add39045657e56c9ddfe8ac24,0x8c914a6c321e4304ae27b1f8bbdecd6dc0b8dcaa,0x15ec76ad09d49f75e0bf516b4c5b9b61ebab71e2,0x9d325e72ac885cce1f379fddde4bb0645c0659f2
0xb25c5e8fa1e53eeb9be3421c59f6a66b786ed77a,0x47afe9411e08ad270731017d22a4711211d6bdac,0x13d69d470f4df5c92938d2f689ca7b44371e0672
0x8a8b6e11f927035e8d0ab13ab41fd1397abebb3b,0xd4684a734933fd1cca3c51ab9b54d0fa2dced0cf
0x53f85d45fc989e2777419054325464e0fc37b70c,0xa6fef015e00659dfe4ec90bc3443ab713f4227b5,0x376fdc692939558a2e5c29916147639f4e34e3c8
0x26f5568643f06f38773d56af0358a5f43fd8fe8e,0xaafb164259d27122530aef535dcd059f5b3dc844,0x036099f5732081a89106ef0e08383ef50840b257
0x7e5b47f5453f9bcd9a012e5c0e686ceaf4c797ec,0x48214e45726328d2de8d931cfe594379e7b8e0a5
0xa73b3db7975252a84969a1902bd825bef7a286ed,0x7f0b7050bd51c4d59be7c8b1ab04b872a9aff1f1
0xc4ce350bfa99b14c2f0a4207deb8b0ad30727a8d,0x5e51879628b72de68c501e56187fc8cd64d091e4,0xb4bf2b0d41505bb70c34a36f4cda0d705a1fbb45,0xd698f76250cb52235b9b38ec6e7a11cd96929e32
0x8c5a4264542987369be37c46afb23bb769a030d4,0x797171ba016397055cc0bca843301e3140e8195f
0x988d43f482f454c7a59dad82dcddfd93cad0d724,0x4b80e9a45b0c3156e49da282a01d1f966fcb6261,0x6397467f6f0c7732a411ee4ac73ee6394f04bf70
0xa0fa661240b45918bcead466c0905c8236c01b1a,0x5e1b70ea7f694951ebac269beb2b3f4f25dd6e6a,0xd7e86bd77784217324b4e94aedc68e5c8227ec2b
0x782dbf57be7b9a03452b6057001f8c6b51293c16,0x9d3f4c48782e4eba32e3b9b3099ba96d9680562b,0x3d17c40cbde27398d4c3f3e2cecffbe8c5ab8fb0
0xfbc83773fdb91158719e643d609074097d2e0260,0x059cc7faada122551013413bd20c45fcec83287e,0x6a7ee97c4e5c95a48d189b3c4b0b317353f0b69f
0x7ef2c3d9d495d50ef5ad69fc746b9ace95d97483,0x72ec3c0fa4bfffb65be2ac8e7a479fe5dec166e7,0x8f8dff14edf1c646214a949273101e25f517a4bb
0x838158e24d6a4622f0497894d34a2250c041588d,0x75a9db75d6b2f2370653e62bc561a43c629a0bb7,0x5f1b5322eed0f67e84bc28af327f35d9342afc24
0x5554857460cb8652fc6a70f75c3710b36b9d6818,0x85a57b0b2fb132f3acaef14048649163d1ec5ac4,0x00a0e8fce0c16767049ecb47983011b5c2375aee
0x135a7a795c05e1f2c7f13f21ba30097c42786c42,0x15d0687253ac1a1e1eae74f77acf97097aa63637,0x843aacc07c284195cfddf0a3c1593eaaf66a5ebf
0x3345b91bd64f09e27fc0bfec81525adb74f99591,0xea3f90f7d82a6666b2a7de4d579c8305beebaa1b,0x0dd0c3f5e704c2472cfdc555494805524aa4ede2
0x1f00d045fdcc23f55d3971e92a0995f566d29c99,0xe05cbb759505864ee32e11301cacc48252040910,0xe40f2fac0d975c71a6e72f697cde2d74657e5c9f
0x7b7234bb56f3bba69e3d00631c662e5b8398fc0c,0x82980b835c3c26f994af185074e05cdf4a74e0b2,0xbb2beea4137d4490e459bc3cc33e833ce43f3710
0x675f3bca31b65c1eaa1f371817598894d479a9a5,0x574ae1c416895182af25f1efbe099e4e4fa5e407,0x585ff7a74eedab3c9c4d24f6812e350c15dab405,0xba7f69de56842cacbd53fc7a2927559b41f1e253
0x3df1c6c2d595ee3b5f33bd7b26eef946e9977859,0xee7d7d93b0290d30005d8f9d2d11e746b4842dfa
0x512349789b938ff557d5bab504d21415e40f730e,0xcb0a6565c0bffc92b621244e83552c529aa384de
0xe449a2cabbcd2842cc6e2ac96fe8a8bd2645a915,0x18c3c8594695dbf3a8cf98a4446ca5fd6a181310
0xbd7068e267153b7b46925decf9f2c5c5c35f70fe,0x953eb31a1e3f43fdcca6906cf540bd96775972f4
0x82ec1dffec554ace1dd922ce57924e687bb16d0d,0xbb8121ad1236585ba762fc28aa72872e5a31a544
0x1d4621c0cd990c84a938ee293456191055aee5bc,0x23b053ba92c196b4121ac9380d4e67e43c80e5fb,0x3fe365e0e31edb9a58256f95b1bcaa160ab5a05d
0x5fba92a547016d7b2ffe91dcb21effd7392a84eb,0x33d171e87237fb7ab676ffdbdf7f9f9280939cc5
0xe0dd92e577146d9114dbe63182443235596b3692,0x4d08fba9f88f531be2efc8a848b3233cf4aed2e0
0xb31228c8a226825247605cf70c7763b00e12e7b6,0xecf0c9414f4d48a9e4c4de03ac0b503e089ee717,0x6cdc359be17d263738569d2215f04db934d194c4
0xffe4f909c9fc16b34d907b1f1c919c8f7f110423,0x7694bdba0b4629d7a9ed35262736d87c7b09c075
0x76095d109eddfffcf5767968865a7accf0585f0c,0x35abbca84d7e6a4effd415d0d971b8de59c233f9,0x61f18cc67d4280754b147b5fd52f710a6ca886ae
0x87511f9772dc8025a74c4a5429a1b3e6486ca9e0,0x1637e5b13b6bd53083a4f0f4d8a706c160bf156d
0x445e9735e13d38279d12844c703a4fd529d12c6c,0xae34c65df9fcd7cec94ed0fd6b78ba3d614548ab
0xecc6b71b294cd4e1baf87e95fb1086b835bb4eba,0xcbf9af8f42bda94e8e38ffa737cdf339b476c397
0x6d59c49fe8751996cbbcd05a755034901739ae28,0x069a2bf38121c299436bf2ef453b9d8f88fc5e8a
0x1497ce46b5912479a1056a20bd3a03740f519a61,0x680b07bd5f18ab1d7de5ddbbc64907e370697ea5,0x4a8097f540763548f4fba37675f48f0e64d3ecfa
0x3735d27747a6c3354ec19080782beebc83cd903f,0x96b4a2528a6865cdaa33fda8aa1bbd87e1f27eb3,0xdb9155aa2c883912ad1494d5454ad04e203df10a
0xd9d1c2623fbb4377d9bf29075e610a9b8b4805b4,0x6570598bba160134963fc5cc9671ddfa7b2040cf,0x06c5c041d36ac30ca166574511e414fb5d5dab2f
0xe3532d839275b81f87b3b0ed2c61344c8b635851,0x150f10bcf158eb4c1f6c3d79b91f7469ec10edb1,0x690974d63012154f6eac427610c07db71c441955,0xcb8f574883e32b3caa85be42004ca68e87f12f0e,0x8a0bab78079d79aaa8c6c5e07a097cc2af69894e
0x8a1c270e85bef23e8b2a246442b278f558388276,0x4201a218987e7e80c9772a0c288cc793ded86f92,0xf4a42c1f8809b03452db0059358361b6474ebc6b
0x16d62d7671f7bdbc9156870ed3d98f990dcf4918,0x79fb2f4ffa8987ece35412fc7a848c67442d23cb,0xf5251ee5ff03eab959561517fd70a145e2efc883
0x9ecc06fff46c410faf02e8ec4ebccef31a7a1d27,0xec408feb2d8f91168b3ad12b34765b32ab3b1638,0xb4ab386905713a7924ddbe07d1f3f79356b648f4
0xa688aeaa0a7de20e3233aadb99359411737d1407,0x682090a22fc9587dd32710709a2057522a7653bd
0x419830877c51f84a15a81cc94dd8020cead052e9,0x237008e38c9642d715471f10c5c21eb10326afd0,0x6317a7f90c7e0393371c713ae91a79f5455610bd
0x94588018df97cea4abcbe0c8e3ceba0e99d26a03,0xb5c9031ef03ccc0a93aa652e0cc7ab01da041e9a,0xc09ae64e1e0ae9dfebc71d2e44234dcf8a91c60e,0x9a1c383abbca270bf956070306eda949ff9f1933,0xa4a5ca7e982da4f5ecaee70ef94da324f543e834
0x928b37479c7b7d7e6bd059b424fea0e42694537e,0x841a0b0f531ac72787d35e1614fc07d89521daab,0x9e0f9b3bc262c8475b36ebf92696f33b87707da0
0x0efedfb9ee69199ffa528e8d475120173b9e158f,0x21429eb6b2f9ce672af7086a4f776712d04c003b
0x9d538363bde51c5ddc3fb966345577001c95c34d,0xb255aef89776e6d587a420d00a104deb5ccb8de5,0xa6c9120d4bb0eaef6df2be33571ad49ab1ed46a6
0x0a00ef3b523a61bfff63633316d9087961537963,0xf0a4389789a44d8f055cf3801230b0bbfb7f0bd3,0xc3b6d4a0637379b5f52c129be0fb636e35148bf3
0x29b59423ab89387e13d30641f70023637b4a9963,0x66adeaf84cf1acd94e2746d759404fbd45a5c7f5,0x4e6930f9d0bf3bb36012ceac67d2d5e59bd869f6,0xb8a20f441ed493f011355462c203b39b7eb9d682
0x9999996731df7362696568bd08ba0516c443a06f,0x111edbdc3c02aefb77add062d2c19ac24054be56,0x2222dd63e1f39c11952dda4fdb4e9e984cad75a5
0xc1c177bd80a385fb31b95e5d1a57e3897157fabc,0x00d3baf1080b1cfb5897225a21ecdcc25a1f4456,0xab737c4fe2184bef4e328e25b94c3ade77d4a2ae
0x00000008d9b78a0a8a682a1d21b0d0deb10aa3a9,0xfcd43dfaf8e8ecbcc61225011f1f4d7db95d4cc9,0x8839a6c624fe65d41553b3a1d786a5f527a23c56
0xf56220dfc3142b28fc13c60235c86806b1d7de9f,0x9c4d37d59b4a9422b7b441e20d7eb31390b11d09,0x621729e976b811ec6415debc462bf71eb1844480
0x504c3dcaccfdcb655e6ff48d679af773d4d89cac,0x6fd20436df12e2646a357edf689e585890456330
0x2cb36a1a446cc7503b7a591f76ee0fd197217c3f,0x02c5adfc7615458d08942fc94f1e99827f26cf97,0x72c371fb27ea4f06ff30d482152d77148fb2100d
0xb6cd433824960e9cd51204ad62b28c74bb27aa6e,0x8d6e90c9a375a9800f1439d6a1775e73d343ea9a
0x0a85a416494de20a2e8ee117701a0d05c4819b51,0x4714f0ff04fa1ac53ce294106f7085ed7bfc8832
0x3af0d3ef11434c792d35d80f3b1358ee2d1917cb,0xfdfe43868a5b4f57ee276b66c258a5b1d53409d9,0xb99e19bd7b5d0e5c78de3d9b9511fdb34dd465a4,0xe9e78755494210a4ee164061451e32eb71f662cf
0x1be3f9246372165faf777b0d9880293a5629f4b0,0xc1e73bd67b2c111f51ab1ba46bdec16eecfe3c62
0x4e1118a436a321dd321915f68666e2920020855f,0x5063be0b1d4ec78bf51b926db04d2d8edad8df96,0x2c6f7135ab3987258cfa5a1ec23d0387b88b57df,0x4aaad49d47f2182973cd86c2cf7ea69a313390b6,0xa92d49374049f70b0f1ea835a6b0ce8057dde117,0xdb9d281c3d29baa9587f5dac99dd982156913913,0xc1e42f862d202b4a0ed552c1145735ee088f6ccf,0x4a72162980676ac2a1161913b083e9358166d3b0
0x87861c0e4474bfe99fc830af156191ff4c5dacbb,0x78762064e6a631959883b1b41c4f6fe21b79539c,0x2288853b5d089d3875082906372db6a1a9f294e3
0x9accb6334149320cec9f0624fb8385f2c7c64fec,0x09847f8f8849e819ffc5153b974f99d17ea809ad
0xa0109274f53609f6be97ec5f3052c659ab80f012
0xae868d2283a665c5407327035c25ce25b799f9ac,0x6bb741c4da6b7b641b77d78f698482599bd32f25
0x4200cbba27cd5c92e8d36067633d050e4b1ac14f,0xd19d7f9f1b2bbce269f3add141a357074aefb6f8
0x48c0ec8ccc8f23ca4536331ddde5e696f7cd85c3,0x89b51652f0397ca357a7451910a49b68db6de245,0x23026eb1465cf7dd0e573be33d8ceadb7bcf716b
0x28084344d0379580f228e563289166a74ce014f1,0xccc239b8add3080dd66f0e17bb4e8403c2abe33d
0x52f28c0430a0b77534d7a77165712e39c55e77ba,0x977f2ba3d0e66c5ee69d90c730d0f62a341d99a0
0x5390b856eb1c45fa8d508bd4a0cc3ec80b50f36f,0xdf28791868d3dff7d73d51cdb8a28d218507a809
0xdac3f0e0283a112fbe6deb5fb666b174767ba7ca
0x06de14f4fe0335133dbc2a8953246008ccc7ffdf,0xcc96f6f6876688325822fdb4b9a156b305297fcf,0xbae35fe02c3a4f39ecb765ac974fbe05e6b29e50
0x9344e45a1c875b3edc68c498b764cc396ee41904,0xacede31e08595feb27c44eb455cd887d2e48ae2c,0x8d0347ecb9344a6ce5bbafa45eecee68e53a008d
0x053be00065635620ddf56e576ea05689910875f8,0xee5cef6060038130b11de8a98515f13b8405cb18
0x5f722da13e5cc0fd6c28fd5f2854fae8861914f7
0x24fca0513a90670c256933a31391ca1b3445137e,0x2b33a5643a8c85ad41c58ffc10d4f67573f5d384,0x435ad80dc510c32f475380847f2b63d3908978cf
0x0b7ebe2e69d9402996b84aa1601094081407f384,0x44d7bb3dd85473b713666257da21072036320369
0xf9e864bf25dfb592fc5fd09ac9fd93b88b986e51,0xfdd7e2c9e561ad703455b3b8862618aa2ff3c8b9
0xa43fa94a9a0242ecf8995f6edf54e1cb5aad5774,0xafd8e96ced8f80c89e2779f655b850fbb16e1fc1
0x01a06601b5d58e4b4682245484158e2777c15d32,0x5a5893fdcde39cac09c15eadc1163dc4e5e1dfaa,0x0f0806c4f3d905c0ed613d4f41be99e9d907449a
0xd06b09c1151d2c869734e6e1fc537efe884376e8,0x907eb342e57b24e9e4dc6e6ff96f8e3d73bbb0eb
