0xcbdd00c968bae2d205ddebc69c063d9b37619559,0x3cd0edcd33c88679fe6492716c2298918d1ec746
0xac62c834fa37169b6afb5a9ae02ea407500e5a50,0xafe3411ea3fbba6a78b809e1746b701003540798
0xb2ec29cdf588e1fe306a77653bcb0bdacb647dc7,0x580f0d26f76c2fbf1234ecc1173f04ac116aa7c9
0xee925f653d7268f9d9ee10f5ce76511b639f2b63,0x031e1fb607815f8cb5e6af3a1c779f0935d332d1
0xd49653de4d8b7f30f8ff39481a8931ad6f0d8661,0xc58c959e0ce60f114b4cec3fd6d6d693ed9a1a71
0xe68510eb23bc62e7e50e2b3c663788a3dc4fc42e,0xf16ef966067b01151596b02c03697d8cf4ae410d,0x9f9516ab8c01a202a3abdbe91426dfda3915c037
0x92396494e9211b6641fe136a0b7ec147703c27e7,0xa4e64e31e459e83973374ef69aeed69fcf2dd573
0x75c463dceeab522858528eabc544c7f1b309f518,0x7be24552abbc6bafe8b276344daf28e7725ece1c
0x69fdc95ee048ebedb60137d71cfc2f0c9f60bb0a,0xaddbfc933ab943d568c52e5a2cfc8a6fe8e3e30f,0xec6b8e781725b91d8622c4d264dd8acb2cdd8887
0x9e063bd5dee599ed4f478c437dbe7d1d27685fe6,0x44427952c249d75277f7e76f4c485087e2493ba6,0xaf34f48e621ce83094f2dbd0d6069c2807887996
0xca3ee2fab66751351be7d2936ba764f72c980cd1,0x44196c15572c377e91296dd5cdd7788f489d502e
0xa79badd5497ba85afb904f614667906c133328dc,0x3e22c6f25daa509d43a91121039dd2381674bee1
0x4f2ba0a8fe2b92157738cfbd35c303fbd77850ac,0x31982f01ef39d6140bda4a455fd04fcc882e4f4a,0xcffdf31b1ec3cc25daa76b3d68ca792968763c4d,0xc743a8300ee7ca262ca9d6ffb260f42e5958c6cd
0xa225cb9f58e44ebb3f5c2409dbe4af657b4babfe,0x297054c3c2c1397a3389c537dd62cc747fad84d4
0x736f9c2f568709580f45f4726e9abeabc7f121a0,0x271f5fa96a11e6869291e813e6341af9d85f1a28
0xb0bb44204276176d27028b321f5f1fede973024d,0xea1249fa1f9f291909a722c8b37158bd71024816,0xdadbf7e137985e7bc4359325139375dd92d87a84,0x861b7318efedf5545f6503de66a96a29bf0a610f,0x0b018259d66eae0000faa814072bd1b2e91c3d83
0xcd9a5cc37bd065b7f86926708a2a6c3372dad927,0x096da819f1ca32d4a9b191479effc838af4eefef
0x3b1ad5343006e2bbda2782a707fc7c9eaef9805e,0x7670474815b266c8f9c4874476c01234b3560251
0xbc6ca58a22548c2929af22769a68e2e26a1164dd,0x5c0d5a1c96da66b39867c7cc33c31f500f073427
0x9e1659bb9b8fc33ef7c42e5ab78e2f9148d3af8b,0x9ca8793a15f4f65aae9f8edfe8d6683dea415bc5,0x909bfb9b7ca81bd0b17b31407bc12408a0181bd7
0x3e52031e8d1b32d5c614c5442de2ead75a5fa0af,0x4744b7469d45511b4f67c19b9a21afb999c27480
0xa07e2bf109d2098da1049da6725ffb9f9501555b,0x032560c924fc8e91faea24334302221c553c2f0c
0x01725be700413d34bcc5e961de1d0c777d3a52f4,0x3a29794fe68cc80d1af57a7e72442f1fa72f1a21
0x7d131d6e865d5f76d4b666eca42f2a9dd8d88672,0x5491173cf437f779331bd990cba270ca58ab4dda,0xda3377e325b50b4018ebb17bf099d597968d532e,0x01fe2c3f8e2c70585c729b7ecac0d1d265b28ea5
0x8487d3e98f73f60ceeee8e6c7e4e325a40b62840,0x097f055c180b1b527c3e08f309e503c673b2cc7b,0xa6b3f402f52e7d98bfc577107a46d78075747979,0xdaa450531c9240184d4da1c9fddeddb71d7f8f7f
0xf128e2c23ca4059216b78fda93cdd1538ca5dd6a,0xeb1a17fa0755fc2da68b1c911937487d199f657e
0xf6047ae1cb07d850f11e46e0e23adc0c9c2149ca,0xbb9c97739ded9f214deb2a0f43d8c9c17b908eb6
0x8cc7b224768a399c6e166d6f761adf1b69e82bde,0xc648c66f6a7ad3e0e4a1cd7dedae32987c74efaa
0x543d056cb1d068d86d618056c10d2f7b52741653,0x0cf0fc72d037181e909e0e3bb728e8365b8095bc
0x2462e85657de05d0e951f623cba3a86c1cf9ac55,0x5d21eece97a617b5a7310f15ed5ac3e013e021d8
0x56431914b0331c6947b09ff9965b2a1e16fecbef,0x1cc8b93b2f1b939f743a1ca012811fed935e42ce
0xf45c1ff74c2d0be975ed291574a4069c23aabea3,0x8ea9b1e0a346ceb74b65789632eaad9044bd3aa3,0xb7d4fa3aeddc0b8e23307fa7447ad776beded67e,0x7fbec542f6dd10c0878f17de0ba57ee89e9a21f1,0xdd92bc4cd5be142cac5cd89bd4cec77341bd221d,0x183ac5726d07acadca66789455dc28555ef25181
0x4caa8cae8f5a55154c1730117ce753816812c76f,0x7d29ea0e1f5eb7e2e7cb2b5a21016c50f20f6eb1,0x15d58ad65c727936d3f383dc22e515bc71a722b0
0xf95e315b158e8ebf91efc5c2a3398a99fb36b6df,0x33c172a7144f7f7a8615b546edf98b52cf38e352,0x1628ac33aed5bea6b1fa5ce2ef5aeca599a16159,0xf3203f5770c1fe7313eba2930c6ec06c08fd09b8,0x0cc1b8d06f3aee9d669062c6f1fcbb18a5bfb3fa
0x06a32aabae13f781d55ac8ed4f915d7d1bd39c2a,0x80f40c3efdba291011c77f5ba75d05af3bc2e0f2,0x3ce7049c1bea1a94e48da6f27bf4bab2692b5c57
0xdbf7fcd0de84c2f113cf3810dc26dbd8ce0d6842,0xfa92d61ec1212307d4a0ec0d2be28c6cae0b9b6f,0x99efc256f546db473f69d1f30a00a2925e6b0cf3
0x6e51a294658c3f315bbad16c06aff4b40a826810,0xcdb070eef20fcf6cab0803054a0ed22bab448b41
0xf0e242b9d832f620d4a07d8957f785c1d95292bc,0x7859b07b9abcf5eb978b70d3d26456929220a9c0,0xa90d5b8e376fb98cfb85ddb7d5717a1f6d3f1ef3,0x5857cd271531623a2da689aecad3dd626608b915,0xed3f7756f260f4501a828d12af53d62c25c4bd88,0x750fa7feaa8465694fdfc63c5e7640f72049fa9b,0xcc8d28c8dc27b139d0ba4d718ddcc1e350b60136,0xa679b33e76c5618ba4385f921109d1b92d3143ec,0x24001fc3f45f1d8962a4cdb69d86d38e9144e14c,0x27b8c429c090bfcc0f12f1809c4d01b264dbfcb5,0xb7be1a18fe00dc950764be80dbf106d88986e81f,0x855ad9b18511f7619d9131fdda4e3ecf754f1b7e,0x2daf5fbc80b2658edc0f653a79af6fe50abedfcc
0x4ca6ccbacbe8217019cbf64966ac922bba68345c,0x8ae5ac781cf56de7087ada28a849f00cc9e2b025,0xfb603a4945bfac75c6eba7adb0f0bb2434c506d8
0x331ea42a8f9a74dbbeab63ead029e84466378b34,0x076aabe896f15b9f2677ebff5b8b29d66df96e95,0xed2c80a8e1bf7956e5721054763f3b1adae351d2,0x6592342d54efb31eb18c2e8821346b3bac8fc1ce
0x2ce3c35770500762fe93db6a18abc5ea7e8bfe41,0x892e4a8f3dadd0ce5fcf500f4f9f92bcc392b9c9,0xfd1f5da9e3e0f5260809c2a5d79643d9ca00534e,0x96af8ddcd99f6fdfb64e581c9078915474bc2e51
0xe6c7512fa659a11dbecb57b24f3d0071ef4f2a5f,0x0d3320b344a9357fed508eee7e9ce82f2f918fa0,0xdfad70be0b1f7e0f52eb6b4c1be0dc0fb73c3d30,0xa432bf68f1fa9f8080308ded3eb4448a09abf1d9,0x35bc6b56c381838a5f83555c3a0d76cded30f10c,0xf71ed5879f5c1d088fbfb0ea4eef8236403b0130,0xae1d44d5507415a3fad9501a4f8091ca7944fa70,0xbacdaf82a322c220a6946e7f549242b54d48962c
0x0d292ea36543a066d6ba4d8044407cba75883c60,0xb28acfadc245c9d21666e87e79ae7d11c1d812e9
0x9da5937b03f33981cbe25c88579d5204de2221be,0x01eecd6b7b596e526297938f57f1711438400fa3,0x7dbe29e41b6b50aaefb92f03d00ca42d39aa493e,0x2f5ab51f0fed99e762888f32237d492511826812,0x465412150263e1eb5be7a9c0676f90f42dad20f1,0x689b586fb7d4c34f9fd5c6b92e33b1ee9ba77eb1,0x5b57be072799426294c71e722cf44b1c90239163,0xf305ffae16da5edfd00d2d1c4a9964e0666573d7,0x84f755b6f697bcd258c5dca48043012dd4767a15,0xcfb207ebcc046150528701441496305737256df6,0x6172b44497e73cdf9f95b5f838ece64f3bc26c78,0x4583dd323803b0db50aa588b9866d06fb43711b3
0x6bd8447e61c77b3cbb16b6b70e030d574edd0417,0x22e267fdb6949aea83f36297cde4f9e2719d3815,0x1ec8cf08a1d5b10a8c76846c390c04c60eec76e3,0x92630830e7c6687459fde1aa6fc963d3aad798f6,0xfbac5e64f671d1fabb9100297fb5456398dbfa4b
0x006785f5423c835de3620733705dcfafba67854c,0x0a2fec7fb42818a35448fe418e86a65187238bba,0x7f60332fdf0a00db26a6f6376b28a11119d80c1d,0x470ee9c2874ac191ab0861852544a5faf0d2b563,0x8bc1da7517b131afe9b22f7113fba26684b1a72d,0xda22cd85eb30d91ca5e60215ecb8b5a32832dbbb,0x619b50d2d0dddc4d78a581a87f2adf5dbdc462cf,0x00bc9ee253bb9cfe148899334f01fa0664669064,0xe68756de5d6d7293184e477abd647076b224d0be,0xfce2d14a6003635d9f826eb5ce92ab238c17ebaa,0x5b6f87766299be2f12cb81536ff8746faec52a7f,0xbe15b1446c027cc5f320e2001b8de5018c350c30,0x215d9d8e63cecebbeb237138e8d0196a69091c6d,0xa142170b48abf740af79c5eb0a2deae5f58b3b12
0x9a32968584bf8c4226dce4cf710483e1c3c36250,0x6c207ee2a9cd24cafc0cff2ba82771be65d47fa0
0x2820e913bca9c0abb92c7de9ae911fa7b9a50be3,0xa191ce0303d03b25fbd95da50f06a3dde11d9238
0x4537ea6fdd57b4c583ce2c7ec6934d70d08b3e47,0xfff06a1a8afb313781831bd597063803e53e4230
0x1f6ab78b8b6596e70de9671fcf569c49d3bb7f25,0x2996b02a704aa62dfa0d2d543b4f34cc0f60eeb2
0x6b2f706df8895a30e3380ea34f783d15896ea585,0x2465bc7984a5151ab116ec7610615305c423ad30
0x12f81b4687dd8080d191fcb7023aed391193576c,0x946a7260d603ab4955f2058c9de09a8909ddaf87
0xee92c4464868cda5c1a5bc1361256a534052c93c,0x03926f2f938bddd9c261ac210957112abf261dd1
0xa897cca58b9cced378f698af975b1cdaeab2fcdb,0xacfca69c94bf11a78cf66d2a027edb0f62641e3a
0x3133742198dd985a4ec21f2419ec36d8efc03f26,0x01b0f94e6f39b4e4eb1630afaaa8f494629e202a
0xc973879d15612885c3f1a72126e08e522836bab6,0x276047c0a483d350b0ee184995a323d57857b301
0x83d8d3a670eb6414e37eca104b183a77e18c792b,0xe267fcb7f6af677e5c00d744087ff2e0647ca4bd
0x746182285259d49dc940c9725b9f198e429c2ef4,0xe00e17199886967275cd02b41915b93fd1fd5505
0x76a8390e9d1b3cef4c0b800f2d2b3b96534b2a34,0x2e39d321d6c1a5c754753fedd8ceea14cc6535d5
0x7ad472c3c2daf1a495d6865dc94adce6042f9d02,0x5d53756c086c4297537df84ae8387f54536cfb99
0xf99a7f0faf4e1ab3ad1ba4cab0f2737798150950,0xefe7111b6cbd0fb188b14373ee4e8afa7d11a9f0
0x5b0849d71592e14cebed2333ac8e09aadc40d594,0xf4f18e0c5ec7c386e627482b9b1f6afa82f4bb9c
0x0c133df3ef597ee4af29406d82f1d9188cc9c228,0xfc207feae47ba12af3fb550216393332b8b999df
0x42afcd485933726f602de5b0aa4da45b17a61013,0x80b17499a58254acf808e6330d7a14f4b6d972cc
0x2b241cbe6b455e08ade78a7ccc42de2403d7b566,0xd11aa695bff2005e564ca24f32c47e3492d3a11f
0x6293879b7524d971a2815f5acdca65051703feda,0x354d6f97482c3e533bbdd3adf65570b3d172c9ad
0x2def6f04a8afd57b9cdb7fdad09eca50bce501c1,0xd830490f427d1829f9019e4e2eeab4392c85bb43
0xb20a327c9b4da091f454b1ce0e2e4dc5c128b5b4,0x71803170c1a0298c0ab62fcb540ae769949e4958
0x8051fca1964d83843a8ce076453a85e1efc9d7d3,0xb60f2a1cc604873baa18e6e239ce19613f8f993d
0x5cadc5db6de0268bf571603d04b922f65f64f1c5,0x0c7a8559b6d7634267d0764107497a58708ec412
0xffb3bd8b5365758350008118961254c5ecd1f80a,0x230b2e139a7d56f24120735a32e9b33459a4f63e
0xd0fb3525ba0e0b5eed902d7f9766d8789ec3878d,0xf8bec0518703fcdf22a4b21c3deafd20b68b0f7c
0x92b7a519317aca2895455a179e5742ec2be06a48,0x2d2c46d26c8fec693586e067c4fc2b2ddc2b4cb3
0x0935378d1acc5d46d77a9f875120ea479f96619a,0x0e4a9bc72278f895f773279ca9183c09fdc4609e
0x93d083216eb971a998c49d3370f396f504178140,0x991fdbf822429114196fe54af263e98c6083e9e6,0x7b04265c4f75bdac7260ed89e2a57f3e69713dd3
0xd57c492b37e7bbfeb207f9a3cf78699b10c81474,0x5a8b42b0452149be1806127ee14a5e2070c00a1c
0x846e49ece01ac637f57c2fdf3effe476b7001190,0xe0d62cc9233c7e2f1f23fe8c77d6b4d1a265d7cd
0xcc6619e93469dd6b1904fa102ecbfbf9934a01d8,0xf4e344f61df2f6965c2dd1c7309ba9fbb14f747e,0xe653f944dc8d8796049143401ee5a1ae9b899964
0x29311208b313f5c567be637167e1b171ffc45c20,0x472440090715b9f238ddd8195796653dc2343054,0xa5c86e0797d2f69a3920b65187ef6e8a2f6a4990,0x4e42081d91d4a401740669867f2d48de306b8fa5
0x2bc3f77a24e0a02748cacae18b82bff11c4c7067,0x7d060901831791cb5352d67a8d791e720091eb15
0x05567cd279afb022d2a4f924389ec1523e1ba99e,0xd4048c78147540c58d0eca02c5c64e19c2598124
0xf8c5a3238bd5caff52ee00c4b9aa861199ed03cd,0x8ed25dc85c582da07e5e078598d08f59fb5fa9e5
0xde3bcc52fc08668bf1640fa4bd31e96475df3daa,0xcb2b086215bb0bb91122488f52fc0bb9a82ff221
0x4ca413e98a40697a45e8769c8ba4e7fe364075a6,0x0070016c83957a42bea53eb4f30efe218a0d25ad
0xd01ad76a2337354dd458fcbb6e507e001f06b77d,0xd85d422317640106599128b19b40b3e8137875a3
0x7029cad8e9a644dcb7646144bbbf712915a4c108,0xafd74a17da0054868d59e8ad826540258d23c5ec
0xa81f43ca70857458409d472a3f6aa8d4d922b5c6,0xfab640aad4cbfae1c882856e78f15aa6fd2066ad
0x52b5321e8d68f71edd61b4456dd003d3fcb60d1f,0x593c9a72d17705059277541cc6e1e59614339482
0x88cdb7774a9b7eee27dcd0197907d94a10dfee04,0xbba7d52b6c82ae8907cbe0b0e321892661893903
0x468727d0770a301d2721968765ac0b003ce332c5,0x397f3b42eacb6207605f7bb7fa4a6b74a8e7d4fc
0x5e26b26e27d646881c27058b98a123bfecd711a4,0x103a126b5d54a110e5c26074e44b7f72488cbf89
0xb348472372b2fc27ed009dab9e204de6265266d0,0x40f8a22d7a262f36a44ffe86fb0d528835e2cfe0
0xf2cad3545540900d74db4c8b7cc843e278c40a73,0x33fa7aea9e9fdcf736d38cec82330dcea1f945ad
0x6c3f0c39f8e237800d765908e7ba4d523c1e8955,0x8fbbb1bc2ee9e1a660ae8112ed429cdc82251810
0xe610624b3c91a4d402dc2618ed047a4874e037e0,0xafa8612aae19ac707ce0b0fc42615bb8690e7cad
0x34d05e9cf83d078c9755ed43e26cd978886fe679,0xddebdcc72c6819d7759ca9a93196e394c828d71f
0xeb47e6041dd81b02f83896e305b7df0678fd23fc,0xac52d0c80677a605a999a4b2442d31287c5c9205
0xa03c3fc823457f95ffc3cc7fd5a5133d5afb850a,0x08717dc665247452454b6976a0fc6aab3a97d31f
0x6194cd3b51e5cbbe8cd34f6fbd1d4fb9ab9827de,0x797bc027bb40a1c7b08f13aa94f7b2b4ee0a4441
0x94c9c0ca1a98a44fb01c8458aabb470ee4244ad4,0xab1322594d94af6591a9f74c7079c243583adc67
0xea618197635c898eeee8652ba6b04f89deb2efb8,0xd171719b0b24694fd4c23a19ff1bd1a2fdb0e23c
0x9fec6df625f399673cb166fc00637e89dc10b42e,0x5b673e2ef319b388a3014702d17022c57fe5eb92
0x16b2ef6bcf585b79c7867c2cd398ce63a5aff759,0xc60488304c7dd343c18457d3276e5e7270bcf83b
0x53c88230aa87764894ded20069a3edf0b2ae554a,0xe6170b06e1f2139548f13bb04b579e1b0ac1cefb
0x16562fdfa1cc2f0d58b5a42caa0ead98c57bdc59,0x21394658488cc3875d9e82db9cb4383c80a9f85a,0x078492da3d32e8a1789cc881e381c4bde8732021
0xd29dcbd273d73714eb6bea7bd4f8d99d0fbc3398,0xc0d2d25e530773418c2134df3f2490d4af59fb1c
0x94396de23a41bf9e3ecbaf9ba232508e9d68b060,0xb89c1b3b435056e803844e6f7d51712867360bc9
0x9bd360abc942ed940617c1e6e2d8628d45a60ebb,0xdaa953f01048253a201ba9b0bd0786575f9c2468
0x3c661cac24e82c9c76f3259dbe73f63085fbd3bc,0x6f0abf5491915d5fa104a54ed0a9faffda867d4e
0x76433f75f03af38621937ea1df9d2afd7a40e945,0xf8a099545c0f2c3d3e547c048c2f5589e53b54d5
0x7ed6d67529b66b68eefcd492cb53623a6d7a777e,0xba35328b0cfd1ece4536eeea8d600cb122b7dbe0
0xa536ea8d01644767fcdf860609fef3ff122203fe,0x37437f05f36de36ffffa1b8ecc28d0383de24b8b
0x9224cfc4855693662fde01edaae584bcaf9391af,0x91943d8797151a26f9e9d5d959819c0b97046a81
0x26e9a06678dd29faf7637d2e486505ae0ce39c2b,0x045fc125689ba1b11bfb2af2dc5b6644ca1e00cc
0xa4ff6e33e271f07a5cf8609b4cb708847c2abe21,0xf2b1aca402953d493a9cfc27d3c2b005a5450ad9
0x6306fd142edeca18a64fd7dbfb425e083ddce973,0x836df2ac9107f4b67a9e90c42f49a0cab26c1573
0xa4a6e4f162567bf161957b19039faec31a580058,0x3150e3d0b3f1dd76d753f67c28d053458d098053
0x8a4440bb7eb6229df3daaf65d1433b2562e8f238,0xb1d173ea1cf9d8006a8ac3ba6972d38b80c40e44
0x5ebca96200943db8cc27866a484abbd57a06b0ba,0xa7bfbe3c23b31c99b2b41fc8a588ef64caa64d9a
0x852ee519d3cd3a55bf16b9b500f04dea598a1772,0x796624e3a7e4cd9991c55418c88c49fca63ef198
0x643ce7be3eb907d5c9d9ccba13eb0b6211e1e3f4,0x53f8a039835f01e6e34b88b0e9be74e31373ef70,0xcc9b5aa18c1168e9203e2d7521833d8a52a5ba0b
0x5f67ffa4b3f77dd16c9c34a1a82cab8daea03191,0x227245f48ac317c33db6536e3524e80174737457
0xa663473951a57fe34c0a8f4e3d869a29593cf5bc,0x5cfe2679c4563595b9157c3973bca0a0f6062ea1
0xbb1d6ad6e173eb96b057c11c9001df03d56c8397,0xd28d7c794a7a6ab841793a7b1f1e035bed60921c
0xe194a224445224ebf654134d201a6a87f905bb73,0xed1faf684564dbe8d2352c94f748caf3e10065ee
0x31bedb3962ab3a1d2a2e070853aa5c4acdb734f4,0xabcdef6dc53cb11a3a982cd902237c8ce331b4f3
0x584c7c9b0a8fb3f648c3912316a2c5e873cf39bb,0x4f4de140e8fe383101d6f9073e718ccceed6fb57
0x2a4de8a61cb7882c06c9c45ea187adbdf7ccc286,0x82af49447d8a07e3bd95bd0d56f35241523fbab1
0x73bf4353cc4fc35f40e3fe53281374069bb1ae96,0x057326bee5436d7929320a30bff29e49c05eede0
0x2f0c25f6ab4fb354bf1ad35383048add7d9a8e6a,0xa891d882868c26a87ceae5f87ec65d2aae15e060
0x66b44a1dfde63bb71731d838d93bcb5500408245,0x8c2c1706471ae7b5d12dc6ef867fbf175ee27b43,0x2fcb0699bcf9a778a0873e45dec837f3e5e2e8d3
0xc407dd2802ad21540b447d3b631be05128509cfc,0xacdb6c085ec125359b31a0a982d877a7f0cb7812
0xae719881061f44cc93a2488115c3ae8690f76b5d,0x3196280acfbcf77f8bba0253f9bc2d691b659114
0x561d08c412d3377575df63538f6d9805942e3478,0x8335419c5f1675bd2cf5e447fd87f261217ff636,0x9515e0f34b560916a8b180dd851d52d8dbae008a
0x8fc973f52db362df90316721f64b42cc268f9b36,0x4cb522e6f25731b183115aac8d9767e045402e80
0x6266db1352ae43baf2ccca2d4982cb3f50727f2d,0x909060af124ff0975cf37e5753d977e1008a048d
0x84b3552395c39f9774fa80751bc8b70401d08efa,0x050344aa856ae593b25cb50769d3053c5730dd7d
0x38160dc5b34ced1307ea5703802b32ef6f70b9a7,0x9677399eb66dd6183302bb25d93a16c682228e94,0x7a0d32cdd4511956d7c751a7bb7beace2321e17d
0x7e0040aa8b31ab8f1d1c7ebfac8d4c26e955e937,0x3ed03dde47b949d35113a7480b68b462439a5975
0xeec965f24f046f66c53c7ae82efc7c0b6a44a938,0x3fc0b842cbee38fc185b4dbcc4ac2ecb7586ab19
0x1092ea38e1903a508c0d5bde52658a7925a0c418,0x2361f4545bd0622ba685ac2955be023dd8853416,0xa96bf102f4c2979533547d9a39b1dff572c46715
0xa4bd53ce42b0797c7fd2b4d24660f1ca8a4a158f,0x0de67057ae5923c73d40b530b742ab93aa7aea89,0xb4c98846d8e2e8ae09a137ff76292fb83947887a,0x6e99b9516da5cb7209110a46435b1222eddf96e0,0x844f1cfaa68d0fe6ce0c905285c5d86bee56c251,0xab57c28e85583b7def5844001b8c9fac37053c51,0xe79822dde1a9cff742bd3de64beae197f5ffa7c3,0x5164fa51126b2a4902678af17115e7e4437c0693,0xc947468040cb5fec8532027fb1b004aa69640922,0x7b57355d2222bbf073f1fce6dc04f52eee3f5608,0x77bf64eb83db18c58bd6c5f456826c4168f6fd45,0xe5818f63d022c10394706bc2e0c0f80c0e569772,0x73ea96d1de68aa090585e4c986d63b61b1b5e333,0x578335c6059737573c787415d01511bddfd8902b,0x9c3f80e7742a27c3d0f2f92f4798e72819532597,0x054678cda6133279801c8e4c1e598ba57757ce71,0x8d7daa61366bf1d95fad92ebfd933840ed5df3e5,0x5b7e25a721a5f8e736c2fe38ba590a4fdc95a2da,0x4730f18a3975183bb0585e3aba36dd0c32ee3fe9,0xd87020a690b600b3804a9ae799a714b70b528be3,0xab8fe012b8b1aab4ca85a84189376482ee369f30,0xc875c1d2993c4b26cda4bc51e06aac2ca21c318c,0x381202dae3062aaf608dd64453048ae93f831ac0,0x129425976c13fda09ee76cde0ca8c4819a890d5f,0xed4bdfc2973db352752ac3873e617fb7e236f478,0x3a1c85dcb26fe3333152786e5190bdab01555c51,0xecf2191cf76d1fb26720b8356c62accff3519c5a,0xa0b8e1bbb52766a0a21f5250523010974780b0fe,0x7451135946ea915335ffc2142f6104a5bd6e5e7f,0xabacd796b89b5b5da3e9d3218299ce55d7f99505,0x83b10e54c15c87d3e9293ad196f44769c2e5f480,0x6ee3323c3b38ea09b0dbd5d46c79a344d63468d9,0x21701be4fb53ee2356eac86ab15c98a918a1c9a5,0x7b8df5d45daea47c8ba1e9762d1e406287aaf708,0x4e5e2e9886c53b762fe500e680d945962d154575,0x386f6b908640d9f394ef37bc1b8c3a4018fa3db1,0xc8c687d6ee62ebe7b1e307230c282e936f115641,0x90dba5b0eb8b851534292cbcecbfc13c24876d89,0xefb26733647be22560c332ec1969a4faa29c9a0a,0x76841bc842a38448293b3642019508be52663048,0xae1247c2c9356110b10333c383c604a1afcfb58b
0xa2a2e7a12265cff39d727028cf6b722049ad28ff,0xd93180911997d288caab3358d7bd4e44709afe56
0x2d50dbcc960bec854227f51f8074e1da28bd4a37,0x2ec2b4b9f2ef810dd049df90f8d559f1add25b7a
0x2ff7913d16bbd79136b015034cb54053607ac58b,0xcb5fba4419abc4d7c11af0c24ba0f2e555407f5b
0x28c24809f8c5ea40a7dc6f8b5231493f2a157e44,0xb2da76a7dbcc390d5433d3f7fb134c94fb0c07d2
0x17c0449f29c551da742a30a18d1113ea71b7e257,0xeedc112db4088f698bae17e22700bc6b504b3619
0x00a8b322dc60c5228dd450e17af5fc7d721b44a3,0x6a06cdb8c60d72ad282ec1434e67904e10374c5e
0xf05d2fc701354d3a5b7e4be6121dab3936b16aa3,0x9e6b62e01807776f75518c94c857829292902db8
0xf2f61a901ea7c49de703565dc24b5c9583f22ff3,0x1a05056039a1ead238c19b5f7dc24e0d06da3415
0x355aab88a6ad94b00aa0fe4c5dfc03664a5af440,0x4530fcb17c3922ba2216a1505c6ebdf64ba7d113
0x0075517142671fb2c8ad6ba8ea4e3ada48f5dabe,0x0873fc66dd231a9740f5f64ecb11e5e2a3d4a08e,0x25f19a969e9067dc7a520636690347c128d02333
0x783941c7e2c9f55175a36462598b698c7a434131,0x13461bf1d07c431ceda36539db5a6b45d90b05b9
0xe126b3e5d052f1f575828f61feba4f4f2603652a,0x276b0521b0e68b277df0bb32f3fd48326350bfb2,0x4ae85bb8863a0b7646cccc0b3a78dc13f5e84489
0x2525f1a08a2d5f037dda969f2fa1b56e4b4b47f3,0x3cbad5b560fafd00ddc3dee9c46b73504a485297
0x9521f77aa4f5f3dd5c4b2da897c13b0c3d4e9791,0xe3d1ed8c1e570f406b333c84d1cbcb5eb25e94df
0x44f51503b633060bbd54963710da9888a8ba5b49,0xe51231daa306acf16eac34a864564ca36b262a1f
0x7d4c62be83c1431e9eeb77cc2320476ab9fb3af7,0x0af48ecb99cc8137fc1617101d884a0cdf42cb70
0xc3edc07a922fb156dba66735e2a3c20c92eb3f21,0x7899d9b1181cbb427b0b1be0684c096c260f7474
0x68fc66a31d542582e1a13bd25b5ae21773eeae24,0x559a6c85864f626a1d3516ee5b62a765ce08b1d0
0xbf7db386ba18184b91d2b98e13f25ddebc096f1c,0xc5ec47b16901f24ba4a727cb7b189ebe04c58bad
0x84122b2d00c7d32583ddc91e70a2277299a87611,0x141ae4e383f94cf413cf6f642a7dae0d65758f65
0xb5b32ec39338988d9a509f3140a5613c85dcc8d3,0xcf23df45ffa19f57fafc2842e5be07f4c225ff87
0x88120c651b586bb0e2c645bb906d9cc66c823aba,0xe0f87651d3b65641c0fe1b71c5fbe88236d4b2e6
0x2fe8e10633eae71b503c60180c4190710a132237,0x9b40d8a9eb71aed5f525cb01a12a2d964321d69e
0xd5775ad670781f6369961a909d17b0a28f52a019,0x85f2edeeba0c178b2f5b131ee24cfe6901c33024
0xeba8d63888c64454e3754384cc9089d1c3c38dca,0x716b3b99efa122ed07537eea89ecd58fa21b4951
0x72810529c30fd63ec681e9d54d35c8c203a81e2d,0x5f13cf73c6fb0e9638924ef66594e25e5ca4fffd
0xa62010a4bb23db8f3855bbf144929d400a25d0d8,0x4a5712086791c088f0d922ec2fff1b7493b0a677,0x8453592b28e19fc686f998c0c5c22f2ad3a13dfe,0x1df8fb9ea6b89c750915c1cf90a72e74b7855a17,0xf5cadbaf94f512aa1fdb6e5662e31b94504316fa,0xe76fd1df9f0f0e7970d4ccb4616cc408ad59712a,0x78f3df39e6240cb37564cd19ce2e56f9cf76e015,0x5d7a0447ab53a67e3cac1db24af0ddfbb8d41865,0xb5cebf23dc4552019d1774850fdceb150b72cd42,0x22ce9b65721d4d49310e0bd557b3fbef5289468f,0x50fc562fc6c8e204121a7721a770d7f4c94a87f5,0xdbe912494154fb4ff66eaec5c498b2a2039c98c4,0xa98999dc6845fa8990e7a64e24b566a5e82ddce8,0x0ed1de74146ee21480d6014ade5c0d3c52a1c945,0x4f7b8c792862145e369f703ab06966e9747990db,0x3ebee1a3a9b7785766144151b47246c5a9862c5a,0x5a61f90d4f13972dc43e354b421364c77d0426e0,0xce91fddab3c544b59ebac665a7635561043a7def,0x8589427373d6d84e98730d7795d8f6f8731fda16,0xdcbeffbecce100cce9e4b153c4e15cb885643193,0x79f0fb38bfb941bb81e34527bb1a4a90ed1c353e,0x1f3a0d7ba82a06379bdfa979b9b4e64e8e0699d5,0x0091275be2a4f06cec595d147fffe71f8a531690,0x59a70787277cb1e18dbe7488e6366327f620734a,0xb4af3eb6093d1e5efc64e0a667e9dd210d2db5cf,0xf14ad27244846e2f2241b61c49e25882ca16f9d7,0x121b1e5a725546ce3108524073a331b08ef198b4,0x1161b70d1ddc964785189ab7cff5006cbbefab4e,0x1e2f68b2cc3bbb59b254ea17bb1947f2e3e668da,0x25d3bd5b6eb2727acf10acbe2f05413412be0873,0xfadedd68129cb4c25a5d37bd65940594e60dd72a,0x8645abffe4fad9e0c6c18afff30ef6aea438008c,0xf5d7a43d9c00f4292844fbd3a447b21400f8f1a6,0xb2e70c4ecad06faa1727cd607204034fef4aa0dc,0x2c5cc0e55c5ffd22546b2c24041e912b8732e541,0xff3585b7892f0d8b28248bef07660b8e86c07c1f,0x5fdb4ec8e7d5883b28ce74ad5aec641e2bc4aa7e,0x68bbcc71cd57aff9b0b427f4436d12b8a7ed778a,0xe6a632ed648f1f86c7cd786c2e9d2d4113b6bd7a,0x9bf1c9363e3b0e0e4e53dd13c8473c0094c2ac0f,0x6fc46b64e3de0a4962d15a75129f39a9068c6f10,0x0f416bc2d310a1c32bc1081cf354c15fd10d4802,0x4edd7eda138f4efd065262e1904b6ee7609c6ccb,0xf281ee778020c636aa2e30a7a21829b7a1e192dd,0x4d8641d8542346df67a0b1c8f0e822a561665d14,0x8d0b6f11878d060164538c797d819fa642b0e326,0x02b93655c31f4755fbd8949a95a94163759d6926,0x3b2328a403ca529a5ad39ae709b05640cb344cf1,0xe4723e1c3d060f7e91741b059f958e3b986a2ce8,0x96e4e623ae2803f96e13ff1e94a37bf258a348d1,0x734ec88ebbdd3a92588ae5742e2b570c15cc8cdf,0xeceb967a348057999d468cf858cb4fc263b09752,0xe0d30c8b9f846fe9c900595026a053c5c5db32d6,0x8224c8bc5fb71c379831fd64173bf7cfe466e778,0xd32b29a4a85ee6cccd4210f14143ea7da94c1627,0x93593c5dc03e19079d8d7e6043fdb63ad3ebbc03,0x147e24eb7547280bcc5c8d80666aa5356e7b685a,0x2ec5f48f01c99c1ba6725a49fb4e181a61d1d916,0x124c0d03b6cbacfebbb4057a5f261dd82e357427,0xf07bcc4deafbe984eb6e52935a7c3f4ad718d42c,0x09b60ac5abe835b3557fbcd7e7842d101eb0ec2a,0xa5e35fdbfdd8da2377f0fe927f087d76b4e92b6f,0xc2dc013edd48afdcd7b872d51d55ccd1a7717e28,0xeedcd77c6005a1c5912454aca7f978dd332e608e,0x880b423e645f5cdff791b04f8dc52afa293d1975,0x17b588502ce262d4f6dcddc73a8f4a28bcdb7fce,0xc6abae4247f9fe7e5f63207d5d69d21ce1887017,0x5a1a8cf5f87d809e8bbdc8143fe67e71148193b7,0xc516214eba535ba850178b038908ec3246350143,0x74c6b6602cb6d10895a03aa42299c0fdc68ab1d9,0x69ea2d6332295f64cf128c77260e6e8f97b4edf8,0x64e7898d6fb41cf9467f60c9b7defdd88f96223d
0x1c6558bb4f4dda8fad8c42cc5b0fb69f1c9115a1,0x974f19e39ec1f1be27ce6bd452a9ed12cd5fd066,0x3ed9799362afa54a7a48d45f86e584b131b59ae2,0x6939468e0719837b28e6205a25e0a8e53598af24,0xf216072b52be19d2f18cb7bafcdbf4148644c7b6,0xb7b09e899d77890fcd0485e07904b1f794e06d5f,0x9e4a639b448ab58faec319fe07ccc8826d6033bc,0x0ef50be29c82ecf2158ec1886dc6692a2b0db411,0x710391e57791bf9ded59b0f129cde9718ab59932,0xda051722053792aae545a00cbc858e6f96673584,0xc57774646913f5c6242d47c66d87d0a01ec76e9e,0xb2fe752658b69bb6121cc20fc44453cb64a41c84,0x3e6a7aaebe098a6e320cdde5602617add26792cd,0x98c14b013dbebb69cb8d76cdc98a9bc923bdc378,0xfac934f48b6d58985c2015dfad15a9b14f7bf81c,0x5a5b6297976ab4e52c98fcc8385930884a9067d0,0x22bed141bca703c33aa64f0e93090859d1041ad0,0x9e3f726649eebfd351432719aaa5c95e82ee9faf,0xf0393a4f81f85e30ba47c5bcad5624f8e85a68b4,0xdb9155aa2c883912ad1494d5454ad04e203df10a,0x19e90c5331a747661bdd2887a6f6156a1eda2ef9,0x1da71c7aa954ae15060ebb944c7c5e4673c90f1d,0x68539256bf4dd60869d1162d4c8f0780e91b968a,0x6c2eda9dedbc76a2dd4b0e05ce5f5ae68b97e60e,0x93fbe673c14f3de2c7832e9d659ec584dcfa609f,0x9d325e72ac885cce1f379fddde4bb0645c0659f2,0x91d7f9edab49ea860bdf26bcac467d15f5a8dbbf,0x6dcd57dba037348f1410327f65e964fe5bab9fbe,0xa36cc81e4a7a95cfdd48c82a03bbb45f843d2097,0x3084eb8aaf03e2d4da3916232955c300ce0ad349,0xbe0c46b54add1a6656fc138b9a046f0a2f63d11e,0xa8bba72f751f1085142cb909b33d41010f948dac,0x163e1840ca536219249f2e3470aea070b626a208,0xa88076c9ec5b57f78ac7f287b4be0c4201963a34,0x1f0908057037df5adc254e9d9406960447347751,0x0eaebde02315c269bb2d9f351fde01575a439264,0xe02cfc16c8e64548bbcf955c6fa85635e97f4c14,0x417ac47ab85ff79254a541fd6a9fdff23852a9a4,0xa8f6d08c91d54fdcd20d4b3c9e91b1e2049b1b99,0x59c441480e2a7c20048e5b5cf8ed583acf8a2084,0xc15d5c9d268873125b2b3e090753102cd704c842,0x9ff84b91998df96a6587db8dde8d4e47518107d6,0x8e7fcc7a17f00f0f5f85f2d5964a581d0813c8a6,0x934adbb72e3a8cbbd4dc0934fd2bd579948eaefb,0x25bacee3cdb0f478104267630c1049c54d10d4b9,0x48ac6ab41c78a9de2c90086f56f42783728bb8b1,0xbd56407a2fbc25796c95c624d17ca9fc7f0d67ea,0x15389f81621c45b44d0ba45efa26b2406b31feaf,0x785006c86ada0357226d8c5123bfd981e9b3ab64,0x7694bdba0b4629d7a9ed35262736d87c7b09c075,0x557e36cf180def8c3632980f894160fc19c9c172,0xfe3b0e43f07d48f5af7d91f9451dec03f91072fe,0x308e0c14d4ca02ff1d60d04833b6dfa171b5f471,0xd3390ec273bd4e90642f49008e8f219c699bed32,0xb75e6a898f4d7dd32efea8d27094432b0f90618d,0x52736184d31d33bee37e0f924c85cb4d74ac3eda,0x9fef8b3de42bbfbe2c355baddd7aa8cd4e6649d9,0xc7307fd7fc10bd5da7abb99172b64b040d89fdea,0x1e9b50040e373b387d596b366132be53fe3fc667,0x0d8871a4dc1cec87812f6952a8bbd80c175d3749,0xa839e2af940631f29f7643d91ea1c40d65e4febc,0x92c0fa524200d780e84f9496ab2ebe31b93b3d6a,0xf0354dce21708c950cc092d9186c2431d603bd9c,0x299bfd4d0b1fc349c79095a740d95723b353cabc,0x929b41c6accbe7cc7831e32f0ffb65f70ea998c8,0x8368aabb893516f824215b90418cc83f4354723e,0x52f28c0430a0b77534d7a77165712e39c55e77ba,0xd9a01d7659c587664f152bb98c026130ef21a62d,0x88f8b9d7a054df9fd50b8251eb0bbb335e5d9c32,0xa92d49374049f70b0f1ea835a6b0ce8057dde117,0xd2231adf7912b950127902e8760dcc559b4d752c,0x85ec646b5af2d1b627ff628de2f65e3531ae44c0,0x14d810d8c7612bf2aa071b0da92b416e97a8b5a3,0x920b2817c68100a96d3873120f6f616a917c982e,0xad272daf59ebe54a828440fff16c0f6129dbf0cf,0x00000000fcba6d2d7e891a6206f60f2f9d765605,0xf1fc3e54ea183e806e79f3ef2259ed3032da397e,0xb25336deec725c7ae4ee15e53d06d112dbd678dd,0x7fdc49b4c5f82cc66ad31aa53f4195064ac03c86,0x1e3ea8724b2b1cf5b168982cb86fc65e74cb7cb0,0x300dceb0d83c1c120ddd9008a1d3b966197c7055,0x6731e9dd8a2b3fd4d76c2d6f6d66ab5d8cfedf64,0xa4e567d2e793bc1c5bfe0d06c11898792d6c84ff,0xa65f62a1a6cb84c57f2f50c23babde64a7a25c1c,0x1d332bc5de5a526c500e304ca4d7f3bc321bb00b,0x3e4a5d113e291100d9bb5bf207430afdde2168d6,0x87511f9772dc8025a74c4a5429a1b3e6486ca9e0,0x102af8f7f78944a0e7a3f7a222476182ae13f2dc,0x24b333f62ca8317410660f59fa69da5c08785eb0,0xf06ac871a75ba651dfbc67bdf9c78a2c11bfcaed,0x9841d02d41c223bc814fb83ade2b77519faed6e9,0x4201a218987e7e80c9772a0c288cc793ded86f92,0x450586ecbaa2b36ad558f078de7a490012a69570,0x911a6d66a2a60ceafb894cedf60cd00042f6300d,0x76f31a8cdb684d72eaf3d0796b9a25aa4fe00820,0x190ed542ae0201d1fc197b4df81338d6c01ada20,0x03de735d82065597c42975572f535f6a412fb152,0xc779583b7359f396cec11a76b5ee70a0368cbc11,0xbc3023888f2ec43ef49e6dd5ca0620efdae02862,0xeda57576a83f680670a4cd2842d615e6a9737918,0x29aa0c482c2021e7fe0fe6bf251bb8ca8d249664,0x070cdd694028a819327abc90d44941dc59b7203e,0xabbbc3a3b33df49ac77db7cbd9179442af301cb4,0x825f511115820be9142f9966756e5b8db3c1c94a,0x30ed5c7e4ab5a46abb2c29c44a534cbce6ed5623,0xe3532d839275b81f87b3b0ed2c61344c8b635851,0x13a83f3bf0fc085e826ef2318ec4822800c5de49,0x44341e0c32c656d888bb78104495ce2f4a14c93d,0xd94ace779e36ea33bb54bb033c2abfddbdd96ab5,0xf63c32d25915c07a6ab6b74157b20d2ff6ea1210,0xd5475a96cea457ac2097911f9fdbf45104097918,0xfb407f0a600b68ed2f17dceddd63582083bfb1ed,0x2e192b9fb695307d11d71682838ebdee2155a15c,0xe7ddda2f26e546b56050150052033fe7eea5ad29,0xaf026a5b6a3874c991a5b9e85ec9b6320e6aa190,0x98216b497d8c8c065bd45ef479f57c8ab7374a42,0x3a1be21f5c6b75565cc1c22fc1cb5430c8cfd570,0xd40765d8c5f4299f55999c7ffba8e137af694d1e,0xb5acaec4e0d8dc3e46d2586f9a0134c52dd1e808,0x35abb2a334a9591879c65f066fa0cbeb26c0d1f1,0xf8aa85e51acae38088ab6e748ba64af60168b3ca,0xdf389530c24935e8bb4c0d3b2db25346eb4a253c,0xe2ad803a67acaf514c392dcd451254f6fffcb5c6,0x5968cd1fe72af5e35343b0ed4792dbf0f55a9767,0x724383b9cbef8183638168221f3c0b9955211e9d,0x543673c6cd0abff8ca502ad8c4e175b42c1ae679,0x66d38f9042b3ba9ca304e00f5e5b465d29208106,0xbdfa0cefcfb80a27f69b999a7e606da6e79b5d1a,0x95b4de84579c71212000e26ba390377e4c4357a7,0x96ea134e54f8b3df29fc894bffbb4c2d7554ee8f,0x67de9af783591a23155bc0f65f209f098cccec0f,0x26db774e3c5ed9d8930e89aadd598cb6e498d369,0xf742d4f3a3ed07aedb96cd1b9724e45881566f3f,0x2a68752e592bc7cc58a4a4fa1f26d657e82cbcd9,0xa6e70583ca381c6c26ddf39a19fc5626b5fa71da,0x72bfc87bccef4d9eec74781d3de544ed40a56c24,0x3345b91bd64f09e27fc0bfec81525adb74f99591,0xb89cf0a7e6b5b0cbb02b09dbe65d16615f73cf9e,0x0d9d4ca775d800c60d17b40c3d6b5908278a4989,0x7fb6c6ed915ad522b9814408911d49132996b9be,0xb19b7f59c08ea447f82b587c058ecbf5fde9c299,0x966173b0ce53097bcfb7ead0f5bb191f03cafe24,0xb35e72125efb35f240ccb5717bfd7694ecbd817e,0x469b10c882635e936fb5c227b4eecdfa860fe297,0x2da4e1daed2872e4b799954b1bad489515e9f85d,0x00000001250be84eaf0e5d8069c3f52ceaece585,0x16149f4a79e040695d224d8f209d20a16237497c,0x97eba75486830e6fb97e3f393341c789568e2f90,0xccc239b8add3080dd66f0e17bb4e8403c2abe33d,0x22e29029516bd3bcf0c9b440abdf13784798af87,0xca529cebd924584ca1446bf55da5b809d0f079d9,0x5e7f08ddd5337943c6d020cfbe40c2ccbd64c3ff,0x1000045f8478def441b851c23cedc7c30471d0e4,0x349ce4ac6a8ba99220cba6b35ba0eca7d61cab7a,0x84674aa65cc7734f12b690ce46aec1027b434211,0xa3792f2269662287db1c97e08da1a9e264b5ebab,0x512349789b938ff557d5bab504d21415e40f730e,0xd99ae9a34c5d7084b3a7c95fc1ca9e51885a709e,0x592e46f9941d928d3309db53eccee554e0cabd35,0xeacc314f69b7ab05342f96a6dcde585c44335249,0xf65d7b36d147896a2fdd08a0f6fc59ea5a4ba48b,0x376fdc692939558a2e5c29916147639f4e34e3c8,0x9e47b309d498e6a8b7277345b4cb25f2894c8d75,0xa73b3db7975252a84969a1902bd825bef7a286ed,0xc1e73bd67b2c111f51ab1ba46bdec16eecfe3c62,0x148891db2e65294abd8ec16d4e6386b3965d5fd4,0x1d1f091ddfe4ad381bd7016c07495c17a0167a13,0xf7f178b2b41569fd7d38cd23c1321183961ac4cc,0xa1357cd9b317cc94f1c8c90bbacc42b6652a7461,0xceca82073cf875fb758dafe8384ac9981833c3d1,0xc0ac2c10376e79416e5a928cc02ac9eaa6d8bd22,0x25718316afded4f98ca9e27c76b079a88e85d4bf,0xc51ca0c3bedcc93602777f668767204e416d9855,0x234ffc9b27e56817e4357d3bf7a71adc09699477,0x134980a38fb40daf94bfef1145e2646577a6289f,0xf0b610d00dfbb3294f8c1fce069b0cb2c75a2eeb,0x97bfa90bbcbfcbc35dc8f1f75eaa52b4daad9fa3,0x817e4317e50ef0e4721d020bd8b5ab775d207d6d,0x5f8f20c8d4039a3a3b026259964f47e5f30f40c2,0x87d13f3c68a70125beed8fb637c0c54c22acec67,0x601c55c753656907569b4cd4452560c2f100bd15,0xf6a242191ca16fb561403182a2c7a023f2261eb7,0xf98fcd2fb62905df863fe06e6df391b0c58f3830,0xf0a4389789a44d8f055cf3801230b0bbfb7f0bd3,0x66adeaf84cf1acd94e2746d759404fbd45a5c7f5,0xc56b7d17a5b06b2750c75b4f31ec4985325dd304,0x89167cc48fac5eec78f44bc283642a6378658ea9,0xfe62145b68ae16b59f88c121651a9019f13f3653,0x3acca912b81c2731c0c2fdefe275b80ec3e944a4,0xb31228c8a226825247605cf70c7763b00e12e7b6,0x08ec3a4e3873505d34450b0f726136e1bf0c9df7,0x29861136c266f33eb68657fdb3e3b4347a4937cd,0x602f02d7c013566d5ccb6e1bf75ad9ae7c3138a2,0x9f8387ef185ac78b45170277e238b76cae9a73f8,0x33d8b1be7a8ad865085cfbc8c34e81fbfb134ede,0x39b18344afe5fcb2c3d849859a7f606f6c09eebd,0x6223bc5fd16a19bcfae2281dde47861cfe1023ee,0x55c3f34c992cbac8d966609773fbc441dddd9c45,0x20b896c348a304150eec83e310f7d367d77edd27,0xdd4c48c0b24039969fc16d1cdf626eab821d3384,0xaa0dd4b7db1edc85863f9580381d8e7fb10c7a0a,0x86cf042718e43cbef2126d0d7750b6b346fa8c42,0x91fddf1792d61d9024e1e4aa1ad097937f362f79,0x3d4f5048c06136921450a5b24a55dce31e3c5fba,0x67b5fb289c4701596e28bc3622e1f0021ee3bd24,0x92961937c33f3ac5aa4e42a2ccdb83048e290fe0,0x52c78fc7ae6dec7c9fd9a77bba80a58ce2fae474,0x94d2037e34198e9efa91104f6ed23fe88b6bf174,0x927604983c8d00ff0fe9880c8b3ede8480bf3619,0x6dc4965f65252cb2f75a6f5f17e012cf7fe9923b,0x9bd7f7330c607406a5aea9bb09c340ae083ddb39,0x856998b71de544fd3e82790064f5031d20eae45f,0xc40c9daef20372adb48cd97c8385f63f4f152c3e,0xe1a487e3ad8ccbc73b3629eee16c1a2a859b88eb,0xb53a597c99a78a7c1aba3f3fec3f8da3310d7cde,0x341a77d9e95d4c6cf87a0ada5cc589e854f1812d,0x1a5245ea5210c3b57b7cfdf965990e63534a7b52,0xf6b79457c34fcde355ca726ee3b4e58084e3484b,0x6d4ff74a6f887c284b3f3404bab73601577051f5,0xfa9b68e84fca42d696cd7ef5a654779dd6e53ef7,0x77122f279bbd84ce47cb8e49e17e4f83a7732f0a,0x9518b19deeb96402e888c4762c082b1ce0b442ce,0x8d9d341d766deb519c827d44ec2ce1f89666da99,0xad78898bd2f3f96b2de306347f0fa71c03500c45,0x8ddc3f2b33b72060028bd0b9e62d681d7e385cee,0xabb2445037b4dc9012d7b8c9b5020a4b2145b7e4,0x1c85ccbe6edb4d548619af5443180ce436bf8329,0xb49776081b08b46c568d13ced39a1d2205476485,0x73f93a42691f5161128fc87d4af1e84cb743061d,0xc7c4e2a5ce32b0bfc0c2737e1b62aa2e42b824aa,0x9ac5dae4fbfb0de7afd9980b321ae0511b93e1af,0xfbc83773fdb91158719e643d609074097d2e0260,0xe87d8467a7a3f06ae7fe479ac90a1d819627a612,0x3df1c6c2d595ee3b5f33bd7b26eef946e9977859,0x693ad12dba5f6e07de86faa21098b691f60a1bea,0x323c1394a7327af3300f8a61d5efd145c6370def,0x5b9828da38a7be32a8b55d718ecf3de130ff6230,0x90291d0778af73c87fc3865bf50a0ca122e3a62e,0x2bce696f3baf3d6b86b00af1a909d25b8819c938,0xf60f425b68563e015fa5dae507f10f14a9fcea38,0xa6aaf9551b83db241e6d836ac339961dd4ef6589,0xf7aba64594347b149edc7f6ffc559f5963ded4f3,0x6ca3a374535a31b786ce2aac0574e57a1aefc5cc,0xabcdef08449e60949ad60f0e7bc74be6a25d77f0,0x2f81da7b063afda0757faa884fc5a3614f583d0a,0x4f04e931e5536602210c2a852d52d06295607be8,0xe37895d937fde469b57f6980ec8a8e2b7d5624bd,0x1b5da103671113a7963c0da6357e4ff1837043fc,0xe3c7f3bdcd1ef083ef065e04327674838226824e,0x0d06ef2d2f5e7e9422acf5914e3f315fe9485466,0x2eef41cfe392039fa0550f8e38e6143858ffbf4b,0x71e8c0d9f5df6d272a91a238a21d5c4874b2d013,0xc78e558a3b184279a886d1461c794cdc502e7b11,0x8a8a2436fc920e6c73c3a9e9a00b8d937812ee0d
