0x4c27508f0a35220c87abf3b5f255259ce82408ba,0x873d58feadfd0ca47c741b5f4748c03d3a66c77a,0xd863949ba19a55ab55325547f0209787faa0ff7a
0x084ef45ae0dc964e416f5c505d87a91892253339,0x04d1e3032002bf14d508b9be1272bcd391991740,0x10919e2417b5dd7ab173f788cb526e96961ed1ba
0xaa9c26eb78b6dc7a63aafb99287084053fa74ced,0x7744afd3a37908ec7b9e008e18f2d3f5b5c5e36f
0x3c2d8b2f927c16d1984dcc2e5b7a4ab173f18aa1,0x25f677051626fc7e1d0674c36c3bcc945ea990a0
0xf3810f657f8c2e2bfa047521e0977f5393f043f8,0xcf3229a47bcd401c4885568a4fbb29f6d3dcc9f0
0x55b94ccedd5024ec1546b1943fa7dfa9e39195bb,0xd48810e6dfd30d2a2f89a9cf42cbb1a703292eb8,0x8e135a49282863157bdb05063a54fe26dbdd2628
0x107753c195edde2fe69e573f667a697526178a47,0x18c961fde410802e1e101dc7b661aaf99ddec5c5
0xebfc22d1b87474d9b951d0bf5280f2f2bfc682d5,0x0e453834096b192845b0f53c0134cb1efdd964d2
0x8b0717f8d9e04415b5550f2e8c411bd26f310bbf,0x042e38db6a7f4b28307853455b14704774ea9759,0x10c8798c69e1a044fb5c14645f1ba287857a421c
0xc3808893a7d04d0832911ce7bce09c07f198688a,0xa143bbfbad2fb1d22c9f3e50eb34142221be6027,0xfc5c29bf9d61bf4827330b330a7b66831142b40b
0x7a86bee1404984701f6ca45a17e295254bb57f02,0x45cb94af99e21cefd6efcc5c60048578ad233c00,0x05b4804073d67ce5a230afd0479b34685af6a5da,0x2e14797013ec95e0fecf289f1ae6f3da14775bf3
0x1889e7c3d4b6d615d50350d6c775f05ae6cfeca6,0x001a356846589c3a1426788d95e8ee6f77148e87
0x9c27fa51cc741be38314d4150f89fa01136f26d5,0x6dcbb3bbda11c6c5aa7ce79aa81c2f10b4a2668f,0x6e8df51931f8675cf7e12447e1fe25b26c8775c7,0x35cae302598101c6809fa7529b9124db9a689259,0x82fff5294f091ea20152ea43796e2f35faaada46,0x6b343d794a94fa61bd77b47a010d7a0deb7309f5,0xfbda9b91846abcc3d5b466b0498626c7072ad1bd,0x33fa7aea9e9fdcf736d38cec82330dcea1f945ad,0xdaaedaf89a12983943231cfb7f4898640288a447,0x71e8fa712e799f5647b108ee77ea9fecd1579489,0xa80c79e6e0c8a9ff38022f3f643deab6af2607bc,0x0c40bff248ed5d99d294ceca8826c7924f745134,0xb20868131fbdd060f7f237f8f99c24880ed573ef,0x21870dbbf21fd274ab710c323ebc22c62865a708,0x942ed76129a22f258de23468ab4270db1a270e78,0x23bdd45d69e1f074535cf2cd9d2f74ea18fda1d3,0x774ff72b32ecd32f06b8e9254ff4a76bbc87ceca,0xbffab88a4136a7f60c311f449ae9d90ed7f7ae6b,0xf39598ef3e216cf052a45da5f163d2b4bd21469e,0xb16b9619ccd642241faccc2b71c3f17546db24ba,0xcc5aee5f26a73a7f294e8f3eb0b9cc6feee464f9,0xf55fe8df2d0ea92ed6a0143d5687f5d632270907,0x11b63b6791de2dbf290f78bdf9b560d0dae90bbe,0x6b4f384cd9213a46c3d454fb8a4989fa8f5ee4db,0x6540653a2e51fd79bb99931f6c5d11aa239b9a3d,0x4b600f45327624a7304a98cf3e11556684c2d7e9,0x9a0d905b25b4d625c1bcde552eab21629ec83ef2,0xcfba4ad17f0f141f17be7f585225fdc3c12704c0,0x1c31e146ca6525dcb100f7faf280cbdac6e19ed2,0xdaa54b852343646a8ba107108fbbd5b4d87cfcc9,0x9305cf37d727e7152f1e817fd12b542f07e3974c,0x789a9fe9d50ecf6f16022b93ba90b65a4a04bf5d,0xa8b2e14af155550fc0aed091c10c7ae903d10d86
