0x3d237918ae1f7854e46a79f85688feef4795f919,0xa5c80be2c4d2dca26c3cba2cd9d4a3c4cf3212ea
0x241f19cfdf840b23873d13c9e6bac75990c65a77,0xfb8fcac8a5051a92606852ea000ac7c81dd0db5a
0x0bddb24caffca13da5170bf3616dc94d9b65a5eb,0xbee3f10d968550dbe203765ea79e6d3a72289e86
0x20085e3bc80332d53bdbf572e997c7575bf287be,0xe3b2ae869c2d1953127160cb35631d78837a2448
0xc718ff15eabd37caf2416a6504a0f3d810f9674e,0xbf9570aac702d7981aaa73215bd09a34c84b0fe1
0x684edc4cbe764a7fd53a70b918a572709bb936e0,0x60b0104aca81521ca08623d2ae2911c346c78a4d
0xce73239e8cceae79bb9d2f31d3763ceba622128f,0x6feac0ebc7fd64fadc7cc426a679dd7d44259614
0x3dcd9de752c1a556f88d03a61ff304ffee5e715a,0x004537fcd9095489ebe38180a382341b962b501d
0x90b5382285c8cb985d32fb754647970a10ae29cb,0x0f6f5d352b2d0c04e3d7b1c3bdd61cdbcc828db4
0xc3216ee51751f7266af41a56d5e050520fcdb6a9,0x927635591fd15026144604f223c2313e5909c609
0x7de3a640b9c1c52e6ffabe518b4b62e6cd91ab18,0x54e632b6a5f893e33df17c26bd44ffa5505578c3
0x83ee5290fe6d32fc8a41be05dee92721962b7cc1,0x88508c2cc76c6042b4e5912b03c512ff1c05df43
0xfe128a5ff00da1d870de2fe14882dfeebd0ca1ad,0x4d0021bb55316f6d98cb1a98f4bc3d14c6d30562
0x800366f5cb71966d5e10fa4ee0222d2395588d2a
0x39bdbbd2d4c72dfb675dfa54493316889e04fac8,0xea9f4810f6e82231c5b93d455bb7f45d461098d6
0xb66fc05da5b9d585176c49fb53af63a6a81de26c,0x7ce0d2ad62215f8baefecb48e82df2134b8a555e
0x1f5842db49e498518411a132e6c7043a8684483a,0xd279387c3de432d6839b20898f67fc8df984beb4,0x74c6502fbc743fca18a3776f2e45998414b159c9
0x6fa077729f9994b11ea75d4a4e7a1fa3108dd956,0xeca699ff7e319a75cfb9f846f93b723302597ff7
0x1ec9a5a08b30519044723269caa5a8176861c15c,0xd6187b4a0f51355a36764558d39b2c21ac12393d
0x79f8e32f47454826351b173e9d5630147ea9a1b7,0x49de6d4040c15d2305a0a63b019f61e8f30c4d99
0xce2525daaea1a487feeffa7af559951ac5937715,0x09955b279912f1f0242f4cceb8c98a6fd39cfac5
0xceb3811f0bcba75a76429c6d5e574b05b6d90a53,0xc7c478997c8ca58d4c5bdc1fcf0e4c279ffe54b3
0x2e6cbcfa99c5c164b0af573bc5b07c8bed18c872,0xad8c4b9aae418430cddac5726716cd9755ce7bc5
0x50a7767233daa95a48a7ad82e12220c7e3b610d4,0x8f378c2d50f369c214b21acf9d1f81fe1d8cb6ee
0x726964d637559eed540a3b81429aaf99127c89de,0x63957327ba6462ac3f9384964f2cc4bf653226ad
0x769399d9cede28128f926e856d21eb44348cae2f,0xaa9453911b1e8a67f72932ce2daf443485b40f0a
0x4dda5931318a0ebc817b455b03b0618ad12ef860,0x0442cd2730906eacba538bfa79c7aea65222f09a
0x68a366a9f8420cb1175e196ef8c71713d1ad672d,0x77e96ebaacd8575ef3ac9f1035b703c92f993df7
0xc51c8e1b9a8507b17d67a434d7165c2cdcc7d27c,0xdcf1840de64c1b55d2869b73d8046ec6179617ba
0x2e0051ab84ba8736f66460c7b9abde715af15be1,0x357a139698a359ea3c4746a3b952273afac1006d
0xee846dce58f44de77f3b7c31c87a91401ae1ea7a,0xfa09cad801a8044a9692fc300a3f0fa665bb3c4a
0x350b75652059725c6e01f16198da61bbec33ed5f,0x373fff342f15a3b0bbca144638b2d53f99ebd172
0x63022d5b15f72a0e28a6bdea96d42dc2657c009a,0xc7d65f45fca212687cb49ddcf54cbc12ec7257f3
0x2e1bbb7c78a5a534df2442909ab14ce370431e76,0x69b6fb2be2c31653985be8ee1e515f441c868e10
0xe8ecedc2b5a76c45a95edde812cba52742af64da,0xe7dbf438115232872c58efcbc10fd8f6ba7a27dc
0x42e818843e62e23a7442275c28d89d018891a02c,0xd95c7eafa7d48d602ae89e189516e12d62234c53
0xf26a6cc5422b2192c84c740795a7eaecaeda1ca3,0xf0225ee014ffff7bf8b2808f8b74d11733102303
0x82f69a4faddfa7f784605e7d3423dea6c97de66f,0x5cba5327398e1ab1c7127942d6bdd4f4a75c6103
