0xda93f71e3d620847f8ba9edcf2488b8af44cc9a6,0x0e54db73f82bd9fde34ebce53ea83bd197e9044c,0xd797cc06c8c91ce7f75637a24f940c4479573b9d,0xd8c96bf7c109b62d920254870192648b060aa0da,0xda3fb237d2dd73fd5c29a52f1ab9e1db23c2ec0d,0x8c4c44fd06f7f98f08bf6a9ca156cec9ee1f31f8,0x810e97ef04942e4fa73d41a4b9d2fbde2280c361,0x4ddf0aa6beb7193ddfd43b46bc2867d3f21acad4
0x031c537b4faf929a5762ec84226ed4422404e2a6,0x24a7eaad0d7f13d1999206d8c22f926980a12ca6
0x1890a4080b6361c70c5cfcca70fac35d14ea9974,0xe89f71e91dafec474ae97b8baa53029b30a5e9ec,0xe4d89e7b5277903e5fdc4f0bd7ec8cff47bcce2e
0xd75b7991611e4f47dabab6fa729a9d3b6e2a9335,0x82a00dfb0cc3531d813173b52ec193bf1931e51d
0x829148aba1177c4b6a6a3dbca3e165fd34094e1b,0x9f2645d421a23ef8e474616523c8bfcc77ae8753
0xb7ecde18b61392550c5d6aeb455614858110a4a7,0x3f341eccd6ea3a4ca1009c1c937ba12ecb8ebc77
0xbf4e8659bbbe9a6d395c2693c7db13abc4fb4f18,0xc688d369ef117669d1c8bd716c30c2f15f1f82dd,0x1a4839dd85ab1f70c51af5a3a97e23b3a352c508,0x4840ac46273efcede4ff92004d258a3208efc67a
0x6e92bc493c6abbdd6a1b18416f003de2c873ab50
0x043b55ec2be886f54ed56908a1b53e6f5b24e92c,0x96f1e88a5dd80edee1ab6f5ba98b84d39712698e,0x23bd23fb2ab17da240f9cc7a4bcc8992484aa10e,0x73b61b168b160adf6eb0380c84a52f9ba4e0273c,0x262e36229da29be658b7f950289bb5a4623ad9c4
0xbd07ecd9023db97fab5cfd56869c46cdfe91c3cf,0x3a7cfadd98ad8b6d24ec8ed402ee62cfff6fa0e0
0xda1ec362013ee5575dd30a62a4dd47e842e37c74
0x8690aaed0aa91d362737ddab57db28e0ba14b219,0x72cde6c4754b0cb8f3b636e90a749a5e59f21290
0xa9d43d5b22e5eb975df03f54a90e4d630f448f4b,0x9333f0a30619426665a5b5a67995b6ff9bce4e51,0x610a12866cd2c63782bd068a960906ddbbe6e4dc,0xbea1227932f34f02c54cf511a437d286763e4208
0xfe82e464535e086b352d5695532f19791662104b
0x4fb4f6eba3d35a033560beddf20213a2d7f073c6,0xa9a50bee762be2811a89188374a76087934fcce8,0x120107165b53e653f5e76049447a1af3ecda980c,0x044c53d8576d4d700e6327c954f88388ee03b8db
0xfb8fcac8a5051a92606852ea000ac7c81dd0db5a,0x9b07c44b448b4898e80c1458121e08ad7aa7f423,0xa9ee37e4414ebb155bc4cde7733388fb553732c8,0xe2a51d3b9e20389c1347316a132237ca4c76eb50,0x6ad7a5eb0d2f9543dca058b7e03c1310c3517e5b
0x7834dde92b18759dcd8d4f5a6e8a22fb34832720,0x90b35df7569c2909424d03b2f02fda76a746f3c5,0xd4d1de3976cbadb5c0a03277bdbbcd8f80b2a7e5
0xdee3d59f11e3374aaf31e3ecda0606504cb6de02,0x4b10da491b54ffe167ec5aaf7046804fada027d2
0x9b5fcc2a532280e1f435c0bbd5d8f1b9cf6bbea8,0x25f5cd6f329eae5a10031798f529fd46505bd7d1,0x453e85ac0f598cfc1cecc2ecbfb663f8c41c3a97,0x3f77d1f729b439da80264622deace480153e683d,0x81cdeab9c9727cf54df26d849bc21e5395279233
0x25f35bc2640cfce6bfb6f9540181ba0ded42b982,0x886897377686b133eb6a2aeee25fd5b8b5dc9b62,0xc3ddf61960a64dfe58cf7221457da1f5e798c44f,0x20b39ff4fb02ff39872dfbbf0b0f1cfed74daa8f,0x258a5b736149976f0c9227961a3201e750323bcc,0x20b81c191131c320b0c18c1a58fa7288dc7ca1b5,0x13952aa93ab9e183485e3154a811ca959a2f2941,0x1ff42e1807c2a8f8b739be845ea66cda8351f725,0x51700a05a10f360456b34bc5cfe5d1540dc55260
0x46bcf2b24d0c0b6f8e68597f7d3926cc9832b441,0x4088dec9e3ed74558e4e2a62f52933c669749438
0x4cae0b0e66a1c55137df4a1175c1a612d44592fe,0xb54d8fc405c77237998e24eafde0e2ed9b197b83
0xa8adf1597697ac2e6a3c72ee0d3918eae4dd6ed9,0xbb8fb8fe5198f25d117c0e7b1b9c8260cb19c3c0,0x3583f2e6a751140c3ddcf9e12bd7a5a4d8f93d83,0x6f948f8bf0689c5cc5ceb2f29e62f51149919087,0xc5bfbb0dfbf89319ead2e060ed80f0372c715778,0xb1d92eeec6f9f224abd294de643c94a01cb14e51,0xc867f47677fc0d4841f19c057a16ac64ffdd8ee4
0x218ac3ecd0d89ac08b577685550a860ed98b5b6a,0x24742a5dca2fcc30d0855be4b10643ea75b97c71,0x71e92e5808ddbdbe5525f0d11ded2e96fcdb7fbf
0x94ea44a75236139b27cf094ab6c49b46650b547c
0x23589a9c7e1d1564cf4245a46aea8c2fbb1d1848,0xa742ad7e3c029bd686329aed91ac58f721dbd9f0
0xe8c671d28996c8b4d3f4f10566239c7095b88891
0xa208e8f856718cde4db6c430db8389f77cda1d3e
0x0824c6a8ae168b337713d00861fba7752a5392f7,0xa1e27eada7ffddc092adb76ae91fb696f49ed88f
0x1d66a32de869247df231776d425a324df2699050,0xdd977cd4d88690f74202ecdd391ff94ddc5b7eb9
0x35195fab081c9213f078452d60adbedbb2cc0b25
0x336892ae02978d5628a18db778c24faf69b669cd
0x3bb74335e549c20423f97cc554a7791cccd6b0f8,0x8d9d0bdca67eff5eb956f1683714ba3aa4136f8e,0x2e6bf088c0a96a2d83b7b3a8bf9f5c35228df704
0xf4ee5e2c63eceeb455dd77631c3ebe47d6d4ec48,0x96f1088b349b832638684585489730553eacba4e
0xd05a2ed1a3f3d3b9b9e1adebc9c8272d8e617d35,0x34b63515b7f5dce31d773ad96bd1f01698b22fac
0xc7101b7efd9326610ab371ecdf5d5dd9214856f8,0xb2abb5b70132331e8a57189556fa0f2a3a22db84
0x9d8f658bce43e6286c2733a51f3166f63022d0ed,0xb6467257131a92c3dda02ccdd25af22c0e7ef9e9,0x9f0b143e29d9056ffb7aa1fd985a24b839e86cd2,0x4ec3c59c1c8cb0f45a0de64db3c33cb21543057b,0x59599213981ecd07bb00d07423fedf5932887511
0x46210787bc45739b38634f35b938b5f2bcdb7f42,0x5a5528737be91cf45e254c2adf04c86983301e50,0xd064b147cf47a43f2da9fc06c5aa218eb5ee754a,0x08dc3a0718cf0f7face7b62dc860aeff9c26a764
0xc0351621ecdd2bc4e34a904278b1f778b5e86410
0x02430a5e6fbd620b8087db3bac613a394fcd6f28,0x8f30d93d11f75c82c0e70f73a2245ab1a5c14f46,0x0b58c552e5c7467a089435178b55faa8ec0a2106
0xe19176550d560977066b993c8a78ecb432d0fb1d,0x420a6c1c79a6ce31ed9dc1c4343310c97b378f83
0xff75e131c711e4310c045317779d39b3b4f718c4
0xdd2f0892fd0d39b1387c4cfee77b64828f4e4b3d,0xbb03480509fc0de8f425a586b25524af56688090
0xe3d1ed8c1e570f406b333c84d1cbcb5eb25e94df,0x57713e501d2359b44f12c1f9fb9b3cc8d2bc4895
0x6d1633b4c46733b7d209906051de95a413c02480,0x6bfb2891bc3f5ffd3ea1ef737de41e28d14b8422,0x00c1fd168f0715f9cea4010d24c2a2624f69ceeb,0x75248bd7b70a7e18367b31631a357e5f86bb8843
0xd94c1bef5975c5eaa57989bb5e149bcac6e4e41e,0xd365ca48fc37feb046476d33ac39c6024879117f
0x8c8ec7b8aed14601904dfff37d00200604114f8c
0x837b42c47d602fd63bbeed55a44e7cee16b12002,0xeb66b191f658db14bae39c139ab0f5f7b8c479f9,0x7bcbeb74cf9297dc3bff964478bf8637f61c30a6,0x44141506d5df783da4ef92bd9a216e3fb2b2a287,0x74b3107530228787418483f8c6ee37af0d666666
0x93cfc95671686515bcef11013f424f8c9daab1ac,0x3d19b4bd93c7a3737b7cd4b941f8a7608f276952
0xaeb2278dc379a73008c3039aaa6c28437d62656e,0x72e56e5b8e8c9ef162452d3991847a4feabaf0a4
0x0db8a02dde39d34bac2c11d1c01c4fa6bb485573
0x80cc263cb3fa1be2aec748b3811261c1e2a1ba8d
0xfebc60d6cec0a98808e2320338d1dde55f648cc7,0x2185198a40a73545622d28149f1ea801cb95200c
0x8b74db81f84338516ab38f3ccd78c315bf3d5147,0x491aadfa827d90824304a177988af16ff75ba2fe
0xaaf17b87235365cbd06b1fea954163d31bac889e,0x2e0eda8c29d40690f0546eb940d75cae0edab340
0x4a0f4c54ff6bfb07c8a4f8246749880914da25f7
0x9dc8fddc2957defee7670aa583176762e6716032,0x9eee3f0357fe550dd844e3ce8df2312cf9aa8ef1,0xbc12c4589f709de3de3d745f6d6d7d5e2045b3d3
0x0082a304cfed34a927a1a15397463fe978b1e832
