0x0f73f298e946ffafb4acd1b18e4ba2fbc393ad72,0xeedcd77c6005a1c5912454aca7f978dd332e608e
0xdcc14fb8c9e1196fc4a983c2c6b21f216d0ac2ae,0x152ded7e5f13547a9194ce0d0e2b2e1fe6b4ff17
0x04816ea244d74ccbd0b925175057ea1d4db1af48,0x69ea2d6332295f64cf128c77260e6e8f97b4edf8
0x0efbd56c194704dd7372abfda855ed20df24cbcf,0x1aa4573920bb6c2d0530518c58d89cc248bfc39a
0xcbcda532879e4f80eadee6198e4acac81ff1e17f,0xafb9f280009fd2fb1f0d1dd22e3cee589d582f94
0xeb9005b3bab045eb065eb789cdc68259cbb2ebfd,0xd40a91f38b2c68579c7ba7560aa827806eb50bf0
0xfbce871136f8ac1a8b3892e97ed05e79546aae2f,0x8e204ffda9596daa548378182e853b86c38bea07
0x8ace98e8592ce97396506e7be8d6fec361d0fa7b,0xa000f9a68ddcc99fe469fe6b390ff12e04f3a6a3
0x64dcbead3b25b94c1c07158c8a6ad6517b95513e,0x9b497b35a075c803443b671d1ab921dc6349ba0c
0xb6da08cd77da865e99bba2868aac74ea2cd58162,0xdfdfbd6ba2afd50944b10e04acc47b1ae5a79865
0x6dad59dcd21df4dcbd7c04b0fbd80dbbb608d563,0x5e326d695237d199983e58922f88267053f5403f
0x961a73d38d0bfde250c8a5001fb0f878ecf96577,0x73945cdf0897771750512a8b7762fcde4c1b3160
0x443970b94a03e3542760d557b5fc20cecf34e69b,0x5c2652d4c4f133e58de3e660eb077a7aa93add86
0x5fee43884eb99fbc2dd76a090ef742db12051478,0xa46b08e0c5f841305fdcc02578c94bccee5951b1
0xcae84be83734f18d00affafce5d963a175b8b3cf,0xd0698d231d4b65b97a3df9c16aafda8d9b0bda41
0x63952d62de58acc00cf0b565584195c88f3c0c64,0x5dce83a815d04e57ab530cdc17392a58ad680d45
0x8d73288298d0ee181e83499d409a2137886dd06b,0x18715d75c2685ef32d9a84e93905f5b36abd409d
0x2fc5dc72a5ae461a42d7242a85bac3b975270374,0x14d6831602161268d5340ab26db66cb2dc6921ca
0x2eb1d97fe85304a52756448e29349b54648604ef,0x730c4ae1626d85b9fbe5229ebe9b2f22fe12ca5a,0xa2e3272fddcb16468d1cdd76f88a530f491b697a,0xae808e78d581fc11ea00c6136c0b895da078d131
0xd50a9c1bbc54b521132b748c25415b5a17674172,0x6530e61a2cbbb92ce237e64c2ae9f5082d38dacd,0x62bff12b26297525728bb4085d1f04f2c724ebd7
0xfa11898d5b40fe08e9a17a9c22d318be8a0b74c5,0xc29ef07c9de859f8391069ac6a10e27e9844440a
0xaaaa4ad89bdcced275c6d60ee305b2231ca50e14
0x754289af7e8a945dd9d3fa7b63637c44f82c1d18,0x25496c07e518dd5d7f8696ef1b4ee50c19c72ddf
0x7c96fa3efcc1858ad17802a8462fe2cc57d5beda,0x7a39779aa3e0cd7824caab2665b42a215fb7f1d1
0xc30abeebd586c319e4f478ef20fefa0db24c9bc6,0x9cdca5c1dd90aaf767fee0b3d82420b938b5848b
0xae8ee0af7b01d9b01d14fe0610ed5f5105b7fcd6,0x4025aec407bd88de5f4b6ec12b30f886b98d6cce
0xa72847781bb1767627ee8267edbc6a9e85b80c2c,0x06e398e8b80a68567d99aff2ad2c776ac1acf58e
0x9f97de9bde2613b8ba69dbd54d91440a5e779be5,0x467680a0403426fd27ceb2477a592f3991e05bab
0xc49cf6bdc8798a02caac4e78c91fc9e0cb4a4d3b,0xfc20051971c698dcc4805be9a7076cc3740b957d
0x5e731dfde2f1ad813beeb22fb68d202ad535f522,0x5f7c162e51e7f1d4f0dbbe3f4ebd2f3d32bd4430,0x9f13e84d9d6e55053b6c6afe7d318259c7aa4465
0x515e3438ac3ff285193aeaa584a5f7fb0d450f98,0xa2f2c9f17ba6142877d09cdf7ff6576685b60eb6
0xa156a00c1237a879927ca5b3a2a97818f8456d64,0xe56adb4ad61734150d47222338918457fac5c074
0xad5c49dc02646898c7b9771e4c20bd3203556e76,0x9a8fb046dc361a347d5aa7cfa83b2a52ce35c60d
0xa9041640695b26360ad9e05b804345fefc7a8687,0xc0b690e3577966c1696a0aad6a66d670ebb11044
0x0d9d2a47698dbf377619f999cefed3d0083b57e7,0x8f423148a942c2d359c22abf387c9c71ac3b9b8e
0xf2d17dd31de3dbc0c30710b9eb86f8be0e6fc7e0,0x38e2034a5c68469e39ec7fc1dd22711b394bc5ca
0xb4333cddd8ff3c14bee1d0356757b94e4b18f9da,0xc46c96a7b6002311d189bc447b8a9179e0924e51
0x0077e129812af419d4ac5a35a28496df9f50696e,0xac2a2406c2bc24711aa089a11370c5d4543134f5
0x57854a82bca308cb4150b9450f67ba43abdbf9d4,0xf1578a899d01ef1bb5a68958da94cc8df11a4046
0xb3d65bbe599e7d41a585c02f43bdeed868261396,0xbece9e44a849d8881227efb733217dd8c95841b1
0x8d094bf53fc27d455429d639d1405dcb356d7de5,0x5b53d310c73afd70f03b7a373b3e2451983228c1
0xb00f94e0486f86bfbd5cedd0c3f995c080b3244e,0x5c9516c800b12f7a43cc2992f75cf607847f6cbe
0x8cf2e7ad68d6b83844e85d438d3c8107c66628db,0xe4f7baa18dfbb55d41e37144239e2926f1732dfb
0xa8bbe9b3aa4f00cd2a5aca80df6d18580a720675,0x5b85f5782284378629a4cae9a7750826f36a4b14
0x24eb99fe782ad62f53fb94ca51b3b1ce8f637ade,0xfd7ceb49dd6dc045dd78823dedca2976316c2cfb,0x0fd846134715bca64db7cec11038da81806a8623
0xc4b7bedce1e0face52a465d0d9af4a978bca303b
0x243b2c3c8c61106eb223c1bca6287307890262e3,0x0c25bb359271c6aa9f4e63ee6e991e614bca5106
0x8d98e8489af2b0b9a986fd790a935e61276a17af,0x6c3f0c39f8e237800d765908e7ba4d523c1e8955
0x8c833cd96e63be1681c05a631f79fac7e3dc1f10,0x148891db2e65294abd8ec16d4e6386b3965d5fd4
0x8d9d0bdca67eff5eb956f1683714ba3aa4136f8e,0x3583f2e6a751140c3ddcf9e12bd7a5a4d8f93d83
0x784812f52dcd20e1a1cbc501120a2d7e476d6665,0x3ef69cf4266412bf169ac8e586965ea6949d7ae9,0x8f01b09beeb9aed77d4a71359ddae8d82842fe26
0x673839ca1cd607ca0701e82f899e4f97d41b1421,0xb4386839e6efcdd831a05cb688964685f86f4ecb
0x4297f7a866295ec27373179f390666fba2e34e69,0x009e92732085950040ec43bdd0e18096d6d13e3c
0x6b5365ffa2460baf9f0ef83a989c335804829ece,0x4e0d04247e176007f97b97952c22721323b8a425
0xd79c56c065c50f323eb1142bb871f757f47a9d08,0xcc2d4503ec24a6457b8e7309e92177ecf515dece
0x4e68936db17a1cc5e7f31aa43cebf379730fee22,0xf62fc0a2b9074071716cf546dd75a6b854ce0d07
0xefcddc6cb428b74ff0d2b962d0c0f3af23c36d22,0xfc71f9b870c0d0d7332af6476103d155d2c395c8
0xe4b246091bceb83450953c27e3132deb0c7defe0,0x1c103ecdefa3975d94436058b33a19062e933f2d
0x1f1c9175da4d2d45088439eed35612c5a72a42ca,0xdd79c02e9c8ba64927b83094b9c3483512bc5de4
0x98af51346b01f0eb289571481698680024970ad4,0x54a8641bcd31bfd9d7a7c4cf15c94cd98823b368
0x567186d582e14e930614159caa93951dac0f1564,0xe035be5ef628798e7fb3b363ebe7c689d0000208
0xb4876fd43ae4bdc1c8cbd9d87398dbbc5bc8bd62,0xe2e5868a8e835dca5aa3f61a6352185d6f5e60ed
0x716af3fd30dac9e80945f75db0987dd461b38b4f,0xa4e38713d3e61d8cff9b7a661426089f4e908db4
0xc046f8fd5fc33d702249e40a16c9b87f5c755d7c,0x0b451a8bd7f44baaf99aa1e8d0b6cad2afb1e125
0xfe92bc97c276b73faf4bba1013f648a487538952,0x616e08d355c5eccfa81d8e7039af622133ae5dd0
0xfeba9ff5c60ff17ba847f28e0e2676209eccd34e,0x037290ef3bd7676149d677d9d5b28cef9e1aad5b
0xe753b8c22bcff5a1c12a66f6bca4bd87b9e13618,0xe90e3de1272ad5a1ba884cbbaa6fdaeea926b8a2
0x1d78e94cb2510c1cb3c3dc4a8f0df6ba795f9ce9,0x1c47206cc91350030e446f2ba85f47fff123d32a
0xc1cdeccf1572c5ba769b1c0948bf8cd35ab4e4e0
0xf408a40e46a3953684985fa46a625ba1b5573a9b,0xe1a7600bd8cec48b3ae86f60233113486dde3402
0x85405f7edfe6709649ddce6a784bb3f764d4da49,0xf7b8388da902caafad0e488144d3f1bdc574dc19
0x21bbda8a2198be166fa44e47c3215c1415ee8875,0x2315e7e939fff35ebb037a800497aeb9dfcd94f2
0xcfe3b2340b9d5107a7563e9bb7a024b376d1d22a,0x6734bab9370728bee600f32005b652feaa74ba47,0xee7e1ff95842ce11e287891787994fcaf84d3e0a
0xed1983919c9659d4135ec547d6854abceab25f08,0xb0428ff8de4b06f5a0b240c5b87d5e4d34bb5007
0xaf1017d54d651e2247114caa83094cea99147852,0xd78f88f1d768cb1043fbe524a37d3e9bc18b7242
0xf4bb5758b16d85a1faaca43e59eba07adc15f161,0x793e8f131bc84531f3d981e649dba879a82358a6
0x5b1991f67c9316f9dcba2ec3e2c8b9ad1d991e0c,0xb408482369ffdca345c33dc0506b9d250396f685
0xf26a6cc5422b2192c84c740795a7eaecaeda1ca3,0x27396eada8b5bc26cc03f9f27606b6fd3ba03c73,0x749507d726d004ac48b921fd7d36358586eafe81
0xc7d65f45fca212687cb49ddcf54cbc12ec7257f3,0x69ce7b0061590ce48edbe95986232a87ab9d12e0
0x0ced79471b39cc05c232c345bfb4c885af045a21,0x5e35e6b047819d937fef9528215f73ffdcd02480
0x3e0af4bc4c80a314d1de8663af42513ad57d720f
0xadade7a16ba28981a20ea112d1d2cefdd3ef387e,0x954b9f42d7ab13ad49617924e7d6a2286b014b7a
0x1f3448cbbda5401e62766b378acb171a938bbcc8
0xf010c60cd2d3e6156a36b96071d6fa0ad22380f7,0x5f271550945ec754c74a016b5c78e44d188d3578
0x100958b46f0b00e41ff727f371377f7d35358a33,0x09487f94c54bfa5a4f1ff1dd5d72a50d9d087406
0x67e5ab5b573f01030a1076dda7a79ef0f31a1bfa,0x217af53a358a73680c95819853bf0e2a6e91fd9c
0x13d69d470f4df5c92938d2f689ca7b44371e0672,0xfa09cad801a8044a9692fc300a3f0fa665bb3c4a
0xacc63ef503bc7e95e4ba599d0fd63a0e8cabb741,0x5a776db14562df4082229d4a99bd58e9a56c235a
0x6193400f6bf1f628e81a90dff0bd9a6c190c2a51,0x44ad072f1c54b0d751e2d79b3ad3c6bdf2fc064e
0x9aa95c980fd84984ec6be373883a3d4ab16ad117,0x05c9f554d99557d7ad1ef0662da48307dee8d6e8
0x23e7fdc3bc8a271455908236f79d49b76da37590,0x73f90f23690f7664d6d8b03f37e1734cdcebed2c
0x3e7039e12eabcb1340b5063f8996dd653d4e8ebd,0x47e6e65635ae4ba1537f178973c6cf13fd691dba
0x2515ef780ac5d71c01557fe65ba194f2c865495d,0xad86bffc296b80a3bdd6ab61343edc5f572edf15
0x5da095266ec7ec1d979f01a9d7e4ee902e0182bc,0xa4b19b1ce59175cf7066cb0df9c2beac60aa5d5c
0xaea58244ba30f01c2094e49fc558f403b8dff5a2,0x02d296735adabfff40f81122a4676b54ab4d506b
0x1f52a82b34104072a459ff631b49790c1b368ac9,0x4d8563c1ccda4359c20de030c87703d010a2f8a6
0x724b260d3209398fe90142bab4c880f44970f5cb,0x41ee180b53d6a394215c9ac41f76a5bd8af16d9b
0x3c50ba6dccb7ce4d718093c47e1e751e71e09f81,0xc49ee2f2ca7ec59d28da5016643ead1562fb6a00
0x8627058f30b70a0822f1aa25be5c344da2d405b8,0x996ea5a4fdf297a5d617e0fca0d4f5cdf2b19294
0x77fc179f0de44fd77c2f00dbdf4535abdb73afb0,0x97b8eb583dc31d1ed8a4dcd487a63ffbe4740254
0x1d7a469bf5cdeaf67166e7a087de0a7335d268ba,0xafcb20354fb5b10c6171e6820b9011099379e0c6
0x8f8d07b6135e172a67a4aa0d191374d713894bbd,0x3181fc4b7c4b83be6c76d522436a68ae4c3b327e
0x769399d9cede28128f926e856d21eb44348cae2f,0x4560570aaa574d30e782720b2c0e806c7c73e87f
0x4018c136ae4619ecede21fbe1f043dc00d59455f,0x0885a69c7a540a8a3e18ee3f7a38a3ce3c1295be
0xabb3911e303bd66f799d0bfaf5538d5bcdd3f8f7
0xf216c04a0ed1ddfb2b942a80bf57614af383b6b2,0x88143df4c01db4b9cb3baf588880862382b9a388
0x1b1d7419fe5d2e98eb1ce729eb474a24d8cb223d,0x50c8b796d584b6d96553d87284b30db61b4740ef
