0x8bfb5840c7ff7a9af72ab4e60be6d971bd60e486,0x8be161f0f8c867a6e3b08ea1d81b5eda5e50ef6b
0xfac4052be73deedb7534457b0a38514a81d12203,0x55594d164da071936273fe2db25142578f8e3d33
0x6e92bc493c6abbdd6a1b18416f003de2c873ab50,0xdba17e43fd8656699d692de7f566a79ab79accd7
0x1890a4080b6361c70c5cfcca70fac35d14ea9974,0x2117c37a65ad3c0489682386f7d81d4c6d08b3c8
0xb8d63a3e71bee17dada822e67fa6354bb83a7840,0x120107165b53e653f5e76049447a1af3ecda980c
0xca286405190c4d7c50a1c7d8934a981700132224,0xd49c5ec1beee882689930ad1578f4b45aedb3691
0x8e05e2a2313cbf98ed557a68af1a8f0b291f9cd9,0xbb8fb8fe5198f25d117c0e7b1b9c8260cb19c3c0
0x5ac4f409c440eb294bc2a2e8253557a5a6ccff85,0x25f5cd6f329eae5a10031798f529fd46505bd7d1
0x68492881985afd26b04dcc4963ca5128ccd3dd9d,0x8cbc7327b5fe2bce2c69fdafd58aeae83d349eb2,0x24a7eaad0d7f13d1999206d8c22f926980a12ca6
0x06044b5359d8df7886366c22c61c7ecd29becac7,0xb6467257131a92c3dda02ccdd25af22c0e7ef9e9
0xfbc56be13c23c18b6864d062e413da3c7e0f74fb,0x72ecfc73875d19f258ca3a00793c285d96da7354
0xb050dec5a9010f8b77a3962369b7bc737d3ed4a5,0x45fd13431af9f40e6926152cd2cb252d66ff695a,0x730416bfdfafa5aca28fb199618a2a36bc6aa1bb
0xf76f18539a2e09267d41ab165f257034b19c9945,0x91c5fa6872f3a93b999843eaf06eb34a18a69a12
0xc51c90e024ca52cff7ad5bb85633ee18c744b896,0xfdb50b382585ea2d576ac00082cda2d70442d270,0xa6daa97d5d0135f174a52cc06680ef32ff7d2b94
0xd7601fea90b3e0d63f4df533ce2c3deac5a36e99,0x63c16226cecb8459512257f31f1422121d506932
0x4161b6627c179179ef13fff56b94e66edb26e392,0xe0dd141c7e0f9c207d7aa71b403b3bbf4a62bafc
0x80b94ab67454d63c00c29c86f0a627a2a91ab677,0xd05a2ed1a3f3d3b9b9e1adebc9c8272d8e617d35,0x69f984841e86e846b9092847a84c1868a2c17755
0xf47dd283b0857dfa616be2ab0767f73ca45bfb2f,0x20b39ff4fb02ff39872dfbbf0b0f1cfed74daa8f,0x3cc5a311c8642de5dca669350faa451f2cbc5fec
0x4f199df3f1f0238e22a810e26f7df51b897f2b63,0x597b45e8daed91c6b5241a1c7290cfac357776bf
0x5d31b66a1eb2e67c0ad25081cfb1ee5317af03aa,0x4f0613b0d5b2a52e2cc4853c32ed58aabd561cee
0xcffea940ae53725ffe834895c79ce3d2b5c0ff86,0x3583f2e6a751140c3ddcf9e12bd7a5a4d8f93d83
0x269545c379169fbaa5a2b086f4f91c2eafeb34a3,0x5eda4b19d7325b84f33f2254da6552f605049763
0x131f28ff041bd09bfbfe7c6106c258f1dde5989b,0xe851bd3b303d2fab057d34574022e05617bf5b55
0xd11321df2bae3fa29a8bdbb205b23783c892eb4a,0x031c537b4faf929a5762ec84226ed4422404e2a6
0x6c7b271295c3c109d695726694aa6cedf74541f1,0x6bfb2891bc3f5ffd3ea1ef737de41e28d14b8422
0xcf29ae9ceb02b428bf82a46df8a5515aa0fa2d60,0x50b6d08d61ac4a3e7710411ef769046270c5dd16
0xc3dc41d797e6cb2e7b9561af28d73d4b463c444b,0xd75b7991611e4f47dabab6fa729a9d3b6e2a9335
0xed5c6b4a540320b489161bc88184634a9e7e75f1,0xef9536380cc49456eef70acf99996513b404da9b
0x1ba33c20cd060608c46806c313153ae7bed4c238,0xb635b9a135bd6695c548e566a4a4ab63799d79a8
0x25cacc2fc04a7da9aca7709bd008b6a5b7cddbb5,0xc50f416e30af7770096bef8d5322389df5053862
0x2e6bf088c0a96a2d83b7b3a8bf9f5c35228df704,0xf05a5927d9fba00f094731c1769fc77575f7619f,0xb48bdb70b8a8f7ca9cb0d4952d4bf8ef9c9ba7c7
0x2d40e6cff578871980a7377885dcdc9f8e534d59,0x2299baff6ccaa8b172e324bcd5cdb756e7065c59,0x82a00dfb0cc3531d813173b52ec193bf1931e51d,0xa3f343ba4062d4840a86deaf9babf0e1a0d30e0e
0xa148c1c37afb3137b5d3261755cde6b1ff14b373,0x0082a304cfed34a927a1a15397463fe978b1e832
0x588f6ccb39f3d474c5b3736483589e2bbc8e0847,0xd54f3b57e9d800f191c66a603ed90448a652ba6d
0xc361c4307890bde81656b736949ab1cef97b1c5a,0xc6d4e5c1cd5c2142c4592bbf66766e0f5f588d84,0x22e81335f9d4a609df42f56ba5b583f565995296,0xf6c368ba69b1eba1162661e175c9380ee9210d2b
0xea1feb9a9a006a7fc253c6ca87349be0da072f25,0x10dc1d2f35992b28c5160c2f9fc9582735298d78
0xc4f3a14f53669d732cf7249385163fb41e6176a1,0xd2fa75d47e4c6e66b5ba2b460a0bbec945612324
0x2096ffce97f1f6cfb49c1c6679a36a8d4279eb51,0xfe82881f82803f97b969de64a137db57c5bcb0bb,0x04cd2d23240665d7e1ced4b22694ebccd6ef4fb6,0x0bf73596b85cabec6b0b4e73ae18bc8cce7a6f29
0xde67207938759db23846cfd23094fcd951e148a8,0xb24da26d48eac21817f1002dca389527323f38c5
0x53275b7f126ac231c5f36b9e489f17dc21cc7c49,0xb13c29d9559722acad6f5bd546d2cbd7fe882dc4
0x57713e501d2359b44f12c1f9fb9b3cc8d2bc4895,0xa697f80ae3e365d232c656c189446a6b3dad6d35
0xd03e3e767fae065b41fccbfa0dfb3c538cf2b484,0x909ae1fc12c1c64f7554dc27a1c7785efaba79b7
0x6dbf65020e3af3293e46c49591670f4bade9bbcf,0x043b55ec2be886f54ed56908a1b53e6f5b24e92c
0x4593a9d86d8d7cdc5b4751e940d59b7da8945478,0x7564d5ed7bafb85415237df9bb3af2c5d65c7e3e
0x32fc12cc0e43b849615b4cb2843f0609cbe372a0,0x745a4245e39357f21e8997993de90422b05b909a,0xd4d1de3976cbadb5c0a03277bdbbcd8f80b2a7e5,0x25f35bc2640cfce6bfb6f9540181ba0ded42b982,0xb54d8fc405c77237998e24eafde0e2ed9b197b83,0x7e4e8f517774b8409979f2762bf120cecb22dc9d
0x46c9df51d157f040b3e774f3c1023371fdbb19eb,0x61cd87b1feb6b3b3c593c230d441384fdd9c1d0b,0xf124498a045a8842f8d695f72cdca35b422a327a
0xc3ddf61960a64dfe58cf7221457da1f5e798c44f,0x491aadfa827d90824304a177988af16ff75ba2fe,0x62d27d8b0a04790be6168f546384486f7025cd95,0x13952aa93ab9e183485e3154a811ca959a2f2941,0xfab590ad60996e7977e7532bf6e93d0faea69bfa,0xf0945b53aca2ac613148fb1a56919cfda1a4ce3f
0xe9846ca3328746a52a54f459f0fea794f9450d6a,0x677455cbef5f026447cd1a1065fb1fbc33172f7a
0x61093dc77114b81b22715468f6e847f838d61916,0xcbfa6ab25ac0a777ab7e4b74314489ad896967bf,0x51700a05a10f360456b34bc5cfe5d1540dc55260,0x0f9615d51c657da2991a95be2db7c0018e69f6b1
0x1ff42e1807c2a8f8b739be845ea66cda8351f725,0x51abbb548bee5d3c0a7e7658de9f33599b1f252f
0x994a3cc35775270469411e85d087003c3d2ced6e,0x8888c67239a1123f80a7956ce16559661bf0151b
0xba0dadc33ec3849a4c962109dfc6576f364e706a,0x7e4abd2959caf8b68c72b0e37e5aa876e148a52b
0xa9bf60aea5d6263e5dd1252227639737487a4cd7,0x1ea876df65924ffdb1345b3d2c5ee47138c0086a,0xd7e86bd77784217324b4e94aedc68e5c8227ec2b
0x3506a3618b667d59b459ddfbe005b89a3c4de3ec,0x7ae79c42921347345cfe11d53e0cc1e02fe6bbd9
0xa72bdae5373aa2866ec0210ca428f592ee9588da,0xdac570c998afddba565df1c2a22effabe42183ac,0x66a21ed8ce62fde216ee5c01aa2e1ddec999d5b5,0x13fd940969a0a749df1fe43979b9610bd06f92f6,0x646ac693a555a8102b2b54ae691fac9d6fee18d8
0xdd2f0892fd0d39b1387c4cfee77b64828f4e4b3d,0x6a3385e93b682c4cc901284dd00329294691d86b
0xda32d2ef02f13cc65c25ebf41d6773344fc1b495,0xd365ca48fc37feb046476d33ac39c6024879117f
0x0d4ddea3849c54e16c85cb4354943dc876e05552,0x336892ae02978d5628a18db778c24faf69b669cd
0x4614ec6b69eaf14f51ae9b2be1220ea5011c8e96,0x26480f06b944eed348ae1d31cf394bcfa83a7029,0xa8adf1597697ac2e6a3c72ee0d3918eae4dd6ed9
0x075e4920c9d99d5375916743958593fe9d51e361,0x11cb2ef1cb7dca2f3a1516dd770d253f1af1bb16,0x9c3c83fc9b8fe1dfd5409788d188348413619539,0xd6e8caba13fd89fe5968887906fbe7e2a5f4b20d
0xb225902945a2823e7e4942d7888e46f491894b0f,0x59599213981ecd07bb00d07423fedf5932887511,0xa9ee37e4414ebb155bc4cde7733388fb553732c8,0xb0ec510be0cd0bfcff595955be598ca0b3b8ec4e,0x61fab77885e2c1c03e858d348913d282223e04b1,0xad2a146c002b9a081d5824e37f785dfbea3500f7,0x94ea44a75236139b27cf094ab6c49b46650b547c,0xd064b147cf47a43f2da9fc06c5aa218eb5ee754a,0x254a2f2f7d10baa02d83f1f39644f9fa5b23971d
0xa0d47f18922e983bb839541a17f24183ec9e3470,0x6a06bc02869eef15837a15ba032bdb4866664858,0xd7b169f9e1d8826b58e47386a2df879b11a24560,0xe984dde211bb6e29a25fe19cf52b7691ad851cbb,0xe57b5538ed089e9376851c639598859aae3bc9fe,0xe8a03657a80b960892267864069d8c3b17af4f21,0x8e2cfafd67b305e10a8755023f6a176eb82edba3
0xe9ccc30bd0ebdca3ff9c4fdcbcc6aa5adbf94405,0x6ad7a5eb0d2f9543dca058b7e03c1310c3517e5b
0x11fc5142cd14eec20f41726b3c1cffad22c336eb,0xe2a51d3b9e20389c1347316a132237ca4c76eb50
0xaedcaa7ea62373b7fddcb646834605151a746a7d,0x5d0d9065c7610d244e2b6ceffced48cb8d99728e
0x76f6e59137a05cb3430e9a5ab9ce61fe0fed9ec6,0x09ee3cca3516d7d8d3c1e51686c99969adcde2da,0xc88bf5373b6a296941d359d173a9156fddff01f1
0x92fb917f4b8dff6dd5a66daa3c5df1d6ee4d19b1,0x9e9f61b9e5f1c811fa03c2365c61c9a7b934889c
0x96f1e88a5dd80edee1ab6f5ba98b84d39712698e,0xb828d4e6d80108355437f24afde1c57e4b87094d,0x93cfc95671686515bcef11013f424f8c9daab1ac,0xe9e9895115c11e82b05849028562e3b067a5db58,0xed7c39320a9b3d9fa1d44b3fddb332d5f0099043
0x9294171e8c77503aefb4513866a9fdcf745e1d32,0x2a3be5753e2dc6e602f494a8063404b578ec6941
0x2c011a005ec67989e4daada1738b04623d787a2a,0x049485474d64ed27d9c0bce09cdb297c8e5cf0f9
0x50f753da659cf8b1f8de154c4985c19933e7979e,0xc54ecae05016226268bc2b284c9ecbf1481c95db,0xda5ca68b456b6e8ebca96d59d98412905335c43f
0xda86f1117449af94c0c5d1ea7fd8a57ef15958f7,0xeba5de0d194d94df4132b1fc1ccf7ea92bf8dbfd,0xfe82e464535e086b352d5695532f19791662104b,0x33265be12f5537ad3fd9cf03b0d2f81f6f5890da,0x23e6ea803e883397129eae238ba7c6f4bc82e425,0x5f37c6a5d703a1bebbec52fe508103e8e75fc1ae
0x46bcf2b24d0c0b6f8e68597f7d3926cc9832b441,0x886897377686b133eb6a2aeee25fd5b8b5dc9b62,0x4b0576ecb64be0c6e302ddcfbc06e12a4454c3b2,0x4f9ce25d7f9e8b79da811f14de89374931629e68,0xaaac5c4b54c812d30d45678064de9a83314b7a3b,0x46210787bc45739b38634f35b938b5f2bcdb7f42,0x92dbe514690f4a8c877943874ecdd2c2705100ad
0x04adbfab5cb9a975518c653da15a6d9dd90ce920,0x25e6375110825818abf637aa90d66d4ddb4324bb
0x879ed4b4d35cbc915683646d702f994943c473a5,0x2e0eda8c29d40690f0546eb940d75cae0edab340,0xaaf17b87235365cbd06b1fea954163d31bac889e,0x6245726e3a3caee02d9a4a5c3d5c77706923084b,0x9333f0a30619426665a5b5a67995b6ff9bce4e51
0xa898c14e392e2e26f8d2c0582d9da69948541b92,0x9999993d5b65dd7be99e5b3c4f32c874f76fc5e6,0xc297d4e129135737f17bf5bd75b741358e2822d3
0x4626d0da9b5784284f01db4d1952a73cb2fbebc2,0x6c435c6bb48bc5b42ff488f0940701ea744b6910,0x19cd21da5649ffdf730abdc4a6d18931ce87ee72,0xf523df0323cbec6f3c8e1d2f8c27482e2864905d,0x7eeaf08ce4a88a897a7619523cd7cf31f83c964d,0xe749493eacd6350abd8a2210cb5a020e25ebcb93,0xbd07ecd9023db97fab5cfd56869c46cdfe91c3cf,0xeaccb0d823b06accb4d9115f03e4d6573a3a7b1f,0x2185198a40a73545622d28149f1ea801cb95200c,0x85c59b6096116b6ff1c65614549d347ed58c8afd,0xca12d6f5f05ac25a4be65ad9368de7dd7f594f30,0x3bb74335e549c20423f97cc554a7791cccd6b0f8,0xa58194e55c97fa5c2677abcf01b7224b1ddddb8c,0x3da5e85cc4e412101a722447254ff1599e8a8d6a
0x6684193a598ca311a8a8e3f819d865801c4c2398,0xdc506d13dc8f470e0b083f577657a3de9014fa65
0x0824c6a8ae168b337713d00861fba7752a5392f7,0xd835fa11dc63036678bedc2792c5060dcadfa8a1
