0xc6e531cf18afe3a64be19e40ac410f39fc9738da,0xa6d71662a1a337cf7953e908e147d468e7b4d1c7,0xdbef06c63acfe24283140a132819f1e8be60c612
0x8ae221a2660fdce964dca9ee59201582cab5a444,0xdf927e8f4cfb94d1ab7be9915478fa5bb8dc5b64,0x811d5401d416d42338c0b72ffa96a92eff6e508c
0x85de99ea8d351182b259564dc4642c1f3e298e35,0xd3a8a759330d9a9d1e4d1f3e484d567b8f020e01,0xe9b6e1300d68a012a05da034aff3f2bcdbdce3c1
0xccfc864cbf37001cb489828b21b96fe3e9641d3b,0xf3a6e54248f51fdf85008e02f3ada2dfc66c6c24
0xa4da0f347c6abe0e8bc71b5981fd92b364eda4c2,0xb435871b0959561226b4d903b1abf79528177e81
0x62d9c54cdb72a44d8781157d611113788c2684d2,0xc3f498aea35d385dc9ca5b3e1f9dbc6fe3966567
0x1296482b3dc55111527baed81186a377faad5960,0x0857357c8b2f6a5a27c2adb0f5e97086028d55ca
0x7b3be249eb2b14ac09cb3936bb565c6742aedb23,0xc49eaa7318cb8f6169b011c82659c81694eef0ca
0xa01c79f01f12d0a24d25a686e5dab6eea2d6a317,0x04722123cc98c8a78f4d2851d2b363561af99edf
0x9fc9d95e7be13954134743c86db1c81ebb9db83d,0xe7dbf438115232872c58efcbc10fd8f6ba7a27dc
0x0b0b238e55dfbe8b9500a927079f7ddd2987f921,0xd52e9ff31ac6c8a53104be3871c02c6117ae3279
0xafff132a6ebd350312138c0697e14da3f3d22a67,0x9cdd1d521c02ef738877b3dbe8019bd13a60a6e8
0xc08c0fd84c3da48b1c8a8cc652117b2a12be441c,0xb6c8b926829c05a7245379350c7d5779c2d1072f
0x95d1c6ecb2951e3111333c987f8a0d939a9b7b09,0x132470d38095400690a369a146311674000d572a
0x32ad47acc393ee0dcc164d52fc0f4b03d206ecd4,0xbe30d641632e6228bc1e8632f581ffbd0add6f2f
0x90203dab360ccf254d5b127202f2d110b21f616d,0x4803c6ec3e61cd1bb1735bbddb21732100aa13cc
0x50af5f78a48bfbb09d4a53263be9a405b4d39fec,0x3dc389e0a69d6364a66ab64ebd51234da9569284
