0x2cb8132e3e51b802ad7c0d36dee4aee66a1c75c4,0x5f7a159e7671d736f1a01e571f6f6353e8944d0e
0x961fb4ad89f1dd3a2d7e530ff28c51ddd755af1e,0x9b12b7ccc59d422e0cd7d4e8800df8a202858164
0x8e30b2d78aa3f49ebf1df096dc44114c04f0d2c4,0xb05510bdf9dc93d6a98e42f161cb299855c56319
0x8558f502887a9a52c4b265d72327e0e529ff790d,0x9b4c75ce8d7006620df39e8757ade75d6434a6fe
0xce16280e58b9c68759f95c079b26c18f775f5ff9,0x99a826652c7a5d2aa1ae55e6110d239fd888da43
0x529b1e70215ba473c10dcd68b471ce05be0c3a42,0xe2183c61a6597a1078e1f4f9f9cc75bcf6b8bd78,0x3f417951c3a7f3291cff90492ba02e827d3318b1,0x39e6bfd1371376ef25739ae21a8752290afc9a73
0xd577d52fc4de50d654e976870f77593b9152aa0a,0x0020b552f6ab5302e3b0494d55d422c2529c17ae
0xe09f96aab3b334fe8aabcd1b365cd717976a5057,0xc9ce0640f5cc16076cdf283a300d2a0be7c42146
0x978aad63fe35f7a72573c411c3dff53608aaeac9,0xdff92a1d3c7832cbcc762ee5f326679dd801648e
0x4068432fe5ec590055b2c15d22b5adf17ffb966f,0x3781e57863f00a2ebf77a8a7e47987c46474c9c9,0xa00d968f2ff506686658b2e9314a80192a45c152
0x820a7a97dd146fd97f79881afdf4767624973368,0xb15006cfba7fe85193a59a98e204ec518c510d1f
0x8055156e9c4645412301a9470c46477baffb8b5e,0x0ba047a745a2600ea054cc0b1c3a8360248b93f7,0xd1179286821b0fed0b113802a6f9691743f0522c,0xe2667fdd51e97d68d45acfc62447326cff7ba667,0x443e285a20e5f1df69e9db8bca8402c176524eb6
0x472d7a47a665810d7f6965c343a506616509927f,0xf519e276958c3ef2dffd9b6b2d87d26859526505,0x342f3705514b9a702e50f9fb6d4443d960d3ac5e
0x89261103fa88a913c8d0debd00574fd16895407d,0x64e6fdd639e1811272fd5b0bc051580e84bf93bc,0xa4d5416ca29cddda84d674a9a1770bb21bc7c8d2
0xbe5e1ba665d397d5304f0f546cead0a1e44f242d,0xf9678a8f4e30dfd3a75c7b3fc349054324b18f8a,0x9c67d8383f1eeb6e2ff2b0d296aa6a51ea2858a1,0x6030e5367bf58aff9437cc96234cec10774fb699,0x6dffdfdb53f529911d214149b91741fd01b4c889
0xd85203a350b741bd6b59601fc008eeaddfa44333,0x75a31669d05a8a166683d6a81b84a8f92a6e78ae,0x1a98fcebebfea4ffbd0d5bf5e4650d71344f52ab,0x0001ab2fd9427a9ee06ea22294986a29a26cb307
0x8e0d44afc80a874b8f2413df7e28db6e17b9da76,0xaa3b3105e01896ca27f2ed8198c768b6311b5a44,0x85f26085c66108b789aff9a600986cf551b66b33,0x1f032a27b369299c73b331c9fc1e80978db45b15,0x54459d826a727393134c929ad1f4bc1e16f6f021,0xcf42ca97a61335ce0d407213a28dab5d21d2039e
0x28bd78450d2684f517f9da917c4ff3460fd42af3,0xd798b0dcf4fb2d546a08839d5b601026f0a20439
0xc609b3940be560c8c00e593bea47fb6ecef6b2c6,0xd5bae2b1a704afd79fcc61513f5d3a7033b32f88,0xb435871b0959561226b4d903b1abf79528177e81,0x4a8a97876b42f6154c612cbd60e49ce308dc3048,0x34a17418cec67b82d08cf77a987941f99dc87c6b
0x0e2b72150e2837f791f5bd59be20179cea79e465,0xbf8502e317f51727be428e1c1f0d017cdc9adcd5
0xbda82cf2aa762959f2360f9ad246c2f652eb2554,0x9bdce66d77c5653b370a62d7f1b0f7574860edb2
0x054f4dc9281529f376c8ce8eb6b8fd3fc3d40bbb,0xa4cf0fa3eade803c7305ad7db0080c19ea09d445
0x060c433b309bfff14dd6f2db790fa7928480f5b6,0xfabe4580aad1fc09636d522d4a53a4c037e055d8
0xaa844f31898145c5e8777e6e0597fa54056c9b50,0x6cea9591a430f52f735ec6f90f1e30062b3277f8
0x2e1335a51f0077dddcfcb7977c287a20443d0177,0xa2d1f8e4e7bffed0076490b9d29634a79f5b9c50
0xca37a1c2f78c94ec8f1f3fa551b339d94f864ad8,0x0473cac09ce7f6885d9a13eb825c98b05d76a1f6,0x317ec88673571291367a4b39aa4bbad4b1df8851
0x28ac2f2377406c5e03fedd8adb31b7ddb7282b3d,0xf83c995bd2d3290eeff0359c469b41c9822842a0
0x23aa1357650db12ff46aeb991c5e9345b453a5c8,0xf054fb5578ebd72bc08b2ee82fcc6c56763e0839
0x03a9229d3b1aba467c60ea14af17b29d2fd90fce,0x8c3d68f50dcc24c014cad0f62a9d3a723fada5f8
0x3e5fd0244e13d82fc230f3fc610bcd76b3c8217c,0x95782dd06310c54b389a17a388a2cb0572d4c8b1
0x11264a377d625a3dcb5b52ab69462eba089bf44d,0xea58fcfd2cf26bdb64506050d8095efd92f4f70e
0x87e6888935180a9b27a9b48b75c9b779bfec1f76,0xb024f37c201c3db8d778a2bd7d14938c6ddb4f21,0x6ecc5e44af4223680ec1f054324c6a0d08f8dc4c
0xd1cf85667b8cd5dfec09e70ec3bd320295fb89d1,0x2d9a469d828fe24060e941cb0551d5e286843425
0x4d1dcf15acbc0b69aed7b0d87bda5cbc66c48184,0xee2662a6fb93e12a11e3030924734f7816b6a3b3
0x2c25e5b09b171e23d088012e1345c9cb5e2e9066,0x90d4faadffee8123bd22b8d3982b5b580457164c
0x133c65271bf9990db6da7e2002e48c2342be42ff,0x8759b0b1d9cba80e3836228dfb982abaa2c48b97
0xd9e008dc9b293cd4d81e7134522d313004a1fb74,0x2130b3667618bea68f036c91e8c0d4a69086a53e
0x32646b9d0a5a1332534c45665b59cae7b20748f0,0x967189cbf7d3a0ab6e4b9125f609a5ebf930cfcf
0x8f9763f8b259fe8c8947316eb1673314a16359e5,0x28eb616028995e518f2adbe10ce98a8bb7100eca
0x62fe93bf511c62eaee6b4695c16dfda67656cb2c,0x852eee365833ceb908102f47719cedade7a9ff28
0x7e8f2b99ab4364be880fc702ec816684a5bdd8c6,0x33073add727af8a0191fdfbac9057abfa52df771
0x079125adc842c3a1ef246f08dc6e527284e87798,0x1d7044f7027bdbe191d56df041ff578645cc0676
0xfd89c3248f7fba5a36ac01c66520aff97401be54,0x802ff25693b9e07733337dfa9ee7ae7cb23ece66,0x29c4dd9656ed3786f1acc3a1f087b8aae8541412,0x14bad1dc89b0f2379a9567cbbc2176a7359ef92b,0x5fb233a20e7a749b1b3a7e159b38a1b6bf859df2
0x5c59f460820accc6e70c17f44ca596572f0e19a0,0xd09f1fdff70145f62d3910a9d92fd37e3e03b551,0x181fb50ea6a571a7fa5f5a35a677aae24d31e2ce,0x3599c8d46ddff83b31300d1e546bbc35cc66b6e1,0x7e2a38df65538a4550d78debc20c1b2bdbe6f0ea,0x4fdfab9b0f1ef59c191e48aff7e9011be513ce92,0x9a569c140a507f1f34af711974f7b36d5f7a9ba8
0x0879a45b625f580b5d9a27ed7241a138725c4abc,0x4e6e081261352d785eecd934c76184adda784303
0xe886c60b44359e9ae32d2f132e97787b000ee64d,0x0784051d5136a5ccb47ddb3a15243890f5268482
0xb46660091553d40433e939eb94fabf26420bf2d5,0x78a9903af04c8e887df5290c91917f71ae028137
0x2117c37a65ad3c0489682386f7d81d4c6d08b3c8,0x3b787ad5c0725f0e66b7a0984f47dd84bab46e68
0xe6f277f06f258c7e13d7d18363b628fa43f7ef85,0x3f6030322371b8e2c8ac17239f2c02c308932af3
0x9409b23c071d48e93b3cae416d086ec32e086677,0x0a666aa8fe45ab053b3fae5701c189f060c8666c,0xf7c928d63dc9c274a4126b87dca304ae752a7b09
0xb837b82d7bd9e4d5feefcc13bb9d72b257b87ee9,0xa305700d4af97128e6c8bf702a320815efbf7b91,0x664ba53ff1d39bfbff3b736f7b29c5f26a725a68,0xc26d54afe6811691bdc2676bf40c1c9e101473ef
0x7809058d1f0218673f3ddb83b93bbdc30a0f4b66,0x079e9c02894ae2ea39b4bbcf0ec3c0fd0cbb5800
0x34cd8a21e92b0abd558ff02d6cc7a9e12daf0ff1,0x8e4ac8988a1654887f108b91e8e66d67c0e53506
0x40618b127e0b6c95083ddbc78fb79bae448fe123,0xc691d74aa756ebd94800253f1674fda9ba612529
0x69c74dde18cb64ad3fe0d5fadab9f0afabb61681,0x8425e52bef348d8f2a181079790fc99de9e139b1
0x6e18e17a0b8bbefdfe9247b8247632a094f53f76,0x8d9f58ac8e73a7885d8f7fc866ec972f7c5711e3
0x9d70cc4ac314603437031ec3e6f8cf3f1e69e00f,0x3fd31dc7828870cd9edf673f964c064da8d8981d
0xd5d98acba1e498f571336c4e2fb00f7fde3c43b8,0xfe65755787f8c48f1434bcf3a60ebbc5ae85f9cc
0xcf081687d90447a5d7cfef3d26ac78bd191ec2de,0x752d4f437df2374444b6b8ea2a4099f1002904ab
0x42f14476a589554c888da08cc81fc0384dc08991,0xa0051f63083f88df3fc951b77ae73b42e18cbfcc
0x119e26e8809efd0d2baf690c62bd847271f2e96e,0xf019ebc15302b38787699b154a40be562efd7cbc
0xf9e11762d522ea29dd78178c9baf83b7b093aacc,0x5026133fcb68668b9183cdc7b99c60359d00dca3
0xab85ab5838dd3ab972928862d1d0baa3937dc6f2,0x7870c263fc07e4895efa2079a7cc5847eb4a79ea
0x0adab45946372c2be1b94eead4b385210a8ebf0b
0x632037e7add681d8696178e40728d918254a397c,0xaa48b26ef4b94d5ef520287c609b5b43552578fb
0xce3bd76a757350c85839988079a2a0acf27ec8f4,0xb4ff7a67d53ffe696c74e902bc0e6b55c33faafc
0x6c8c86dcc7abf3a4c8b567b04432afe9f03c1e1f,0xe5e9bea5028873049c2f4689161c5cac06f70a01
0xee112bd95c1d42e2af2d9f57c22ccfeeab65accf,0x73b072312c9360960e12e1558af3fbfe2ec85535
0x285ce8250bda19425cafe86297ed5a08bac5d8e3,0xa15cb4ab572e55b1bacce68a53f422aa19f87e1a
0x837f6bf7c30607cdfb81c02f102ce0ea9eb2e90c,0xb13e6a683ac6b2d777b2176d0ce9c1b141029bde
0x474918c74beb204832f9d1b1b0ee7deade0c9cb4,0x9983379333f7b159406980a6854fb4824aa0ad43
0x832217764a804d1aae4007a2bc4f5b6527a979d0,0x4f246272cf7f66005c965f8a36e132c2a1ed34fd
0xc4cd8ffbc36f46d799486727f2fee67c59c9f7f7,0x2c308c45be36e70fc96cfe4d7eae969dfc4993dc
0x644628d696fd07fcd8bda2e8b9a680734cc80a93,0xb2a70f9409f50780d183a29dc940270eba6fd034
0x6632c63463ba97f2fb05533a1a7c7e3107bd5b6d,0x573b297b0947ec360334d86710b94a41c98af5a8
0xc8c888df0d9f07652ab8dde2bc15e8cf97c5ef51,0xef3aa94a78a0f970981fc5912ace1a2ef2130735
0x9229eaea6a9a037b09a644410c037d982ea959ab,0x9b05ffb049afbb24ca4beb5429346453ed1265a1
0x4b6bc3937f93aefb453da73ba067726ff014ca66,0x3a567303b207c6d906a8fcc380a2c307ece7051d
0xcd183f479ef375e9e04964320b28714d7f80ec37,0xc93adcb730e30a622f8c7b91b46fa80819cb53d4
0x514a05d7b115cd6e3b56b8ba8b106099839ff830,0x0bbe643d5d9dd0498d0c9546f728504a4aab78f4
0xfb71f273284e52e6191b061052c298f10c2a6817,0x1a06999107dc7ff8ed2d8e3654cd70235663f6ef
0xdac071edbe067499281f1272cf39f4ccb1e50ac8,0xbe31d264ac769679d188cf02035fa0c116c3756b
0xf52772f51e00b1f5532517a6aa1776fc9d7c5a3d,0xc7695336940cc4049d92482ac317648d0fd71b15
0x0a132f482f5e00608893bca88f4649d5572bd15e,0x23156749a0acefc8f07b9954d181d50084c1519e
0x1840c62fd7e2396e470377e6b2a833f3a1e96221,0xa38475ec707f358f338fc2dc393d92845276e568
0x2650025e11d513599511c06a7176be7af7d19ecd,0xd9307a46fef9d78adcb83ba37c9d9fb5edb4ba71
0x8aa25ef2c43f0afc214ed7263b6abd189dc18594,0xdead814878860885134217232939964099201083,0xd71de3cff7be0cd29eefe4a9f67fa57276059bcd
0xdd6fc573cf73701aa31834644e245d9fb5bf906d,0x78145d7ef1636a3ac6b7ef3b018f10e24409fd9d,0x79a98a9f41051e119cad1b9ffefe523cd0be65f0
0x41b0ab013d27075e683d5ee9091a2d6ad8c4eb25,0x78915ceb50028538e57d83f3b7d7064bf57b191f
0x67436a2c32f8e72e9de5bcf1b5f6fff8172d4ad2,0x1d4c62a18d1513e7332d28500e6d73988fa8c4dc
0xa7e88618b02f97917bc6852132b23d91e7d64544,0xe5b3ad40ccfb8e4365eb33ebd2df86dd272bc95c
0x5fe4e7124d1da9046edc67a6499b565241be0167,0x4329a1453de890d181622888c149224873e243da
0xfa93771326c23676cd46dcb0fe2339f1199edd2e,0xd64bdb164e7ac41e4bf686a7dd7135c9e9bfdeab
0x0f02a0c35866a641ec56bb2c2f487ff072df6875,0xe0049c08182f9f5da3c548fe55fc2a6646ef0132
0x7dd4640271b84f7d023946afb2b85e7964c21fa1,0x5f056645e314475f54891197c1e97d46b4cc43d4
0x970e86b1321c7064cc7d79a26f4cbce8882bc41c,0x628dd55e202d16e73bb8deb1105b6220f176808f
0xbdbf4dd16c932ab149e708fa9081baf80f09dd3e,0xe747451b6978e5509f370c5b3443968bb26989c4
0x02d373f46d4a90db5f3a48d1457e49bfa2493234,0x1cf650abb1a7083211a6a3e73fffe41b0e8b832a
0xb3ea99eebd6020f7f89f374e0b8d65060071b2be,0xbf2954ebfe3c6b55aa41c73a25ffe8f0bc9f3b7b,0x83717b598182d09f2efd29b7d7a2470377432ffc,0xb83c15a93b65a57c59a568068dfee5da911146b8,0x678783721b49a5d079f4aadf12c91049ebf7b3c1
0xf05c0babebc410e665f43b8213b32b12dfe131d0,0xb3d16c96646854da112be44b50d7118200ff2ead
0xd83b065e0528922257c5c3b18d08d0f81e42bbcf,0x3f939ea047178f56f59775400488dac03d36fe2c
0xaca11ad3410aebbedd3f5fa4be9b7742f9c04fbf,0xe30dfd926bb7cdf5dfa848109b9f2a61a3f13c5e
0xbad5e2bb1e2dd903e9c1609f93c4974d83432656,0xbe3c2d83fbca8a70f7d22c1057b041d8a2668f13
0x60cf9d61370d44ccf55289aebea33a072d9f93bd,0x4fb388749f90f06ee8dc5183221fed048bf4ce97
0xc61429117038a1f13881dd7410b80771f28e06ec,0x8bb85027b5744a50f945a55ae3abd3d4d1d354cf
0x5b33d097820a0197cdf939e050cf57ecba11279a,0x0e81f7af4698cfe49cf5099a7d1e3e4421d5d1af,0x0665cd1262597f98f15f4cb3616f43e939880ab2,0x6d7879688cfe21cab00ec269c8b02b0601ee86aa
0x1a8d87fc8a513d353038de7083bd1243d5379712,0x023010bd0339f933fa4fcdd89fb53a4922b5ed63
0xefd7741a933cecc23e64e062c1d42641a9dfcdfc,0x09bdff1a9d98a1fb81d982ad2b192dd49a932296
0xeb4bd5231274aa4c2b97a4fa06bad9ecfcdad5e0,0x85a65f45b214debe59fd1bd16cf5735329240418
0xd958978c6256e41cd83b57af7bb937186314c16e,0xeeeed579ec1eb9bed57e432932014ae3d9e2a48d
0xd6c3f221ca53e8af0866c29bfd0dc00a35ca186f,0x36e37ab59c658dd20f4acb35ff385bdaabb7d450
0x4ad2de4ee214f84d13a2b3827462fcba07624900,0x2794642aff0969d824760f4974557ae13203b029
0x9abf927caf51d31eb2f30e0cc48ac01564830b8f,0x1242b7f61236402c9e7fdfcc627f754b9e262243
0xa0414c133bd0fc763e40f8ec038bf2be7b9754d4,0x40a16a3fa589f90f7cb9bb146d9e729838ccbced
0x2b21c94267550fdcf8a72a25f3081a2dec79e417,0x4149f044998bac5407ff1a194dc568af905bc480
0x68661550f759a41d65a8eefd3e47dd606ca76ae2,0x4706349cf2ca0ff95bf914e28ed42ad3456d6429
0x9464e2faf7a02afb6ea9c152f7fd931957568cb4,0x8e0a28f89fbc1d0a5142bbe882f9188ecfcb529e
0x14344d481dffd092bad00a052fc4c80d4924935a,0xde6a241996925225d2e13009b84094fe8c9c9124
0x0ac620484a6abb087896a0377367a199394c9345,0xb56430bb083b3af810802540ed9970ebd014fc57
0x356ee97d7d560af2e97e9f9eee56b2e09d60e6f5,0x4697d708cb5ca4581c4e0cc8c5cb0c970eaa8c42,0xdfda272c850b23752cfd20fbe3363a30a1415c94
0x36c0713183112d43d00892f4f676ae6f94d26c88,0xa9ef3cde3b45e8bcc3c77d9079d720a6dd72d053,0x14aea3f58793769a05f4f15f5c4ef820c5f4b4ba
0xe07412856edf4d0c4bca4f1cfb99b3c0b6b65d09,0x9fcbceb00d10d7b54bca210ca6dca8e93e3b1701
0x4f3ffc600f42770d671176a0f59a80e61495d9ad,0x0c206cf620d522ce2db0bbceb7cb8cc521318651,0x51d980191e12dfe0b7dcf435daf3d9d9ae343ce4
0xf6068e77601e1045ba586379f4ac9b8b287de177,0xdaf3f7f611efa83033155d23c3ebc5b52ddbaebb
0x7dd738e463ede2f4735968799b851cc5787391ec,0xdccc3c7bb99fbdcd1344c3e49acdef7c14fbb8de
0xbedc7242241e5e4428e0cedb3775efea9c841379,0xfea6737e7ef279f20fa97ae41b1ef9b8d800bc9e
0x8ca46fc986b7631fcf5e7e78c6aeeea140818b89,0xe65c93d13109847e7514be22e0ce1c9e364044ae
0x8c6d7d310b4cb2bd0183d77b4dd819b4d8deb71b,0x593d84c5627bd8291050c4c79e622b48e7a890b7
0x64554fce8fd59c620107743d7865ebcb99801a77
0xfcfac7c22a5e3440928e46444fb4a16fcddc3016,0x194b555e80549aea78f174b267a82fb9e512db2a
0x515abbe3bb0b588d84b01a6e1628f425d441dc01,0xc029f24c043d9b44e0b4506485ffc61013f1b1f2
0x71a65e525a977383ab86fdc697472c4709c801f5,0xf5279ea91b9720823b52f82999ce271e8a73a448
0xf10de86fc53fb40b87bb1782982e90365716dc22,0xd9d21ffbe9ec4ba9403c000cc1c8b0a3771f7a7b
0xaf82142faa61ce003e5cf6473eb77780013b487a,0xe4e2666b63cdec81d7f75f057399d6c22d4650e6
0xbe02c70b3031de2a17015b3afdff619309de476c,0x2f2e59527480248cb8c3a0278acbb6ce41f8f2c7
0x386e01b5dac730f4ce4f58d905bf4d2fb87b8560,0xe0c79066488a15b70361ad8268d713b05944a4fe,0xe3cbbd48f3d6563a4f734ff76e984e1137477c30
0x653aae7179d253b0feea6112f2e0cf44039b75a4,0xfb5a215467c28a95c12bab75ae2c3d4ba3a5b044
0x969207bcf026eb24a88045e40792199757bd4842,0xa426dad0179b6a374a47164887845a29ef832ec3
0xcf8fcb37b7e4af7e2f79a6ff813b4d899ae70bdc,0x2fe09e93acbb8b0da86c394335b8a92d3f5e273e
0x19646024176e03faa10949e8e446908e1dd9f486,0x53f371fc14c298c9b37b8fa068c5facd68384b59,0x07a73d2eaf948246ffc48740b822c916122eca85
0xfb5e2f6c20a00dd6901786bb3d70b8126c1a0099,0x167ae15b74cd20482e80f7e425b4ae6d2cc631c4
0xedefd3f723e3236f26bc597967445cc6fd7b2416,0xde0323d53375fe7de3b34cb6571471271d50d07b
0x872d645c8cef14716b333ea9358a645f0b81b438,0x81331feb7f36476f1358f331589eab5ce98e071f
0x30030383d959675ec884e7ec88f05ee0f186cc06,0x3ffba13e5e713cc435271a1c4a50ffcfa835f9d4,0xce68ae161e4669f879ba361d57d5ec56d246b06c
0xf39d30fa570db7940e5b3a3e42694665a1449e4b,0x3e3fdb0478ffed153b0a8e92d64714203d2f2d6f
0xb26ae32194e22e561d5b4dd90be16045519298d0,0x55d9ad5b5b27091152bdba05dcba640b29bfdd66
0xecb6a3e0e99700b32bb03ba14727d99fe8e538cf,0x8813f1fa585467531008581028d8af618384b1a7,0x2656d1bde8ac7a0bcb075428599116ec949b44c4,0x40ad4fe8cc954d9dea45a4d88d3fb2d64d5834a8,0x5481eccfce4303e8eeb1a648a68e8e70b5ab27e4,0x35a14c27e53542462bd433c844b8b9db465073ae,0xb551160e088709076bb1c25a33028c040e790f61,0x6ec415c5ac76393594384f24bc870bb1ce571b54,0x6eae871cf77b9b892780c51cf7259d8d65833b70,0x4c8385d477b17bf35f736217c91e6b7588dcc8c9
0x79c6e69e782582af0df2e99e2744d5f993427646,0xbeab925f6400bee188abee7f865f3a082006a8ae
0x8976e9a39b5a4d0f48a05e95a6c6ac2fb6e5538b,0x205a2385094912bb7261cba2131664d195f37155
0x87fee7dd2fec3176220b9d18ef3f52542ad8a312,0x8dbd88015f482e577aebb8381aa8667b894aa9c6
0x994de9ad657d0d048050ad7a89c36f520132fb16,0x009640b6b12c7c1df35df79348b2afec2c1c1386
0x2868f93ec36b9d95aec82b232472cdb1f5de99d1,0xc83da44310b52aff5b622f06d0e556b154268823
0x000c9d05b64167cc59ad776c2032c736a4d6e8ee,0x74afaa07f13fa34105aeb166709181a717d03a0d,0x7158e09bbc9693811bee0cf0b8d956cdf38aad16
0x7249d2cdb2082252fb9d4fcb5a5b35d78783390f,0x1bcb5e317671cf1931a2095cbc2ff1a1378a2fd4
0x0e16309fd3b93d1de7044ee4222d456ce4464c94,0xa945294c320a1dfae667789c3ab9263cadbf70c4
0xc352cbaa4b76974a6786b4f08e075621ea267fb0
0x023a5ea899df16831d6f3101f4568fddb577c887,0x0ac52adaeaa9052ce2349bef772fe229287e7c70,0x5a0077d67524491a26ee3de8ca53c0fe8dfdfc7d,0x896b94f4f27f12369698c302e2049cae86936bbb
0xffb6adac3652c36bbaeca9e64202ae521875e710,0x298301688e480d815a9dbbb7ceb74e69100bf9e9
0x99763524d43a2560fcf5836e105b713060acff6b,0xdbce6dbc7678b414c714933774648968e59a50b9
0x7a79f0be150ab25d49fba65f10bf66a5a392fdce,0xe7a784acb145bd8993e83d41adf43b7c7195e995,0x70df39b25ea7d9fa3398e801fbcc85258493fb79
0xd65bc43cbcab0296a4fdfe8c8d234febdd191117,0x57737d6f8ea0099c30c96754a436e46d4dd3fa80
0x1219dd031e709fa53a215263fb7f97b61fa8ed03,0x750b7dd06a735035d9d536551fd325be5a6df80a,0x84c63ecd49f4174067bfa1060379a7705288600f,0xc81cba70245ef4ea7cee6ba1bdb718ce118c05db,0x8a4a1914df6ed1bbc97a153d0b360c1849dbf14b
0x2b99b7fe336900282765fe93914a02ededba276d,0x1dee0306a1eecbb16dbe2bf5db391ba18813e744
0xd409cea9dd8db30504168063953ce1fa20748cab,0x718fcce4e82de60b85c45f70d3ff735fa1461bc2
0x935c6c92a2a50c7213adab8df85ba02c9d522f80,0x3002c5fd4bd56c238a08ca10e4cd433cb80b565b
0x6216c5c1abf143a5b264e80eaf1fcf1a29057755,0x483487f08921ee301779e96a4710e299261721d5,0x159bcec2bb5139f58c07e76bf9cfc6a6a043c2e6,0x2014e01eefe653901a7721fa908b0055f2eb84dc,0xd0944650d807fcd1e86baf9f846a13b00c786193,0x516a24e7691b34752772a699962e1b632fd083c0,0xa55aebcf0c1eeed4800ab42e0eba5f738ccb5005,0xbdf09185deea2e5c6fba4084a06f0c8335266776,0xd88189f7dee6e5dbd6cbc6f06fd357f4bf7f330b,0xeb5b987d3899dd14648ac7780925039d135d9ef4,0x1dbde57cc4d4b229ba83cb837d7b4891f9b3f071,0xebdf1806a954f1e55f711f08be419bbad4f9c9d4,0x93c0b8eb6dc74048417e3ba2515930689893242e,0x1da63a4ac89a514f153404cf2df24c4580874705,0xb14aa1632cfdb5c2fddaebdf2a25244c23385a2d,0x66f10a69b84c795bcf53861a6df831d8bedfb730
0x5df6a71c62895b22b73c4fd5d015526876819366,0xa60c25ad26dc98f546824baaabad145c813eee29
0x6897a3aefb9383605809111fbffd702c91910f12,0xd6f31745a5f8f8244210a20721620ce290fa2401,0x02b2f8fa9eab4daa403b13f5afc99bab8f604cf4
0xedd88ca63d7c0b9cf182afdee3852258f31961f9,0xcd8d8032613932b28f62c6cbb4373cb0bb3cde14
0x3b06bc7b205f1a827f6504244db7a8f5b0bf7dfa,0x0c660f7c155b857bcfee4b1d53e14faacd5792b5
0x1ba8edf45f3ed9026d7a1f620fd136a3182a325b,0x84e5a9f152f02e9d118ce84bb5ddec8e5e850b1d
0xfae2ba6247156cc6859ec4c76f5bed4d4f555e0a,0x269e30a0e6c498f9a3c17c56ad3fbfedeb72523a
0x20d9e73aafe69a3cd66ad7477de7358d0ed44b10,0xc3ced05096c6a3fc82988a95a6b86206b943ff97,0xcdc90b67c7e94e9dbcb6733c9edfb1116e2cec56
0xc6bfc7a788076a3cae33b5e504b8a1d5e9b187a5,0xb640b3fddbb321cacae2e16673026a9842205eb4,0x334309ac4f8c0e1329623cc9366f3db64c5b561e
0x357c57ac264a91bd78c566a26ab4b2c1020122a1,0xfc413b5d4d4fcbaf545e3a8cea07481f715b8254
0xc7df5da2cf8dcaa8858c06dada7cf9eba3c71fbf,0x45f828c9cdf410c520ecc96ce6054efba671bfdc
0x6b487ec7217bf6e0fd9b6d35cc9ca69c37d3fb81,0x431dcd7ed06e8dfd21db1fcda8a925836a2454f6
0x4379753911252e4d075bfa468b7be8bdd5def3f8,0x06e4b5703e1c72b9b7608c188fbb33b881068aca
0xc9c9aca16e3c3fa1f1fc67c499343edb96cc7171,0x0c133df3ef597ee4af29406d82f1d9188cc9c228
0x6db1d6c681a80c40e6ad4749d2357e666a641236,0xb18f7fc7d419e034ff8592c33db579171560ea93
0x2cf99df6254ec4e4e97381acb82b6615856fd34c,0xfa7744235c6d121382f44e75c28a0e36e6666adf
0x9e966a54082427d7ac56aeaee4baae7d11a6e468,0x724bab784c724839b3b68a6807bf18a311c6cf43
0x6f671fc9174e42e9e6fe76fef229674d86ba5580,0xa579d2cbf2a0af91904e8fb339b1dd66924ecc1a
0x81c7d72c532e93dab7af2ed592f8854d1ea73093,0x683c3d42325ca1beb2475f443c916832f0bd10f2
0xd334b39870e45c32cd313b0ec6095677eb4e8f29,0xdb1a6887e9826b1b1f7ed2dc981739ca116d4f27
0xcd72125a09c0eceaebb0bf79fc77ba9bd652c2d1,0x59e596736344e25414e874f2ead58ef3084b8c0b
0xb6e0746bec4c2b7780ece06caa51b51780386393,0x989fe2319fd607c9be633ae5acaa02171e10bca7
0x411a57bee8c97e2d2cbfac10a2a00200fda51e67,0x4aecb430a1bcdc4e9b5fc79cd1d72a5e1a1b8dc8
0xd002b02bbdd070e1ab9b4675f35112ce42a30320,0xbe005d55d8df07a1eae2c880da19fac336648934
0xb020936042fbf3472b6bdb34628bcca3cf78da4c,0xce1a34fccb14d13f8f6b6dcb0f3df2d140618c16
0x29520634e58c75985d192b94f16780fdc6f47060,0x3f793630ba7e7e2f6df60577987236c4088aa5e5
0x01c2173a1dfcb23c644959a5c3f57920ecd5b847,0x5935b77bdd0002c63f18f6c7f297e82b858a256c
0xa1de75473b70fb25f7c4af0bac6749c31c22574b,0xae07bc4cabc98a39c8f75f5864a1dfc68242d7dc
0xc1156386bdc8d0e232b295ee9cbd3650d38dea3d,0x3af4fe8eb4d8aff7c97d8fb213309a9c2717ad61
0xc7c9e1da4a80ad456272ea80f92ff98a485974a3,0x0a04a55b92a4a2e54e8361d5e7987a3d38575d85
0x0a95ad9d70ab45e1b95c3cc6179fa6868f355f13,0x70503c543157101fe7c98d0a7a2b70fc0a7769b2
0x373704e394ef150241aee836115d78aba3fc5c76,0x500ac9c5c527c9f38090a8573fe36a3f533f9b87,0xb53c7b5c6e8204f8b61f4cb91632d6287f1b757c
0x8977f32ca729260e8ead721bc3242bfd0b5cc2e5,0x4abb17463ebfa33cceb645f1c60deb0c7822ee64
0x6543b529094ee8ac9ed9aa81f455de34cc3be0a7,0xe16dd613ba42537f8bb071995fcc438eb006541e
0x2bc86d0655aea4efea10c8557c1155d7369e8684,0x489519cf1b56c98a31b212b58df942a35b6921f4
0x959e57f9eece81f10a556138bc3444095662b377,0x4ccde07811cdf6bb6ad150a5129324c8b5cd1666
0xbf54e369eda2c38f96c83a98c5ff1c806569898e,0x909157a7c27225bfbec45252775bd32ff3d63a79
0x3b1d3783d3a66e714761515e80ba41dce6279597,0xb157ba30e3467ddbc844f14f02b4ba741f1d549f
0x0319de76cfaa1d13baacd23062c100eb5715d71a,0xc8578c7164987a17d027f30e8fe17e13ae696b5c,0xbdf2231b4f95fceae8ec9ca828eb212338c53c2d
0x85b9d7e311a6590ddc8de3b693c172025b0c09e8,0xbd1a2e1e70953ef1278265f1401c2d2917cb796f
0x9f0b143e29d9056ffb7aa1fd985a24b839e86cd2,0x741694e63c99778bb12e6d4c3efc3e70c1aa5c70
0xc86c500c3c8bf9627aaab27e21c3a796fcd13e89,0x5ea76374cdb830248a70d03f747b4ffe6c7c704f
0x009a3ce17f89db988b4a93bd9d28331050e605b4,0x22e832a7cc7c2270b66925386bc18b96ecced2cf
0xd72769ba17e07b7c3ada382734dfca7df4457b8c,0x60be279d82c871ba1ddb54b6094775da3d3b63fa
0x8aa3bf614082a513fb40aa6441c362d6700e1c8a,0x18c4ea3599225967313398febadee82e8bea8cd4
0xe58d35add7e19702a067355fda4e6a241ab0dc19,0xe93ef5006c3b7b032c980309997817ba6ce7e7a7
0xd24f810e87154db6185404ee49e76eeffa4ed253,0xdb62b8175bdbdb9514f0911364a493304b543da7
0x5db67ce66a555126b5e04c2988f10ef097521e3f,0xcfdd6b04358b303e7b350f81ee2a89757be8b8b6
0x47091e015b294b935babda2d28ad44e3ab07ae8d,0x79b68b5e29c28177249a0c4e6c3e5c4640f79fe7
0xd29fe6de1bb7a1cf556eec5da5e4d708c0a806c2,0xacb5c99c1f9ecfb109862deb3a2779b20fe5b866
0xdc887d29f1d662c31472b9c0fafb0aa30672bb22
0x40d18b6e2cb8cba07da97fe39f3e14d3d4e6df5b,0x9a9b3a00bce0b4dc15a93e26d66ae9d8dd2e7dc4
0x8b4c1083cd6aef062298e1fa900df9832c8351b3,0xe1ece9191647c8e8d5ca6e8cc9fdf4fecc041d73
0x6b8fa13c15207cd50bc885f24176b6cf2bb2540d,0xc7a3118486d92a202246a23679a519d1d006b2d4
0x15fdd5a44730f41be065f0a4c3be0547c5b1f2b8,0x5d4e92c37e5d25d2d98ea7bbf343f54d4f106330,0x1361c1e18930483f4aaf91f3a263937e4fcc1f39
0xc6a2072dd976e023781ee3bf290664d0d41d437a,0xd14ac8d33fb7136dddea1350f8022b63c1dffbfe,0xfce9d04133701a77589615c23def7ba98289c8e2
0xf1b1c1827bf3f2d986adc03fecb0abc66c3fc27f,0x1bf53ce80ff2ed5711b8a2db8f7ea5b38da118d6
0x47e0efb79bc88fb15df89cbdebf802481b1a5fcf,0xaa64983bdb56c3c96f57f7547a2c097eeedb6e96
0x9b48ff906ee21f86e9cd0a963d67f91ba99ce840,0xc6994776013963c0ee1cda3055ff86f56d1aa1d1
0xc27bb6470a88588c21954e129d8f1721312e3870,0xdd6458eb5090832eb88bffc7adf39b0f3cdd6683
0x6d8e2261dbb239819afccc762db54359f05a59fe,0x7d556bcbc0dc463b3d0d1af9b4083896d81d964a
0x63341ba917de90498f3903b199df5699b4a55ac0,0xf4921d4d834f3b000b092b8ded1b353c95ab0d79
0xd068149f3f295d0517e7d56f9ac9ca72458e8676,0x16821d667359ad60f4e01abd195997f32c7e27d7,0x002c93452d54b6d64bfa9879fcab14a74f1bdd44
0x815dd8337a0deb619bd676cad019712d82a0b18d,0xba7d8afd2eada0e9107148f8d73b6439f13be07d,0xedb60566f3fd86c2cd9db744d59f019dae0e45a6
0x071c8d8879c447eedf1f8e902b8475a2ecaf69a7,0x328789df0049d97196573f8df15e3461916eba76
0xcefd07b9cf875152708bae6344f8a256f83c88d2,0x9313c9fbdb6d3883a4cb59b2c9ad07d8c0764f26
0x8c5f8af7a932613efe12cc25d38387e9654517a7,0x36253ed622e225836f24e01ee62e4884783f075f
0xf5806e5c1c9402dcc87e9adf47bc7bc2f18cf556,0xab52df53d9ff5237b7162cc9112964cb7ad3bf49
0x15e270175f4f2347153d4d113b459590888613e7,0xfe4a0d465636ba3f6906818af88c1e01ae0d9d6e,0x4b63216c1b227bc8b7efdd5aa3fadb4cf7b5391b
0x5435bea24ffde25e593880e07ea7124e20181fdf,0xb76ed68f1d2f223e7bba5ed46cfac469b381accc
0xbb66a58a18d0022958f833adc07608eea6e697d2,0x0fb29229dd17b3394092aa7fe7940d67235bb524
0x7ea026ed2e7cb93b1af15660ad21ce01479edde7,0xb53ed7bdb5c1de142bd2093a6148b2fa433dae19
0xd08c13ee849d7e7936a57cc60cecab46c7e3b743,0xa43508090d7af61de4e91f618fe866745a208b3c
0x58caa40560eb379be08eaa43bbbe2fa499c3b19e,0xc82684cd5b169ace76039479f4a74abc514e2707
0x496bb87e17c75889f66a618dcbdc1391fb26e5f5,0x97b2bb85d797add22dabda43eda8570091ed4b03
0x7a7ebe060943650c64c5a25311bb3f89cb31c384,0xcc2915a462c052128a202e7bafb92d763154c33f,0xd53e2d7cdfe9d7429debf059b8d8d4f617a40bf6,0xf81045b77a68e3d907ac5be0e991b9e9fd449bb6,0x639b53333851f42dec3ca82cd01504b27db62c2f,0x1ad4d86910d5ea6c1544cd42f21310ff8baea1a5,0x941329b59d905d5cfc25fb26b4db5e9f6b4e5bfe,0xe78d11c344de6c318456a5e8374ddffbefc74b60,0xd1312998f58b08e88922faad118947df7216b9fb,0xaf453af923f9e8d250820e8359f6b8b7c9c5aa61
0x8ed1c9e2bc5ad174a6af959f207fc108ac671428,0x0007d40f29c7a1713b251c69f5d999f16ec09dfc
0xf7a9137c45a98b16c6d97019db20dd439869df5f,0x14acda41248e6e8b10b698836b50c23d5bdb3858
0xfef9133f0770c642a82374b89fe82ca4f9ca1b67,0x91e485e78b83abd09435ecac299319d6e9e8988e,0x432a9cb4353bed67ec5351734d4a44c0826847ae
0x4507ac1bdf4ae5e61ffcec3a9aeda312e2505970,0xa009dc6de8a0a4c3894881a00b16f527aeea9766
0x89f89d61644c6e606efb25a01210159f102fbd8b,0xb12cfc22c64d92fef063ffe964090d4e46cc45a8,0xc41505927f2572c7d183df18cccea0d27b103199
0x615e0eaf7e098bf62bb1fc1604627e8ef63bfa94,0x20dbccd46eef96a1b78383cf0d26bb575ec00201
0x482f32c3e1a851a1dc08931e3087ac5a209f3342,0xc0b86f81cb696a651237d18dd96c3265512aaaf3
0x545430b264022ad5d2e4486b597d9dd8c958ad68,0xb93cec243fabdb95debf6d9399ec739839448fd8
0xcae28f9b0baffd335df032ba714a97a71eefc5d6,0x2e92083f84075217a14fea5d3e0a3001c3fcc981
0x111111200ed2055b2a87b3d86e5a386d59ffd05c,0xc353f8689170b5a2c5547700dafec11633a1084d
0x569c6530a8fdbcf8a9967795bed367f785e32d07,0x4a1352f7a3a3b0e497ac868e5ed3589631fe305a,0x1c69b090514e0dba44788b1de6eeda98e443b378
0x9247be07ff6d98b6c79bd28c85ef4ff982837f5a,0x868a66bb9f016ab88f4a86d2eb9da299c82d3bff
0x769399d9cede28128f926e856d21eb44348cae2f,0x0d3d098ee3b08f01210cb293181dff7aa87d598b
0x6cabb56738698bc4184df67781f10369e404ffd4,0xd2344951b644315d7e213d98874153e331187480
0xa3143587d89410cc59fa2507b2e3e64c9f36c11d,0x372e7ee6677d6892952eb56308ef987d8f376e09
0xa6ac514f5950a9781bc6b28c63a1d3cb59fa8733,0xf6a242191ca16fb561403182a2c7a023f2261eb7,0x7338988e01167414724743c9a4d1d06af34d6427,0x6162759edad730152f0df8115c698a42e666157f,0x2c49e69f8fdd2d4cb9e8d0ef38d69414719d064e,0x9e1e41985048c07a68a67f632f82799baaf903b1
0xc35ebb928a5fe19f594bac3d30b04ee7072f1a75,0xae40379049d22d7cb780d3a908dded0c30be46ea
0xa89db320721f517c36b1256314ad4575f12342e8,0x7d042fabf6ff7d22c684ff73ad16785c8ab249cf
0xfe056e9e71b21226b2a43255c4972bc5f5399e55,0x7fd8493ae1ba27ef2e4ab2751879615a55dc0ed3,0xd8e749e457fcd1918c9a589bfaa87db9f8e154d6
0x1c0c694189d9c6390ea99eb7b5c9b6c983cf00f7,0xb986f1dddd113838cac4af4260ba827b27793d3d
0x1e1bbf60609fc46cce82e783baea28d89dd17397,0x9882238034fdfef9391fb1ae76980ee253dc857a
0x1f43152774a2b1041ab6c95120219e7faeadcdcb,0xfadf57685732a9f45633a84bdf4b324d1f96f6fe
0xf40c8b4ce57dba8fc57ec6f6c846902610ef81cf,0x94944cb15a7173ca473aec5127987742c9a36b29
