0xf74e3c521f39ed3a5e72e37e6b3407cdbddd306f,0xcc1db766bee970daf02e130b004fc20795d0137a
0xbba7d52b6c82ae8907cbe0b0e321892661893903,0x81477d5014adb4b4a57029c848b3df4a797ab849
0x6ee6923dad6908a6fa884ccce222467736d42a4c,0x58be6b8def9a056a869a05bcbafde11f14a01023
0x50e603a04984989837387fe4b9d7eadf4ddde5ba,0xf8099f881b367012c17217e60e81f22ac985664c
0x90cf2674b810cdb18026da7d354252059f859a4d,0xfabe4580aad1fc09636d522d4a53a4c037e055d8
0xeb9005b3bab045eb065eb789cdc68259cbb2ebfd,0xde17e39ea69a68c086cfeee63c418ba8e426e38e,0x4845db225023f869ad41c6b2e8dc24d23189c23b
0x13ab5dc3696e9546ea4e03f8029baff0050f1612,0x16e54b35d789832440ab47ae765e6a8098280676
0x84ab8591b7f25d5a753936ed37c6db4237a3c955,0xdcf88f1a0c656ad8706384df911b15c022ed6afb,0x0dc5580cc8e79fa201c5bfc0140900a739971f38
0x6688625c088094686b257785cc8134941a8e5ee9,0xf1d67dc2fea47404a1cae01c7a8f7b2257c117fb
0x9c718585806b13ec5ba8a1f13ac64916d3b14aa2,0x2504ceae20026d1144c35c47057657f031be3f55
0x5127b7f44cbbbdb6a339486e97408a6674d6b7ae,0xf670d88e9d9d46572770b6c98ae628599ff36af2
0x796308116a54086e9cef325737f37189f2a79cbd,0x3341c7c754c6c2ebf524d411849d47f87ccd8a7b
0xe4d89e7b5277903e5fdc4f0bd7ec8cff47bcce2e,0xbbd848816f74e079d22fc1ab554cb79f2bd8d3ec
0x97c8ac3135b2a0ed31a6d249d47e3af336215763,0xe484fbfc9ea524f8200b3ec2781eced5b6111ee1
0xa12bdfd8c7b816d704306ac4475ab1340672dc23,0x275b1cc73b843816c262e767c6000c718f3d527d
0x4c46f9a3da4f7f2911e29dae334ebcf09101a669,0xe747937de7db73b3c6b2a66a6d223982779607af,0x3f8238eefb55edfbe939cff9299d3d5e27207b40,0xa156a00c1237a879927ca5b3a2a97818f8456d64
0xe71fbb197bc8fd11090fa657c100d52dbb407662,0x1a776c84d64ecada985c968c3589b3c8615a1e7c
0x8bb4be67d4c09eacfee1a61f2eff40dcc4d29d82,0x540dc2aa5452e8075500d1d5e75f43892b2ba19a,0xb4af3eb6093d1e5efc64e0a667e9dd210d2db5cf
0x4a0e14ac480a3cd340c81c91d3e4c97a600ff78c,0xb909603835780496fc59899c5f35d67ac005d538
0x05c9f554d99557d7ad1ef0662da48307dee8d6e8,0x339279569b372418a761707565084d6d89922a11
0xbf2fa2085e141ee8677793815c8e873a28a7838a,0x987d9e47ee289cea750f0ec821b032facaf8aa9d,0x6d04640235cb038089772705a83aee6459d3c41b
0x8e0e252cbdca80e5166d9a439ab0dc60d04ff23b,0x9590b6bd96884036edb0f7a7edb04480246df408
0x66b7c5a8cfd77d18ca4df6fd3b057bffa044a139,0xad9afbf41e88f720dc65405973352de3b39b7023,0x65efa14168a6fc857fa97713ca4234d54e06dafb
0xc2a3cb7f50f157d5f2587f145e93a6696574d698,0x40c499fd31cd01e7d8d16fdcefa049daf7ccf67b
0x275f36a8a2f0d9626427e5c93edb74c85ac49ae5,0xb60dca433ee88a1313c846f8987240ad01a97421
0x3ff88ea59c108da5bac14d8bb87f1e6c22f6ee0d,0x390bb5c543da36d3839f65908ed6f782b264b65c
0xae5a8fa281db7ffd7046428de57a6d4aef4a2fbc,0x7a4e3eb61abc34e1965783f7e5469b357bb12cda
0x8db89388fa485c6b85074140b865c946dc23f652,0xc8029a31fba210012d5f10b69f72ac38015e6366
0xcd7d58cb8300275a4c0796e159a3429462a36f1c,0x578a4c036b28a9fcfbf3bd803bb13cb1e5810e9c,0x20508074f13a9519a1bbe83190f45fc551778a3e
0x27396eada8b5bc26cc03f9f27606b6fd3ba03c73,0xe1efea25c24cb097d2301b807038eda5f760e5b8
0x9823c61d248d6f1e6941ebffb59880176a599b8c,0x1a58dcc226afb435a09006eba87ba97f5c219e87
0x5c9516c800b12f7a43cc2992f75cf607847f6cbe,0xb00f94e0486f86bfbd5cedd0c3f995c080b3244e
0x4f50ab4e931289344a57f2fe4bbd10546a6fdc17,0xd081e371b78c8714cd79dcc8ce5723b66944edb0
0x489872f68bd0da1ca97383a97342f0e230c8f24f,0x8589427373d6d84e98730d7795d8f6f8731fda16
0x7a795f5e9c970f1ef1d47f62c3037f2e46c1d0c5,0x4ff2dba438a054908a27acc5cf0cbf1f6213d50b
0xb182f284db941b958cbb76a0bd6d4741b46c4400,0xd22a35fd9e4041b53326b26aa8c9b06faea1f93e
0xaea6e4bcd14387b15b8f3076bc8f64f83bb3e4c9,0x0035cc37599241d007d0aba1fb931c5fa757f7a1
0xa1176855da27f4ed3b89b2defd4aee06bb9ccdd3,0x621058e708b8666a0d13e6d32bc686838b3c27ae
0xf6c3d620fd7d62a9770b53f80e8e8c330e984815,0xb1132aab9f3daae85a2a74b728034882a3704c6f
0x8bb55512296ee89a71f26c059653edb157736a8d,0x6530e61a2cbbb92ce237e64c2ae9f5082d38dacd,0xd50a9c1bbc54b521132b748c25415b5a17674172
0xb00c4875c01da7a6098f6844bacbd47df8d1eb33,0x0b82da63a7318477bc0b37ad48895ff11ac443b8
0x18715d75c2685ef32d9a84e93905f5b36abd409d,0xcb5bd0f6a3675d0e19e458d64de2e428cf31f4cb,0xe2f9e2d5a58580bf1d695c0357ffffc33c01b1d5
0x7252db970d6e14be80451c47fae511cc9ae58674,0x69ea2d6332295f64cf128c77260e6e8f97b4edf8,0xb5ddda93165ca4216c5dfd57066656e6906f6cec,0xd02c0d1274bf11b13ace390609fc3c970808e29c
