0xc27601989acbbcb04eab1e25abf3e677bad26fa0,0xf1c2755dc953adda5273f7135de8c63225eef079,0x0d5a4efcd830458ef027c890061e2eeb51abe57f,0x9e4f0f9b26905b2394021e5cedd80df3d824f871,0xea9f2e31ad16636f4e1af0012db569900401248a,0x4d04eb67a2d1e01c71fad0366e0c200207a75487,0x8cdbbe8586bf8cfc96cca054d0709e3d71b362b0,0x2b9324f66b7733202261777726d8f9720285cb8a,0x40c839b831c90173dc7fbce49a25274a4688ddd9,0xc532dc06d9b91014479b2dadca76e197f166b8df,0x3aa64aa78dcde434c94064f9d4159572a95d0857,0x9c5083dd4838e120dbeac44c052179692aa5dac5,0xb4079f1e529309eff78f634cb1a82397547e9d30,0x02d5846a8a2cac9048a401235e0b2fd3e58a9edf,0x9148d5e77798bc82e4d47fa567ee356eed3e3be1,0x687d60d863e07002a3de6dcce33f066d210165d7,0xf54d81b2955832474a87a8dada4a042a05b83180,0x6d3b4e618c2df1da1711232844a88dc0554ed830,0xd409cea9dd8db30504168063953ce1fa20748cab
0xcb19bc1e672fe3c52c46e7915476c0c2aa0467d3,0xedb2d52e1449af412370e0e7f775b94eef4ce8be,0x0cf728d067646f91dcd4a1dce2080a10056c8a3d,0xefa15ef206eb1948b0a2382b5d06ea6697e417ba,0xbd19b1833c7a474b3cf4d7f583c89bd18f76606d,0xdc527e9f4e59196004b99ff288079f049e614a12,0x115e58ebafa9f42e11b71ee8235134d36c1899d0,0x7d6d4d23941a2ecc9cb94127215bcccc427f11ca
0x24742a5dca2fcc30d0855be4b10643ea75b97c71,0x142c0fe7273c37d67aef8da7a947bcf48254af46,0x38f578db565aaa2f232ad8f270c55264258e2fd1,0x7a86bee1404984701f6ca45a17e295254bb57f02,0x87499688ac327d1b1665e1a51d4ea7da2b03b070,0xeb8318fd36f7a2f331723d27dea58cd54930b524
0x10afede2cbfe25ef2d66a481cf8dee5e48f97333,0xd2c666a9ab6c6d6a7cb473230e408dc8583e549d,0x1b37e79e4d8231b7ebbbf7cb8a2d6b4c8981cd0d,0xba681f15a7bacb49ccf4a6577f2b522869db90d8,0x7692ef3dcc4d2ecd497c1a262c50ed22b925a513
0xc4fe8fd692791d18e693ac5a52990db971f45965,0xb9dfb7d9710385358b8e4c95351900f000889cb3,0x8985fffc09ac0f65e9cd6e54d555959e26320bd0,0x95b46b33b8d7cc0a804d93f5fddd7efbcb1fedac
0x39faf10c20b2cfde5066d69ff67f870d3ad0bffd,0xc6e4dde87a2466af6c77f9dea562c8eb4f4b1a13,0xe141d5da7292c0bf1db9858268334b5d41ad6f33
0xd388f82fc150c3989dace7222163a9dd334b892e,0x2acb2d3fa1b0dc3204408ce3edf2b4e5f12671ae,0xf2ed10f12bbc5e6291c2ae4852e6b716fd93d92b
0xc96aea91ec00b495b3d91dd139a206558a1c5497,0x173abe4f085ca5d2f1c40fdb7593f2b083942e2b,0xac16d248c981a3efe1bb64ce7977a5c688590f99
0x89ac42dd7d2b5d2e5f9a55bac25f983dd53a51ef,0x38b7dcdb53b84281c6868567d99aa8ad321c3128
0xe0c79066488a15b70361ad8268d713b05944a4fe,0x359dd87198b1dba545c9af6693b40152753c9e9c
0x3fdbeedcbfd67cbc00fc169fcf557f77ea4ad4ed,0xaf7f5869a382fa3c7a0792402adf95b5ae26f074
0x0d6df47d3ae23217daaf453b709e22dbd4b2c001,0xf29d772d5ed2dbe5ea64805a976ac079bae68ff3
0xb6af7c04f67b5eb61f0dc7ac4a760888ec3e3887,0xe75fe8be89d97101d1d84878bb876a1e6b12b83e
0x9e7d4185551350a252d74f86f517f248adac37db,0xbab6d90ddd59346a40197b01de01bd628ea328c9
0x7d539949c9a614b192881e933a3ba05100d6b718,0xb38883317621460fed87f3a6956e9ed8773e8390
0xcb4051c71b89621a726892706fe335ceaa70cc24,0x3dcc82112e6146d562a5092a3acaf62569352fe7
0xb0e2f19422dc4f3e44f9ed2237e0dfcbe00c9fc3,0xf6b73a073d45770d121723bec9e6cb388cb6ae7e
0xde0323d53375fe7de3b34cb6571471271d50d07b,0x2352803311893f001de15bcd1957ef950f5ecbe5
0x3993d0d846a899f516fd96d51cf8047291966678,0x4d72d4269ab46962713ca19cab8161a87684a163
0xf6a797e7472e44fcea6b1e868a54b98949929fe5,0x151a712cbf1c3eebf3ca747d165c1988b73348a8
0xf5f7f24e8cb15c748ec44ea9e049ba2285dc8f79,0xa7d52e04f7c6b4a4259c57d333549709dbbda10c
0xcebd0bc2196166808e9f6a039350bec46ca6f7c0,0x1ca42bb6d30d13ad38b54beeb7c0e1eb2abeb5cd
0x206cc2e079c33fd7fdb7b9d1db7b7b0c2c34f0bd,0x125070694c988f45c857c226609c84099b47cf82
0xd52f6bfb31a0acc04b19877d46d4ef5849054e31,0x8eeb8eef16d001d9c0d9b0221105a0fa5eb5f6c5
0xf93c57280c1457e973fd42235446782d770ce6cc,0x1335ebb4618b07106b73d6f736bfdadded5c46e6
0x16fe6b1d9d4d82b41b7f93279c8c7a4b0e6069d8,0x9cbc8017b167ad47c04fcec85043ffbfc0c47b3d
