0x466a65f974b16d0ac13ab857cc669f88c4be1624,0x6e8df51931f8675cf7e12447e1fe25b26c8775c7,0x774ff72b32ecd32f06b8e9254ff4a76bbc87ceca,0x0e453834096b192845b0f53c0134cb1efdd964d2,0x4b50d5c76cc09da60216ef1408503ed904b8a722,0xcc339ef198663a9505e90b990889a54aaeae84ce
0x7dd2907344abef9222ed529ab5a028d8cd68460c,0x3fdb0286d93278a9523ae0a0837506f8a535498b,0xad5bbed1018a3245499c0bab98971d2a0758ef43,0x47cb7eb8d667b8df8c9140b4f952f04f9fcc66fe,0x8c14ad8de8ec688198e80752bb3ae279c87e1cb3,0xa00511138d9e3270ff026a30127103708949575e
0x24742a5dca2fcc30d0855be4b10643ea75b97c71,0xb97f255b37eef7d47dbe1debbecd1f2ecfc37abe,0xcfba4ad17f0f141f17be7f585225fdc3c12704c0,0x95bd01bc6eae5cdb63a3c29b8e4d4321d4e652fd,0xa0d47f18922e983bb839541a17f24183ec9e3470
0xa16874940ed05a3d527f2ca5ad9726e1610b8631,0x6a0930e37d8c103c60646916686ee21d11acb8a7,0x54dc8300cbd217eb0ee90be2ee81b47c15f530ba,0x4ba0233fa3e96c6e974335635fb957d77449a14e
0x084ef45ae0dc964e416f5c505d87a91892253339,0x102aa209e71e117045d923a3ce54aea00de27d67,0x10919e2417b5dd7ab173f788cb526e96961ed1ba,0x550ebb3227f426ec38a94194f5e1411301af2699
0x8e135a49282863157bdb05063a54fe26dbdd2628,0xa1b16f9148b86ae38e745080facf518444efbf54,0x4d57552a17ba62915fa8929266c0e416ca674ddf,0x14c90b59f95b9405113dfedbae88fdd20c29ee36
0x042e38db6a7f4b28307853455b14704774ea9759,0x7f557d00bfbe5124b8a4138d8d610a4f00dd650a,0xab968266a2ece0130192345722703ad4df9ecd39,0xdebf84fa79e1a55a9f05f3d4339bd477a54d5e1c
0x42d1b95264dfdd3730980bf6f4390eaa65425d01,0xb6794edf882c1b10a8cdf1e84a59f64af8cf131b,0x4c26d7e8487b7962b784f4a71a4ad3f58eb69fb3
0xb09b53c80e6e86f6e8e4423e3019e7f919b305d0,0x1f192cc4540310ee85573669b4f3142d38848597,0xa46abafd28a8d6238093efc9757d6f3c2bb6362e
0xbb6c663710220c714a94c6c044c3eb1b9a7ae826,0xd6122420f40307bcb6c1831103d7357dfd0b4c8a,0x38261bf9a78ca867caf3e49a5f4b6597eac3e1b7
0xebfbba36de71f47a2f85accd518e7e86a6172c0b,0xdeb0e6be7dd26c57497777579061fdb8562f412d,0xce824663bccb32e2dad1a8f2a26b698290417b34
0x59c0291fff1aebd72b99aad8cdc08f1e4d6cbe28,0x8388d2cfe37069298f9b8002eb2f4be31aef701c,0x571c39d6bc5684da53060f2ae1f26fe065c89eb9
0xfd0fb98b099f0d0ed214391e0ef0b81a6b89e000,0x12f22b651e0dffa35d0840d422737dceef2de2ca,0x4f532e0ae9954a85e5396f3e8d1876556317bfba
0x424d5011484dd4abf2e52a5406bf225b1f50023b,0x6a2659646d9b5384c447686fd4f8db3e70dff06b,0x3626a717fb747c6c78f6f543991b509a370ff79d
0x852dafe0a86307c37f1e8e4888d50e2a55bb0282,0x26e5d0b6c729ffaea4bfa8219585be5c3beb9a32,0x9107c23b97b6770014ed5f41bc33d15c0c4d014c
0x14537b5b4590493e036dae787a0205c9c30369f1,0x26a5d743bc4bad70e02d0199864f043e2785fa83,0x16906fe850dd6641abf46eaf887b4e8ce0ba9fa1
0x8603a8df484e86acc4edccefb9ef042e4b4e3774,0x7222ea739504bdce04d0148cd8711966e63747ba,0x9a0d905b25b4d625c1bcde552eab21629ec83ef2
0x74b747892143886c13ddd30eede983161c88dec8,0xa4a50eb8bb69a0b29f03b46ba21e2a73805e2aa3,0x20a724a22582326f7ffb59ebac1c8ca90b152daf
0x25658523188d1ef73832af3d79f2b32b411b5225,0x9368345a11de1d929bea570079885421fdb02dc0,0x892416dc2b35acaef5b79de8b3e81acf24d74215
0x2bce696f3baf3d6b86b00af1a909d25b8819c938,0x1c31e146ca6525dcb100f7faf280cbdac6e19ed2,0xacd2832fdad94f8903a65c6f35576b2450bf9d5f
0x18c961fde410802e1e101dc7b661aaf99ddec5c5,0x107753c195edde2fe69e573f667a697526178a47,0xa0b3f0c07ba2bc57a44d8e3839b02425ec251958
0x0104d7a50c942735fd96ed6ab3423cac7e2db0d7,0xb76c11242a7ffcd70cf07d1ed98d5f80e3321502,0x2bc5ffc5de1a83a9e4cddfa138baed516d70414b
0x1cc2026571c422e21f6f7427d3ec72b1dc0b6803,0x121ad4daff41da6f2fd15fcb910e12f5ecd1f820,0x7c1908d49266ba2999c41b07b0895c33821f53a9
0x417f82213265add2a79ceaa0117dc370fa73b1aa,0x2da4e1daed2872e4b799954b1bad489515e9f85d,0xd09d61b483e619fa02c84f93e035a797bca4a48b
0xa2025c136089fc08854bdcdd4fd8fde4277a9027,0x55f4b291e26d2143721c7ebeb1c44660a9a5eb5e
0x0039f22efb07a647557c7c5d17854cfd6d489ef3,0xf552dde6a6e215ba1e02d1e0708d93fcf1894f38
0xb2fd47925c65c297dcfcb2f73c96dcc1f23eb7c0,0xf13ea8aedbdeecb1b8a479bb3b61852ba9dece43
0xffe30f561e1226db92f1cc10c5c70141dcc0a830,0x2c12fe83ca186cd9d13a0adaf934b2416632337d
0x00decd895c98b204408e79fd0fa66ebfe4f37a2a,0xc1284e156a10abc4948cd0371515082e7a4bafbe
0x985b3451d91bf5686917132929350df390572866,0x0e29fac5a553c6e3535b8ff34a0d0145ae3eef2e
0x11b63b6791de2dbf290f78bdf9b560d0dae90bbe,0xbffab88a4136a7f60c311f449ae9d90ed7f7ae6b
0x0b39aad8126215f38f60fb281993136eb92ec1da,0xa2ddd3e7d8935d0941ba21cd8ad814320cef3770
0x678783721b49a5d079f4aadf12c91049ebf7b3c1,0x3523481702186c04740e50396d0e1c807ce36c57
0x1da1568b597c303a337ea7cd7a7143a5633aedb5,0x74f9e66852cdfe31a49cd91fcb84e7c94a9567b9
0xefa0ae5c616f567dc9e4b608e990ae2baad40170,0xb7212b0bd9cbcf4fb76ca7bb4dd9363553545c69
0x52256ef863a713ef349ae6e97a7e8f35785145de,0x2e403b969a64bdd1ca18fe10baba4546957bc31e
0x94fc1e155c29c05613b4cafd0fda597c2d4021d9,0xae84a037440b93ec9d2a63497fa11d30d47e4794
0x1718d769350dcec8966702d9c45741ec56c2fbea,0x8f1963fba6addfe914b6bc1306c93275f4574d2c
0xab10dacad11bd58a1fa9bec74c0edc4348da4e97,0x942ed76129a22f258de23468ab4270db1a270e78
0xc08922a77140ce1aa91d419f4ac2ddc853575511,0x4873c7424b8dfa8399e53f22ce388aab6cef3d38
0x1de4d164a28ab754db59771a707c7751d2e4f446,0xe5d84152dd961e2eb0d6c202cf3396f579974983
0x4e4356a1a5645625ebcbe5931c713143645ea441,0x3c3f95bb7470343d9b153bb0887ee766054d3372
0x989957d4b57614de69db8a946cb0db8742b7697f,0xf433b8e29ffb374a8c51207cd0e2ff9737238f68
0x5fdafa42f713da392220ea6e5e096a6444448229,0xac5f6ad16b9ba91d652faec3093e49be689fe7a5
0xdea28fb451a80b48ed71bf6eeffdc10f8843d416,0x94473ada54b3c79596ac4d2746761606f09abec0
0x8f9e6dd01128cc3c148902ebfa648bfcb68ad1ce,0x8f690e6ecf47923b7ab5dce57b36c5cd9f941b39
0x7a3fd2da2811445ccb12ce4124562bd93262b349,0x2a467335b96cbdfb798e6ce4d5595d2798337367
0x1f18a352d143e9330ab6a551d620d3b86236af71,0x1f1c9175da4d2d45088439eed35612c5a72a42ca
0xd4b6f9ce68c9432e32a48846c37c1549432add55,0xb7711afdf3446090a4986fa6eea7852276226f1b
0xab95d2cd70a80469985fafe7457de81498211ed4,0x648e180e246741363639b1496762763dd25649db
0xbdf09185deea2e5c6fba4084a06f0c8335266776,0x5683528851ebe95161059182342fa78e9789adf4
0xa9edadabe54e980bfcbd29507f218340f6a59626,0x4ad86dada5ae1a0bdd3e0a7fdf620afa2fcba118
0x625e7322e8c52b7aa30ce445d4626a573281746d,0x4886055f12bd8e4ab0f9a0018f5c6d5107949eea
0x0703b1e93f4746c08058d57cf68e6fe3bb80f2cf,0xf64bd542a204afd3d593430a75c217b5fe845c88
0xb769d7e96a9f46bb5f4fe3884b3ba9dcc0e271cd,0x8ed96f3078bf981ec4f2a3d9aa37b66502fdff1a
0x0e81f7af4698cfe49cf5099a7d1e3e4421d5d1af,0x5118df9210e1b97a4de0df15fbbf438499d6b446
0x96f1e88a5dd80edee1ab6f5ba98b84d39712698e,0x04af06430a30522c30d2f0f12e49780301c1a9a2
0xf99c5de42da09c80788b132072025291d320b37c,0xa820902d82badb084f02d38b036c19444b953591
0x6b30e020e9517c519c408f51c2593e12d55b55fa,0xacacc26b44fdb92546e95e5eaa2a1a63fbc79ad8
0x339dc1df6114053ee22e3843fed1d380b6d5bf26,0x789a9fe9d50ecf6f16022b93ba90b65a4a04bf5d
