3,0xb97f255b37eef7d47dbe1debbecd1f2ecfc37abe,0x31edc47046301a9c1b615cff47b4cfd2d8bb86d2,0x07c9aa769a0c86c69e9c1f4cdc19ef55e0fd1abe,0x16a5f9043ca71c1fcbf65cada794927aa19a2b2a
3,0x2f92c8a9913619479c114401fc601faa84330649,0xaaf5feaa9e5694b2b293e67558e2da8ea4b1fb13,0x8f6a86f3ab015f4d03ddb13abb02710e6d7ab31b,0x7d12f502d6013bb0ede7cff284fae0c21b186ee1
3,0x0790b0f05030774d275c10b0c80b855e8f46f5e5,0x2a7ec30147584d21aad83e78650518237da2633f,0x1a8d87fc8a513d353038de7083bd1243d5379712
3,0x31191a8a4b5a86493846aaadb9c502bb5b2b64ea,0x5b500bf6c477270bb38395f6ce75f337079828a1,0x4b3ea5c74bf840acfe5f680841fb96e2ca39974a
3,0x72f6281f8ff76dfd88319452c36ee48f062cc847,0x0f35ef371a3b6f0ba69f30cc69c3ffc7ae98a36b,0x8f5df47880de5d6c94af3a4b3c645ae2b526a27b
3,0x63489f0a8493d84309589d75b791da315e67d35b,0x0f3b3ac549719e2d796c358a61ea26fc12ca0c6d,0x0cd184e67a68708e815bb9f3a71060cce362e10e
3,0x0d2891fec27d10a9906e00dc44a8937d73b61f06,0x00edc5d40b426b2f3c6397deaa25459dc19d4372,0xbf3c106331cca10e7a31ea421543eaa3a74ebad7
3,0xe2e4f2a725e42d0f0ef6291f46c430f963482001,0xe44799ef334df157e0f8e2855e5ebebdbc02b299,0xb83c15a93b65a57c59a568068dfee5da911146b8
3,0x0b4fdce8ab2428f2d76eb9b2f52bd6f44b9014b5,0x7be3b816b004c713a0c9cdb0168aa190dfbe933f,0x55a8077969911b0a47eed9cc0f47538911924d23
3,0x62f95d7372d1c05b2054c5b558309e5375e026ce,0x0a0e456c551ebb52ccf74a2f1748e650274090cb,0x4c85ece5bbf191d3e1b76934c8372d4ae3bf6927
3,0x42943815e7683ae48f1f5695940569369e83e6be,0x65b9e2138dcb91be48f77f234838db5fe46807c8
3,0x6c481618b0ce021622919339734ad2e79445f824,0xb3f5ab66a47c5f3dca7ee31222792f8b4ebe77a8
3,0xe14239abf00eb1eab0ef94fb29b3aaea706a6672,0x956afcb786226735daa933ec734dd8949f943583
3,0x18dc0ea962f94c837fd01d090202f85cb04db006,0x1ec67fcb27423e99d53bdc585c4f6223c8baf54b
3,0xf154d5d1120e9628a2b4d9f1141e5d06e8e3d377,0x2f0f98ae6a48452bb5630340b1be61bd71ebb641
3,0xe8384e3df2d306f5bac3537921e7356928bf9852,0x00ba8ccbf0c1ce62834d72706fe3236387f5da35
3,0x861fa5bbc70c0211f4a99e0db90044690b1297f2,0x6b367d7e5b2f2a1c7623da31cd16ddd9872c1be6
3,0x00d677afc1c6ef19b1d4a3346b5e455106dfa589,0xde64fff9dc79784d0a2b8b7f8029885ced90bcd2
3,0x3746e01970be0ac9de031d1efac587be1d7df0e0,0x9b9a9466c7063e7f9e6bb36c3bf8b445be706d5f
3,0x15a1a60756a3d91cadff9ab1825037406b473001,0xc13c37c6a3b077ef147c750a310cde3635ac7c49
3,0xc0f7cfcf7d7ab53943b085aa6f143b514581795a,0x5683528851ebe95161059182342fa78e9789adf4
3,0x9cead16ee6685f8bf6882b4bdbd6e6269fc6bd5b,0xa810227daaf85f762b8e260de3a198c446eb1d91
3,0x627d4341554a22a563f87d35f1d294b1e92e47af,0x4f246272cf7f66005c965f8a36e132c2a1ed34fd
3,0x39ff5a777494282bfd0a11251789b013953304de,0x5ebe84804485d4f49a392ab5ec618c324ab78fc9
3,0xfdef54b592130774f8a9892e43954d8eae474649,0x42097117dc0248cbbf9af5b27fd1a915f0766f04
3,0xd9d21ffbe9ec4ba9403c000cc1c8b0a3771f7a7b,0xa10753468d7eaf706a91a7ae5c021aaea2aad7d8
3,0x36e37ab59c658dd20f4acb35ff385bdaabb7d450,0xfa9dbab87da24fa3716c084cc8f9cc4f5e573849
3,0xbad5e2bb1e2dd903e9c1609f93c4974d83432656,0x683e11ba90767a500eedb99063d348a12cc713f7
3,0xa865cd070001d39d622a0448be0c48d47888bbfd,0x0e81f7af4698cfe49cf5099a7d1e3e4421d5d1af
3,0xd51ca0d0f7a73ae13f3baf955837c20c7d247f99,0x6d4df9f6f42c07b627c5afdf01740ecd0a6fed0d
3,0xa65e1443440073106fa37b833ef821d22ef20b20,0x36470ad434d2a819f378dd0be21f0a3c6f87c31e
3,0x7d47360fcbbc271acdeb9592aa3cb63a3ae9f6b3,0xe7a784acb145bd8993e83d41adf43b7c7195e995
3,0x078ab3095a4257bf7891e1ecdbdf3f09d301b152,0xdea28fb451a80b48ed71bf6eeffdc10f8843d416
3,0xfda492d05996adc973619418c8cc8e23b5a88c3b,0x3b39187e3da9d7d6a5a978eba1487fe28a59660c
3,0xf1be929f00a8fab5750a07dba4c64caf145177d7,0x8ca413942ac8ae777a670435bb8e8f2d245ac0f9
3,0xdccb896a0521cdadbfe97321e78e1667f244bc72,0x70cf957a0ac786a7e8eb8e5f69a35afeae8570da
3,0x4e8f7588b2998fa8589cb23d2ed89624f813e779,0xd553294b42bdfeb49d8f5a64e8b2d3a65fc673a9
3,0x26fcb02551496d57bb89fb85b4bee3b7b5be25c7,0x6368fdc67ecefbf8c980afb2669a0a5eba7d485d
3,0xe40526841d1e38fc69c2215a6fc6cc3dfc2eedf8,0xf998dc9db3d9fbb6094974b20860116db8115af1
3,0x987fbbf69ff9fdd7185c556741839f5805fce3b6,0x4281f6a5ac9ae6d1063555c24653fd3bd8c83de7
3,0x97ac9d67b0964a1cb344988fad3c7ac120fee6fd,0x1b33afedbbe68008e1196173f7eea482a7f28344
3,0x45fe88e9eee65b797524c6494e8b76bbe1141709,0x8eaa3947fb5bdaf2f5e15c19337fb4d2edfcabb1
3,0xdd79c02e9c8ba64927b83094b9c3483512bc5de4,0x72dcbbbf54b24d22f8be0990349032a931799ccf
3,0x4521c5bf2a77a807e5b48eaee513629519f5ea5b,0xb4434514952b394cc05e86c4b45c393ca11cb272
3,0x95954948272b5ef8ca942f8b172b7a5137852f3a,0x2509619b0e1ac120bdfb2fdcc28f316164766227
3,0x1bd3df954d282516aca7a1bafe722d8cffa53e37,0x45e6268135b14bd221fb2bc032c16226c0fab372
3,0x99787c1be3b2b686d1705c417171661c5f74b5d5,0x2e790a30b737f5184b6db205ff836d39b69961ef
3,0x1f18a352d143e9330ab6a551d620d3b86236af71,0x1f1c9175da4d2d45088439eed35612c5a72a42ca
3,0xe55ed2c7734ebb3e7e9ddaae18b1ee592a6c8a7b,0x8abdafcf80add25b9622ea9f53b2fa4a6d536683
3,0x02ebe6fb5c318d380ff8309b88fe0b27f0fe258d,0x53f8e4c357986a3ff75236e23913c1c8b7fcb7ae
3,0xa9df27dd44d012862c5e2f0ab004b6e9a23f6984,0xd4638a640d820a5f58bd27082cfe4d9d3ff3cbcc
3,0x4695b7ad9a39b3cba3b19257f2653b5879273e59,0xf0fec45ffe0fc6f9957efddec689d970d5030493
3,0x027a2fdd0051949f1b526ca904c5ec0f818f399a
4,0x25ae6e8922700e8c96719146d978afb16c0406ff
3,0x50708505fb2d13d6522ad35e03f178ac4c50ecb7
4,0x631a6c0641cceafef291034de84e03c43d28e6a5
4,0x91af7c18a22bf562abf363d7946c59e6eb21e3fe
5,0xd7e0273a974cca2442d29ba942b8dbeb6d88cb28
5,0x021dfbf0f5c3424c49230c0c7604e5af3b01d963
5,0x15ba69b9256847c3ae821aaa3e116693b0f28796
5,0x416d397382ba7fe7f611941be3c3d1bd8464cb87
4,0x5238594913581378d204ae0062e8b7ee7cecb752
4,0xee49c9bfa67e40328e990e72c0f61f4e19532ccb
5,0x00641b4f7c7c9a6e6e2f692aa91744ca0ed0b3de
4,0x1d62b92eba9de79e242d7c22ba5cc20e923ec485
4,0x3a711f9bba52947d2cd5ed4c4e672cff2f6b149b
4,0x8e50ace7f914bbf014dffa217780cf2429437433
4,0xde3be81ffe86505d5673417af569bd4c7c6ad3ce
4,0xf552dde6a6e215ba1e02d1e0708d93fcf1894f38
4,0x104bf934261181b6f8d36317580cb4385c7ea4a9
5,0x68661550f759a41d65a8eefd3e47dd606ca76ae2
4,0x8f1963fba6addfe914b6bc1306c93275f4574d2c
4,0x90ae1ba6e3d33775b97273902a06560aa6ac4c96
4,0x9efb9f2a73833c30686487d53246ab11ce96163d
5,0xb9582de18f63791aeeccd80d359ddb1bf71b010e
5,0xc39e11ca02e107f649fa312eea48b62eb3c0db64
4,0x017bf03bbf90dd7ac29a7abe3437f5ee9ca1e356
4,0xcc8f82dd4b5e56d9ae3a3fac8d916c640c48ca4c
5,0xf9b717d474726ef094773a68c5034f8de7565479
4,0x3523481702186c04740e50396d0e1c807ce36c57
5,0x3c90b8ca79b22919a55d4c9667bc4884ff9be464
5,0x40bf6afea1cffdf9c228c2624c9b3ae2c08972a1
4,0x41bde1deb60aabe97c6de17ed12566cbfe21c64a
4,0x83533a784f2856972ebe9d2ba64603ed1b51e909
3,0x9e80ef8b1329ae4088b7c799c332aa4f8a7ae866
3,0xa920ce0b05703bae5219dcd3a8e5b8520b409fae
4,0xb642750fe2e6798f3c10da5d60977bf9620731e0
4,0xc029f24c043d9b44e0b4506485ffc61013f1b1f2
5,0x7c5c7a84e0a3b7a03d57ac9d071ed7a0108b34df
5,0xb2fad35cc1eefe58746ef65b2f33d7fe4c0baea4
5,0xbbbb1e5810998581f7977e9f5fa98a3250cb809f
5,0xbdf09185deea2e5c6fba4084a06f0c8335266776
5,0xe024f317cd7ae5cf4f6c527be180f6386f4a199e
5,0x09bdff1a9d98a1fb81d982ad2b192dd49a932296
3,0x4d5494fc6565c3732a08a8f66687b60030c57b0d
5,0x68a54106bbd14937c829cbccccff96c840494abd
4,0x6dd79d7633bb2e60b3ff438b3b105b859c71c358
4,0x9677d26b32eb17a2dd449cac33be9206e48f6068
5,0xb26a0d003e9d1c8fa7215e23e7ca1e26d563d279
5,0x162d97cafa8fdc6d3ac606e2f58753eef162968d
