3,0xcb5bd0f6a3675d0e19e458d64de2e428cf31f4cb,0x516d6be6c4b0b97735597c00e1c804bbca0dd52b,0xe2f9e2d5a58580bf1d695c0357ffffc33c01b1d5,0xde506f85e4f05277e4c45a3fba795b48418bf6ba
3,0x2504ceae20026d1144c35c47057657f031be3f55,0x9c718585806b13ec5ba8a1f13ac64916d3b14aa2,0x915d110511af53464a2abb0a4673d0796d7d6d2b
3,0x9b3611abceb1550b7ff2ebd46cf6ae4319130014,0x3f8238eefb55edfbe939cff9299d3d5e27207b40,0x4c46f9a3da4f7f2911e29dae334ebcf09101a669
3,0x0035cc37599241d007d0aba1fb931c5fa757f7a1,0xaea6e4bcd14387b15b8f3076bc8f64f83bb3e4c9
3,0x4ff2dba438a054908a27acc5cf0cbf1f6213d50b,0x7a795f5e9c970f1ef1d47f62c3037f2e46c1d0c5
3,0xecdc4a6ccc177c9b0f8b8d5665e0a2afa7a84087,0x664e41f6787ab8e566e11c54b5d1182f6cebbb8d
3,0xb182f284db941b958cbb76a0bd6d4741b46c4400,0xd22a35fd9e4041b53326b26aa8c9b06faea1f93e
3,0xb8bdfc49a4f9518e07189648c5bc4c3c89658683,0xa946b9c95e0d32135645e8516ae6f912e01f3284
3,0x1af1287a8249fdf3b6aad19d4d0ed4608c462b4e,0xb60dca433ee88a1313c846f8987240ad01a97421
3,0x621058e708b8666a0d13e6d32bc686838b3c27ae,0xa1176855da27f4ed3b89b2defd4aee06bb9ccdd3
3,0x4c83d0b55fef95adab74403c232ef9cff50306e7,0x0422431c1678408b43aa57072159f98a81e16464
3,0xd897bbc360f7da4d7f6fb196bb35ffd638a1f2b9,0x977a18228129f1d5b537fd0a3050a6b401345277
3,0x2a686fdf7a3f70260502420960fb52d4b0a76a08,0xd6e4c6f39be20eb5cb20ed7399a44b3c07c116e1
3,0x987d9e47ee289cea750f0ec821b032facaf8aa9d,0xbf2fa2085e141ee8677793815c8e873a28a7838a
3,0xe747937de7db73b3c6b2a66a6d223982779607af,0xbba7d52b6c82ae8907cbe0b0e321892661893903
3,0xe71fbb197bc8fd11090fa657c100d52dbb407662,0x1a776c84d64ecada985c968c3589b3c8615a1e7c
3,0xb6067874afcf7533b459b2f799275c97395209e1,0xb4af3eb6093d1e5efc64e0a667e9dd210d2db5cf
3,0x540dc2aa5452e8075500d1d5e75f43892b2ba19a,0x8bb4be67d4c09eacfee1a61f2eff40dcc4d29d82
3,0xe484fbfc9ea524f8200b3ec2781eced5b6111ee1,0x8d2c372d2bd083f0fab8976510c6a96894da5166
3,0x12e63d9a41ca87c3009f2cf382c4fec5939e098c,0xa50ec29c6e7517e61d60992fb851888054f8b42a
3,0xa0dd62a690d570b0b791367f45f457ba3410390c,0x57ea7a177bc72be1ec306ee7f18e57f2584e2aed
3,0x4fd02195b7a9d7a88ca36e7118b31706b92cc638,0x81477d5014adb4b4a57029c848b3df4a797ab849
3,0x7121fa86eb09d5362f75465a8c8cfd6a08716d65,0x7d0cca0925adccceadd1ee304baab4cec69434f8
3,0x714ba375b5277e6c8ffb64b6484790ffb8ba09cc,0x3d5d1e3f5abd321c72a61625b183962c00eca750
3,0x5ed83cd9c376b06a0ba2beac45611ff317667aa2,0x6261be7cd8d30649d65e6202322241a26678df78
3,0x5127b7f44cbbbdb6a339486e97408a6674d6b7ae,0xf670d88e9d9d46572770b6c98ae628599ff36af2
3,0x76fea10c1af6a98369ecac54a528be461681eb28,0x1d5188384ee6d5b07478305c6bc95d4265987040
3,0xf77e05b6124015bec86a909a3e0c626c77912330,0x2702d89c1c8658b49c45dd460deebcc45faec03c
3,0x3341c7c754c6c2ebf524d411849d47f87ccd8a7b,0x5dd626e0876b8062e97c4796548ff73612461812
3,0x1a58dcc226afb435a09006eba87ba97f5c219e87,0x9823c61d248d6f1e6941ebffb59880176a599b8c
3,0xc2a3cb7f50f157d5f2587f145e93a6696574d698,0x40c499fd31cd01e7d8d16fdcefa049daf7ccf67b
3,0xbbde17bc174e9678f372fbc55f2cb1bc8d8992b2,0xabb3911e303bd66f799d0bfaf5538d5bcdd3f8f7
3,0x390bb5c543da36d3839f65908ed6f782b264b65c,0x7429bb43204c0d440a1bdc3a7bd96890f6f91f88
3,0x5ef614c90b6bebdaff21885f1147dddc032719b2,0x41db44d3d72baba6a681c4b5fa0196ac6a749888
3,0x6688625c088094686b257785cc8134941a8e5ee9,0xf1d67dc2fea47404a1cae01c7a8f7b2257c117fb
3,0x516f38634d9878144487bcd118364b1c0933c905,0xd6a9aa7f996efb8da82ced8aa37fbf86a78d35be
3,0xae5a8fa281db7ffd7046428de57a6d4aef4a2fbc,0x7a4e3eb61abc34e1965783f7e5469b357bb12cda
3,0x0dc5580cc8e79fa201c5bfc0140900a739971f38,0x84ab8591b7f25d5a753936ed37c6db4237a3c955
3,0x41eebd2d48f144e1fe552e9260d7b99e4d527c6c,0x4d645401f71f202592e635881c7e1adf10423e29
3,0x66b7c5a8cfd77d18ca4df6fd3b057bffa044a139,0xad9afbf41e88f720dc65405973352de3b39b7023
3,0x8e0e252cbdca80e5166d9a439ab0dc60d04ff23b,0x9590b6bd96884036edb0f7a7edb04480246df408
3,0x501d27433cb6b7692fed455ba9f28be744983cad,0x7538a786898d0f6346a0540fe8882f890127c16e
3,0x16e54b35d789832440ab47ae765e6a8098280676,0x13ab5dc3696e9546ea4e03f8029baff0050f1612
3,0x4845db225023f869ad41c6b2e8dc24d23189c23b,0xeb9005b3bab045eb065eb789cdc68259cbb2ebfd
3,0x6530e61a2cbbb92ce237e64c2ae9f5082d38dacd,0x8bb55512296ee89a71f26c059653edb157736a8d
3,0xa12bdfd8c7b816d704306ac4475ab1340672dc23,0x275b1cc73b843816c262e767c6000c718f3d527d
3,0x8db89388fa485c6b85074140b865c946dc23f652,0xc8029a31fba210012d5f10b69f72ac38015e6366
3,0xb00c4875c01da7a6098f6844bacbd47df8d1eb33,0x0b82da63a7318477bc0b37ad48895ff11ac443b8
3,0xb00f94e0486f86bfbd5cedd0c3f995c080b3244e,0x5c9516c800b12f7a43cc2992f75cf607847f6cbe
3,0x4a7c5e9d731358937a4d2c4b84b6b22a29e36321,0xcb571f68f8c6fb3e5004cd5000e83c78b185a120
3,0xf8099f881b367012c17217e60e81f22ac985664c,0x50e603a04984989837387fe4b9d7eadf4ddde5ba
3,0xf6c3d620fd7d62a9770b53f80e8e8c330e984815,0xb1132aab9f3daae85a2a74b728034882a3704c6f
3,0xb5ddda93165ca4216c5dfd57066656e6906f6cec,0x7252db970d6e14be80451c47fae511cc9ae58674
