4,0x268063dba6b30ba3eeefa1120f907ab550ddc24b,0x3af96ccfd9e04e2fc1eb38eb06a224ec969208e5
3,0x5813ad9381cd2ee714c007dc8f54606e411d0589,0x222ad0d795f1b86bcea45db800c5a4c550d8219a
3,0x06734229988e4ba7dad056fda5302621a472c30b,0xdb0c10ac26653aedefc48360c07bf00ab870bd99
3,0xcd438d3ac0b8d7490a716570f34e727a5f8f43c9,0x9b07c44b448b4898e80c1458121e08ad7aa7f423
3,0xc8b85d69c76c5cd15e18dca6d4fc0258a19a6c5e,0x8cbc7327b5fe2bce2c69fdafd58aeae83d349eb2
3,0x6c9ffc06d302120e5007d6b774a75d680a7cf165,0x26bc5cf2269cac024b106856ad37a1439cadd731
3,0xfa7273e2b30907f7ebb2ce39bca928ec2eb02e1b,0x9cc155e0f34cea9443285726744bae2749bff406
3,0x790700f73b59b5cd87680654211266ea0a52d087,0x0cc28a63a87d1808de5ec4de065ae49f9ce6ac7e
5,0x0bb72487fcdc9d621ed1580a7484dd73c9f96945,
3,0x7bc781deecb24f2c92297fc687bd5f8226c4cb9f,
4,0x8ee55302deb5cabea9bdde9a52f3ad84c9b17f53,
3,0xaaf1e9b42cc40476c20f45cc4572b12816ba00ec,
4,0xcf7ccc7d2a039a6a4ce0a94171cb33c13cc785b3,
4,0x3fff68f080d565a02ed4f7244877b0c4e28ab50d,
4,0x68154c9bc00fe172ade9ac36a84297141924980a,
4,0x68802e3e2571d32f9928cbf48d1471481cd95e66,
4,0x88b2fc96b597121eeccafbcbeb7ddd314076d2c3,
4,0x9fec6df625f399673cb166fc00637e89dc10b42e,
5,0xa2a01b4a68575280a2de45178e289da717bedb6f,
4,0xeb8c64e9672c801a2f572060b313f839e3e4e250,
4,0xfac517563bccb4cb54d1fdee0d900ece9c457c72,
4,0x0500db413c88b5de8b8f1c9fa753e6273b923bb0,
4,0x073462e90342f7b22662aa7fdb5052881164206a,
4,0x134f6cff73d02512d2e67fc1effac151888c8158,
4,0x17b2ed3d89e628669157c11a8b4394cb11c19549,
5,0x2762aae493cfd0a2d5ea298c1c560364f926f77b,
4,0x3154dbcaaabd890a8d2d2718543a1126873070bd,
5,0x369987decd26db2b72c1218ea6692b79fde04d24,
4,0x369b0e7a159a9fb1a20f49ebcd1bbf941da8c9f2,
3,0x3c96dd9e2a3815af79996aadcc4ae1cfc39b089d,
5,0x78ed1a481fc2cca559048c17bb106e3b75cc52da,
4,0x7a85782064c04ce1eef4f556144d0e5eb51e9d79,
5,0x8589427373d6d84e98730d7795d8f6f8731fda16,
4,0x8b584cf38bfe7d50809bbc2a622c7bd118a82577,
4,0xa8251a0f972a602983ae6cc8cfe4c4777653f773,
5,0xd6e02a7ed2b0e6232193dba18e1e08f491912fec,
4,0xd7b169f9e1d8826b58e47386a2df879b11a24560,
5,0xdc6631f229311f296374869729a5567870d2ac1f,
5,0xe2dc237049e2da46bc4b171ffc11aef9d455e662,
5,0x3ab49eebda3c1405a447a50d779d52f7f8c264bf,
4,0x4abc19f71bc4e0a09cd489768dca0e9dad88d657,
4,0x7afc2d6501686d7e66dda3038c90061ed354b6a4,
4,0x9e2178376af13dbb3d939fa62a8d33bf74912e3d,
5,0xbcd0381484fc550bd3a0a1de7ed5a4dd03f0a0ab,
4,0xd4814c2c6d94ddb21f75aff90a65652353bd9635,
4,0xe1149ba1477d81de13af598efff1daea364f452a,
5,0xef3ef7a9bd92875e91b9d7b8078b4c0de1ab94c1,
4,0x15fa1929837e2210667aa93e8b1454fe0acd8b40,
4,0x30db01087febd7b67dc486812b322b4867cb8ca7,
5,0x48c5973fd1783f5d22277c63f3d8c4aec69783d4,
4,0x93b4861ff43e923403a5fab829f51ad94abbc697,
4,0xa9dfa10de414f7884b437822315c26905b122b15,
4,0xb64a21c81ad0257080c845091da410bdf83de720,
4,0xe4596828f8f8f7c0532940097f55d6f7bdd68906,
5,0x031c537b4faf929a5762ec84226ed4422404e2a6,
4,0x03e7ebf39e2853936f31e2479602bcab6ee3e527,
4,0x3506a3618b667d59b459ddfbe005b89a3c4de3ec,
5,0x90b935c0fd31c234a576df2ad8134f038c36dbc4,
5,0xc5848eade0a456df2b6a708b9411dd9f98f0ae92,
4,0xc66e599fb0f427c132bc85643d55e9e964d50def,
4,0xe11c78163233c9df1f4e3327e38cdfe5f5a03e12,
4,0xe851bd3b303d2fab057d34574022e05617bf5b55,
5,0x00c1fd168f0715f9cea4010d24c2a2624f69ceeb,
4,0x193ec9fa45f92a879807e8a8c9522ec3d901923d,
4,0x2f0ce02ec3205fe938c0040f630901bf8080e38b,
4,0x42c8741f57c707903d30b98dffd07d4a51b6ea62,
4,0x47f0edb4ae92d137c8c39a4b4b063b8f719b943a,
4,0x6a3385e93b682c4cc901284dd00329294691d86b,
4,0x786e483659a7e0331e2f766635be76683bd010d4,
4,0x91b9c7fd2907ece363c3677e2df9fa8e7bbf7be2,
4,0xb8a9a860db270be9ba8e6dd35c372256d3adb41a,
4,0xc0fd4c43d2ac657c40c95a1637617b58b1d8d337,
4,0xc67362ce601e8e9932c0c76b2fa78b2b89f1d366,
5,0xcb02a3257d1065b4c1c1f7a3d21ac4ad5c5b7247,
3,0x000b44528bd735b357773f67b55923f55faae111,
4,0x0abd714a82ddfee7578447c3a3823cfcfc566176,
4,0x625834d14ed32b01a1033ec678cc3841d50a5b23,
4,0xda3fb237d2dd73fd5c29a52f1ab9e1db23c2ec0d,
4,0x9bbb55e271b1b5fc4833bdd88b753f889539de0f,
4,0xde36d7e2644b0044d6e251f7f96ca56447872322,
4,0x12d964f702db7b301765c0066a04ec4fbdb59e3a,
4,0x2ffd36cd2ba3b11f1cde2421038aa321f4ff079e,
4,0x33100c8fc2ed4605e05ee9acfafd066d862b7ce4,
4,0x472b59e608fed843ecbe6065b342dd2bd550385b,
4,0x48e821fa35378f198031b4cfd9dacaa224f6d0fe,
6,0x72e56e5b8e8c9ef162452d3991847a4feabaf0a4,
5,0x85cdf932e2cf53f8011d09a0088bf06d9dd96179,
4,0xa73b3db7975252a84969a1902bd825bef7a286ed,
4,0xc88a9618b1f22f93df3f07b71c51b7fb634bbe0c,
5,0xd25c4c0c8545919cee80acfeda084c8e30588bc1,
5,0xf05ceec05219ae1dccfb05ace4cd6304955d1bd1,
4,0x15ec59d3b96922b9e4f99e925677afeaf98f6e2f,
3,0x305ad7c8c6c2778c2e93856a3e7dc43dba697a65,
3,0x83ada44c22bf5bcd31170da91edc1862fcd23540,
4,0x915188a790dcdd06447244196694c9f8a7d2b4c0,
5,0xcbac7e254d2e026e52183322e1b8882aab4bf9a0,
4,0xd3a2b2db8908c902685e80e5f09b6dfa586aed3a,
4,0xd474fa08e5ca230c58a83e12eda4c5c75956ef86,
4,0x1296a8671c9ff68f970331e4c1e958ca4d5ee591,
4,0x2c7b641919fcfcdded49450ba59b3c4ff99abcae,
