3,0xe5ba450c41be0036cedd1dc9dea168cdf786c958,0xafa7d04a11a0205937b02bb12877691aa7963c69,0xc7040bdfc1f4cc84f4d1230467c44da609973b39,0x1fc1a1dac4ba717363d925830983b9fa53a58276,0x297ea91db2752392560f16bd4e864f9614fb8ea2,0x2b3aaec3e80afaaf89f5238f38f1f461b58e8c78,0x52a4db5670990c130d5bbfed40a0e18fa8ea9b10,0xa55378bef45603eee1699b4969e8b31b79420c00,0x7a889f12f291f65b0bc2b11d605ab7ff32fc7c7f,0xd4e204aeb7b291cead6cfee1d4fc158e54030dea,0xba352f3037c7a42c10dab3b3276e5aaf450c1fd5,0xd86366e1f40d704f36ca06787cc5f7e3f5059d86,0x9be4934319a2790a5c34d8a1676fa379f2f43667,0xf451b5a867356b1d6cb41199dccb41af494e2461,0x9d70a375219a557e573753e2b5da926071151157,0x11dcbf5059c82bc1e84ea5652b378681ab368483
3,0xc409cffd53c34d71fde44883bdb00cede6dcae8d,0xd071a38d974d68e603736badf87d83540c651c6f,0xb4b5e9b5c68345494667ae3e373d41e630483dd4,0x42dbf634c256acd17beddc1330488f1bea7b8bdf,0x8bb3a72957b0fb6e55dcccbdc6e0aa5aeca93e64,0xe37b53d82e33a0464274df3d896f5e32da2b6ad7,0xaaea274f22a2a0a75102b4f303db67197f2e3984,0xefb70e1d6315db6fad55993d6542f6865211ce3c,0xf4fc6c136f7d857cf679d18c339f62bd252e988a,0x4143285bf82812b26005f80e34ad8c6fcc2d4de2,0x55d9be6e8f6d1aae12132ffafc5abb934223230f
3,0xa1a99dfecaeb0858330e8bfb9022aeb73faf5750,0xbf26c228b193ff31d2a68d8f60cf45014a648ce4,0x242fac8d584619cdd6f426a16496504db5210619,0x048a9e6d589cd7e1488f3d83e1bb642b472aeadb,0x3c0fc0a5959c7faac2c51024977f7900697228f1,0xbfc7f183746a697a3d570a0266d0530a6f750896,0xb1960551827bc7c77c347fac46d2a0ef434afbd7,0x16ee485fc4176773c131bbfb405879e4da8bc6be,0x8dc5df60d1d3af324c0f9cd1002c21f895219e6a,0xfca2249577976caecde8ed492f54cccd89c23ab6
3,0xfa3f1aa1ca7f622f41a76c277feae6e34dce6a14,0x049ad3682c57aea5676ac3076bf592b82dc08d05,0xa215224066a5eecbcaaf6725183228b716eec0d4,0x4ec3895e5d538df29bd2fdaa1257d4208e735715,0xfe128a5ff00da1d870de2fe14882dfeebd0ca1ad,0x62ca28272102f018313a959b5e2ae87eb75d8d7c,0xe5bcb98a293a9b94cbfa814f9cdcc260328bba4a,0x45e5ef3e047760fc299542cfde806d2118857515,0x0ff05efb932c6f14c17b2fe31471fd835c7bbc21,0x4b1a187d7e6d8f2eb3ac46961db3468fb824e991
3,0x79b3f7d3f12b507850c26ec655bb523033ac4149,0x28a9a0d990d4a144e2ab989ee0d8fd5064a39673,0x724bab784c724839b3b68a6807bf18a311c6cf43,0x9c65e4ffb2486035cb30aa7de85d9c1c80377a1a,0xb5282343e26636ad1f62e71fc4a02abd751d9848,0xb37ec6591b346758ca99a0bf8d57d42f6595b2af,0xdfe7abe16ed6f6a74a3be9227ec469df62d68ff5,0xfdd48b5032e4e39b17a6966977c09abf5874a9d9,0xd41f3ea639b3ca0ffc7a1ceedd1fd17c9c4e50d1
3,0x0004844d093afb319db82a93f917226015652982,0x9d9e6c90d93e7ff0db520e737bec4012ea8ab7a4,0x9ab902622415466bae60fd592c0b0698192acc5d,0xa796e96c936d44e085f293ef8a7c8d60b8a49fc5,0x2f3b8d1b5fa62c9d2f0fb2b9827c9cf593b127d1,0x5cbdc7868d6d7f1b69f6886bc6083caeca58e4f1,0xc280598955298b72cf7e0ed5112f25863567948f,0x10d629045fc72f3f6bd668b22834f09313584a50,0x61b2a3b2548c0d678ec85b4b791409895604e5eb
3,0x196593ade7cc7edf18981c7a7dbc2e96000004fb,0x856249f620213dc9c76cb14dc32c44bc0cf8b73b,0x17bef6f4cef7a6c3f1aa94490f39cf2c4d1b5248,0x05ef09eab46a78cfc973c957ffeaeb0f8722f271,0xe0c79066488a15b70361ad8268d713b05944a4fe,0x98ef279450648f2df30868fda6d4774fcd22ddc7,0x687c121cc556038a1d44fd6ffcad6eb32245e54b,0xc9e21cb473e6c9dfc3c266cadf9ab0181e1bcac4,0xc9a7fdb8e7d4b0637365c59a03abf1f06711c984
3,0x4e124a678c92b838f11161063248dd1fa6ded311,0xc0a0bc88358cb3fca0bde06097dea0f7b1a09204,0x163773564f883e13a4c6afae830d370bba1732bb,0xc48d7f00e9ab747217319b782186c319f4304ed0,0xbd3049e2ef9ef5d4f7f86e3723af80483b105b61,0xcd0c710827179b08413a856eb3b80372ad9994a8,0x9ee9fa7562133748503200877a3a03d7d8672eee,0x8c77e3597a162e8ba0b98d71c0addb58645a874d
3,0x913014027d81d1c539ed5a4cf5b7ea3cfd358852,0x2c48f6871ff1834b001cc65f27256899feb9fca8,0x8f38e75bc86b2348700fed30c56c7c379dded1d1,0x7a84fe97f8210757b67a48a3fc5de4d93c7dc5af,0x4454b59e1980f093aca2f213f5a294b25f65a779,0xb9c6eca23d0cdb811a5e68a9af00c2087795ffcd,0x88a41cd4046dc6ec2cc14fbd5a8d2d23d630b1a9
3,0x2ddd29b569770b8c87f837f2a90c4dda9ad7eed7,0x42cc97489ad2c6e61e9a466ed67360c8ea118ff9,0xd05c7fc0045bb4d4c147e5da10df31dfa1562564,0x267fc523430d9d197aa936341277577f76c53b29,0xb788a53403a02c60a19d3cb69e3968c4366464f8,0x10edee8242640734b1491bd7f081445e8ab45dff,0x7e00eae51865355c9511b2d2ad816e000641cd57
3,0x890739cddd836fa678ad0dba0f614a085aacc9dd,0xb2277bd61e6009ee4b25da1996abdaa8b35204c6,0xc066b780259d231f5a444697b7979c9b26ab7ad9,0xea4aa3ab67f787be57aa41b567afc1c8d8fae923,0xce859561290ee3c1b860e7d07155a8e4aa87d730,0x53f81c49c994968a8ec2c2f1bf4c08904134768b,0x59e596736344e25414e874f2ead58ef3084b8c0b
3,0x76e53bb39bf7d2a639a76a6fd6f7fe9d850d4f72,0xb4901525791637c0149dc4611d941b28c99f0bef,0xd52625fb9859cd8a4ebef9dbbb18fd59efc62ed7,0x4090748e91d07e43ba44efb6613ef9004b4ab25c,0xb7b3b0c2e484d3e5a04dee09ba6571ec10c82ad6,0xcfd0cee0ea178faba9822fca183e798a80920a6c
3,0xba1cd32dcb24073155f3e91a7a1a5ed257d4eb82,0xcacc6c1f624289d0c4e98a6552b51cc162a3e90c,0x4f26bf8079c0f6faae43f77055941b0d417cd6de,0x0e5fd622f18c4fff20d8cfb115b5041383b5a67f,0xd65bfef737df73f3ed6fba0973c45a9f8607a264,0xe44799ef334df157e0f8e2855e5ebebdbc02b299
3,0x77645329c920870c84167fdf5c0db152733ad2ee,0xa6af2872176320015f8ddb2ba013b38cb35d22ad,0x03a210c32c837f3be77cc72d276f544b2f99dc67,0x94e102b8f08a5a2b584e7911e9fc60bc8c519f70,0x3d555fc27b6564939d0e91fc919aae0e81623c20,0xc0d0daaaaf3bab3738c47baf21cf3f7b8ffe145c
3,0xc1dc71d1c626f2e709825dfc7ec4e00cd7aec92c,0x09da450e39f22c831d514ee0ea854611fdc4cfbf,0xf10c7c6fad68ffc41e253a428c2a342f4d1a7baf,0x475ef4a09ff1f3ddd109beb9c32a43deda9a12cf,0x28b7ec763fd69f42eeb16ff6621e7c5f2f5e09ea,0x30dc722f3a258ccebf1aaae5881a9e5427158dd9
3,0x0b535b5e95a046eeccfc19e7ff274b2f4523b9c6,0x0902d44aeef767f78b240e3454dbf25919f9ff48,0x611428ddfaaed2119609e91eabfb5befeba793dd,0x81f23f95baf1ed7ddf4c5eaae3bd5ba3e21a4800,0x3de9a3914fbd37d5a0208d427da4c0ea817bd304,0xa8c050e2890b216e38accfa99d307abf083a012a
3,0x97340ebca6ddee77695efd2be2ff0dd4f69adeaa,0xf6d7c771172042c9e810e5c85634c5bd4aa52ff2,0x96ae5bdb75b4e84e8452cc8dea3117b14306d02e,0x9d621820a489089821fe21fd83f413440751bd34,0xccbf2ee8c01de163ada401b2356a79ec0c88eff6,0x23d4311dcdf0eddbd3ab676465497da794dbd4a8
3,0x0276a896e0fca3e54e46e3d18cb95749053ceea1,0x6cfc86606552c11074db50e72b8222aee441be9e,0x6323e3e52cd5c64e494b9738cc632efbb745aa3b,0xe3c9e09e49f75d7ec947484abf74579ea5aa0e18,0x1bb75260abd313cc0128121f8c4e2ab4ebea582a,0x0d9529329c456bf1cb952028c83183665d877158
3,0x0f6f5d352b2d0c04e3d7b1c3bdd61cdbcc828db4,0x0755f8801e84e96f69918f0007e1da6c03b9e473,0x0a123b424ee4a950db80510e22a31f21836eb444,0x5692d4ffbd0401129c704c4e19f1098f963ce090,0x90bf288a8949c47c8bcb93092535312ea09f5a29,0x79c8c196e5b55c6eb1778a064f1c3f95a87f5722
3,0x339dc1df6114053ee22e3843fed1d380b6d5bf26,0xf05a5927d9fba00f094731c1769fc77575f7619f,0xd2a08007eeeaf1f81eef54ba6a8c4effa1e545c6,0xfe05290a3f8320b2c7eabd7cf354a307fde01fd0,0x56ef482130958db9105bf7bdead637ace9bce4db
3,0xb72d92e703435d8e9e15990ff0614fa30e0d62d6,0xc8aa4885fddae5d738df6aa1197896df7d31de0b,0xd37448ad7949c4ad8eba5aad1a0afdd3199971d8,0xdf221c98492b801bccdcd87f93097dd9ad0a66a7,0xf1a910dbbc63cd47f00fce86494edf3de4746c8c
3,0x3064accd6f6a64708567ae2f3b2e5ec9ab7d2b1d,0x4dc08e24d18ae709288af9eba4a8f4bc4f9ad933,0x56a36f6784e0320a391e85697254548f3d7a36e0,0x2084d181d6d1d9910524303f1f4f46b9283d6359,0x79b7a69d90c82e014bf0315e164208119b510fa0
3,0xdefaced0b90b35789e0b1b85abffc156160121b2,0x599a449d4b7926e565f70c5d8ab6e0da90e8a786,0x87f394673a92a1a6c41fbf4e29889fad3d92047c,0x23e4595d598a44244fec9db49f9e7045b33fdd7b,0x86235985d763ccaf79b0e72fe4a4ed790d0b30ab
3,0x11df917d9bdbe2c649799f74d004148d280ea46b,0x9d5fbd4dd3435dadbc9d6137aead2ab6cb7fb2c4,0x2ab13b86b8c56f97995b0b7b54ddc7fc30403a0b,0xc0398094891ec05a9e7ad35c19ad01dc617f3e4f,0x102aa209e71e117045d923a3ce54aea00de27d67
3,0x66e3aa853b70d7ad8c8c57c1e028d2e7d8b991d7,0xa01da382be5369f95bb8a48857f1fc649bdefc2b,0x4339b3392192ea2b0b264ee94f45a897b713eb32,0x339619554792f42a8340367204c496cbdcd1d6c9,0x296dcec6c427477edb059a519dd1fea1fcc33449
3,0xab7932a44e39d429a2feeb1278281d1450a06396,0x9493d908633c35d77a9c1bf772463cf5324320be,0x864eab31cb04899344a6f32ccb394694a6aa0443,0xdc2dc733e49ed3d9492bff3e4aaa9137522ade5c,0x3f39fe982dd1bd881c2b21f3ed38ddd7e08c6d1b
3,0x34bbeb0bd19a7367e54fee3b92c456fcba0e06e0,0x9647a2d17abeac666c8ba0b227ab72dfd4bda22a,0x15dec0702c56a6ba7eebf279f49d240f42fc43b2,0xe15106fb1da3d5a101582cafa19ebbd668a6efac,0x73a396e452db5e94a1d1c1e7beb7359d371e78c2
3,0x64f4d24cbfb32d6f483b94d08133e69c6c5808c7,0x38a01b6fd5f00773d7225ec6acef5396670b8b6d,0x17478885827d88f8cac88af7ff01f12bb3eed0e5,0x695807aec2ed7eb5422462fc5445671daff87501,0x9ce8646376af59da33bd1f5ecb68b389e9a549ec
3,0x9c9adf2bb533bce41d8c585cc283215e0580a542,0x3df01beedca5e83caec50cd6fb9b749d93406af5,0x3c882d303d999a4631646050bc12e12d42095219,0xc654a505e3d38932cab03ccc14418044a078f8a4,0xe557c30ce2c90c6949f292190c1bf46a0793259f
3,0xbd7c1ab32aa52ddc79deca1b9df06f98b1420f52,0xe45faadf29e2c98ad67c2874ea10d8f990934881,0x4a218230fe067a063646503d5b438ab2686808bb,0xc57ce4bc91c2fe2e1b04edc1bd15be04e02bf592,0xf9c96572df65379ea7e038993bbdd4122f2176bc
3,0xbb609fbe082625783ca6f21ce7895055e2171840,0xfd64927aa9ab5ad95704087c264e16bcddb15e8a,0xfd196d5ed58852079864ea26726685a04944d068,0xe5033072d7b802a9aa1edc94da442734432bb103
3,0x233cd4f4040cc877cd49edd00745e8260237c088,0xe761c312e33c8919893fa09106bc9465c87aed02,0x995c3d396148f3fbd708edcbd2f494ef0a865781,0xe0165a3e16726a201fa68b0c13471c05cae18867
3,0x5d3284f07968adfb40b2c70e4c5b2298b54b36d1,0x07fd4e2d0cbb24529d5477c200a0962741f2dfd1,0xc3ec0f5015127b80d5e44ca2b57bc7a016ae0a86,0x6951f3daf05b7c5d0b9acc1f2575ddd4f5b4a3bc
3,0x9711e3681429c8c065219c3c5d6a907185deb75c,0x8e4f81436c9aaaf156b692de4c91ca0c7b2a6e9c,0xcab79ecfbd7cf1fc6062ba7b07cf21696ce5f525,0x0a4ea2fdfad07d035fa20cf13b7e8813ac5dca22
3,0x40b858bbbffd36ad903aeb948af65d4235a478a9,0xabb8b277f49de499b902a1e09a2aca727595b544,0xfb3607e1676fad90f3af7adf1631b6e1b8ecbb37,0xfdef0fd98f6a96a6f4397922c9671f94c0b1d0d2
3,0xef5e1009123c0948e2b1c2b9788eaf92af5c7e0c,0xc312cd0dceec7c700028e7c8a53931e8f4d87b11,0x0f1c01d98ae190ad2739a6075b21c2343d8b412e,0x8ee88955d76c019887904d2f309b883c6635f399
3,0xea401a3b582749d4a5695d36dd29a971334018dd,0x6f3c124ffb01ae7cc8d3593c71102043d147b3d6,0xd5133b16d51eece8b5c0b1dde9bd5b316d82b106,0xa5bd64df544411b816bb08315319298bf5e861a2
3,0xe52cf9a6a6e1060d92137955db932c0811980b01,0xa995daaa0e0d85ca20bea73621b644b0da4d44f4,0xf70ff4c186db918df5e1e13291bd5e9c29384685,0x11f1565b21833f950ade614ba2c982b438b240b7
3,0x6ca33b5edcc146614e1f8480f889c9195d2caf56,0x30d973e0be412c7150c4ad1f266e0c5ee8b8ec88,0x98f937fcc0b4ec1b3c0800bfadc9ed0fc0008b71,0x64283cc512f2cd21df5067d91c75cf579e4c0fd2
3,0xa459089be73351362f481463ad95f6aba8578280,0x6d6345c34b6e04fa92e7fecf3738a928ac0ab197,0x5b3f8af0afb2b5197b644d193cc751079c2b80f1,0x42364a05bb7c9b2e0a7e421abddcff4f0e134a20
3,0x7bbe631b94853f68c5444991c58cc5d4422ea97e,0xb59c810897b70455ae001a5fa2608c5c8f963f2b,0xfdb7a079eecedbc94f52d1cef1606bbdbfc8ec55,0xd4638a640d820a5f58bd27082cfe4d9d3ff3cbcc
3,0x5b5aa299ad946430a87024efb7ac4e50ca4f4337,0x7b590b11f20f5e942f7b39f05b6827f4787cf435,0xfda854068b102c4385777476390461a95e7f2bc0,0x1383eac800c7743894c6e84cbccd2c4baac15f8b
3,0x5050a0f3971143b284053efe8c9031bc1b8800b5,0x48bdc601735c745c4df3d7563f508b05594e8282,0x59ab1bd1531e79c52a5e61b54f30fb1dc7da0af1,0x63923ef026aff6f2cbf32308034153bef5f2c444
3,0x53e673332bbe5c93cd81d5cecaf0908fe9612b8c,0x472f88bfd9d2aaca7b740052522e6b2f9e6607ce,0x2625daf1724cab9de8a11a3e7bf902d4ab99e995,0x41bc18f19c78b139d4e54e0ba6d55a82b06c321c
3,0x23990885a539d4888e13878b7a595e6f1f377c0b,0x3523d63f8b0b6be48479f5455092bc16569ec294,0xbad2da2adab351da4335c4df43ddb99bdc8c6846,0x2cb38192f2ed3e37c5de8186382cdc03c8baaadb
3,0x608dfac245aa71becf9f2e4c4941b360a7fed25e,0xba681f15a7bacb49ccf4a6577f2b522869db90d8,0xc127c2c720e075371b75956bf10384a0e16050bb,0x0e1212b04daa889686d7e39361ae33d9afa8b79b
3,0xf9fbcbb36106c43f03caafb66af495ef496fd3e9,0xd10d8f48a5697f732cd24be3976541eba8fb8611,0xc1aa4dd73fb3f42fb2fb8f8a16adbbb6f0e4ebe4,0x5d8c38cb98a03cf3b430161ab84f859002249d9a
3,0xc5878eac190ce43ef4a2b5c6311e3b8166135533,0x033b846f9d2e235ae7d604b5034bd7c54d3a3a86,0x493949e4d9a2cda53f48a0647bf751aa1247ad55,0xac554eecd01396971abb8ba491238a6214e7952b
3,0x24e39309f3e86fc70dce020c9e823a77d135d048,0x9bddb94aa2498f2c5f01c01a44a4788b7d17f36d,0xcc3b1c2813642689e8b68695d28803e3790798c3,0xa113e112187f1444bd04cda391c41deb54df8a77
3,0xf4c51f1d5ef7ccfbed4439ecc1947c931dda2200,0xa9ed90b90e04da566ff29d08ef25e0c51da17d35,0x8500ec1aa5f18c575e920662325ac7d869828ad5,0x4cf01e31fe75ca1f8ae0630f30a4f2d945a41454
3,0xda02f6b9566179ccd6d82ba7ca4ed9d110a17c58,0xb87b63b61e6af0ab4fd143a145f0d6ac11111111,0x966d4435873b9581a2083f0e1a2322d14fdc9175,0x8fe5e23275bccb1ed002d764a8c48146c6d3add1
3,0xcdeb203d7ef7117bd6bafb87a1e41930e4325488,0xe2ca7390e76c5a992749bb622087310d2e63ca29,0x77fcd9cd1bf95c629b41803361acac44a97dafea,0xe222cbb842b2ec8b76c2a06c2851b2d4a69c79d1
3,0x5f376792ebd1f85cfce43445c8861c0d58f8e22d,0xcc23806a334aef84142d603244d8dd3b4e7dde5f,0xa9f431e6fcee0ad28fe5946c670ba94324446de2,0x478d71d074ca1e3ac622b2584dad28342902192a
3,0x9894b173dba151dd89af7ffa557f78b589232ee9,0x4c54b26877b7cd8613e8eeb5761aa01ee7128bc2,0xfed9c6b45275f322b983aee0f9e9f278fcb0136f,0xcc573ef1522af4e413c8d0aaa14d6b4f6924f274
3,0xdf9ccb0725191d044c8ce13cd3f5638bac63bcb4,0xd56030ed8fdb5f50ec2c33a6c6358ec2d4afb945,0x0df77bd912624ab50619e180c7d8ed6235e45c9a,0xc79dccc06be0cc3c25a6bd61b3f2f6d9418b4a60
3,0xb34c9eb877dd9e5ccc1a66cf0fcc657188891d58,0x542530cbc454e60ab96000dae935c81fe8cf1897,0x1013dad7ad075bf2d1a6e30a025b5338e5857cfe,0x0060f44b0862c22afb730ae4469d96409422ba03
3,0x31989511c02408bcfef781f678c794bf95e3c23b,0x549f841e686e9c44a04abb8d16f9f32197ee1a24,0x6a371d07bb054cb75b5ad1ef943d64f54bf3f318,0xbe571568050fddab40be185490e244c5c2b687c8
3,0xb58ef33afa80b919f29f75ccef6abc6938f30db1,0x80b9e6048eb0c518adc77418f6d14fa76cb76cee,0x6fdaddbac7cd31ab5a10bacc4ce94139ad62596c,0x17b6a62e2a50567dfbe0a56b266665b348b75027
3,0xbd631c070a5f92a64ea7eaa82ccaf47e1a403801,0x9abd86b849aafa01e4f383690cd1d5595c2b2458,0x68cdaaab877a9d3f5d26080188f701a01f890765,0x4e1ef664b84ed806fb48a1e4a363b52c08aef71d
3,0xab165f4464e829663d46a5989367d26c9ea1433b,0x4949d5dc79ea4d5c006056e33b2c50fa8d9db957,0x996f5ccbf2856137744603b382de559b78a096fc
3,0xfda4c65985934043412fdfabf3f11552b9a6932d,0xcda4fbbc7345d74fc89066c3b5349269832e118b,0x8047374b9772b3b13d567bb2508d42f4861d1b6c
3,0x45057addf5161abe4556abd6af8a0abb03bd191b,0x1dfa4bce737157d0f223b56263b136943cd28b32,0x6b4f384cd9213a46c3d454fb8a4989fa8f5ee4db
3,0x1ee72504fb086f37ad83cfc70cd51fd9e0716cd0,0xf62d2f7edb3801672653ba7fa865fd3e2f40e4d7,0x5683528851ebe95161059182342fa78e9789adf4
3,0x57255afa702ea4cd5d089d21ad3ed52cac987fd3,0x605021106117b30b63a23da25f7637ab5d7cf794,0xcfa32f42cb32c77edb7abcc6a6ded2bf7209f7ce
3,0x663379d97d12ec83d0c568545853559fae50b4ae,0xd2aace64b327bb525ffed142f6f2dfdade547b0f,0x3386f8f72dfcc2008d65606b43485ca1652ffabe
3,0x4437b05d4c65c0750ae9addf083df28551a45470,0x6c0a833c0d1f2a8e6d60129dc2c2259eb4892ff9,0xd3a2da5d72e249736e755581b25abd13f8501f2b
3,0x6ffe4f3bf02d89079ef844fba003d0db702a2884,0x74ebcf945c0526f4fb3f694a5eaaf0dee0e81e7e,0x1e69e8910e8f99bfd647c011dbc750d40da8e9d0
3,0x703f2ef708663baf0fe97e54e382c36a6c6860cf,0x607317e425678e0e3106f2a54f7093e4b3883893,0x29aabdb1cb62c48806aacd33e5d4e7b904c43a7d
3,0x3c80e892b3e7137d41f50fe52ef660d50f71acff,0xca3108424e3cc950a6b0999f83749ce71e608c16,0x9adf15bac58d3a6691b91d871068d696d360153d
3,0xac01c5e5c7049b690027156ab98e07cae12e776b,0x5506f68b6511e7f0b7d32580c603a10c27ffbf27,0x17c6a2b7caf7d242f2e42a2e47d9e541ef708cd3
3,0xaf5b70b073b522c6663b7c3694b9bdcdc8ca4ffb,0x280dd6a3add96238c47d55c64dca73cf1ca3191a,0x95b0b098229d6216c7ab5b4dbad4cb34d810101a
3,0xcbe80ef9a6387ecd1d9f17befc5ea859f4202337,0xacafb2f69e7cd0a9c9362e28f397b92b0b07a33d,0x801018f81920f65f5de4815b4078710bc62b00f8
3,0x1399ebe84efb67909a5df7099536f4885abc0485,0x799dcb1d1466bce8a40534fc60b3f6f8b18ccfa9,0xca3686e64ca09d110dc1df4d819335e660e26c64
3,0xce19d314a10ba291e7ab2e33fd9ecd2e699141a2,0x5637ed4f08bca0fe8972ce341b0367bc0a534b5f,0x10bc023029c58ac423854868a9aaa2957e5891d9
3,0x937f67acff3544e96c7beb0bc2b6cb5529317a2b,0x1d81764b79bbb8e37913fd402f5b403ddaf08bbb,0x6eeb8f5837a91abee39ae438cf55991a97c45ad2
3,0xafc5bf6b5346d26dfc0beea9da7813636a5ae5c7,0xc0ad4356058a3b39c9a57978810910a6cd4e00a4,0x614f8cce37fad2aaebbd49bd34bedecd99cfbfbe
3,0x8ab71bbc509e17c203043e993eb8665d7a9b509f,0xc58d92dde6c1c8b9700bb88de25f2688b339a1ba,0x7cfbc21d1bbd3ab9f6ba5c8a80d8046370582ce0
3,0xffa235e2b771483eba609ff0b8ae838a620c58ae,0x252bdd82c7262124cdebe3607731e8a9f2320358,0x7c497e0016a5a763cc0c24358d2dc1e610bdf651
3,0x18bbc819802378e4798951d989eedf2ca4d2dfb6,0x5bf7b00941524aef5885631476ce083bacb60fbf,0xd7b6c5d86058b378d28f917b83c40758c43a0e7f
3,0x45bebaacaa000bb1edb47f937a14d085bfcc3a17,0x6e58fd99e3ef4bfb7ec6b94d150c7b6af2bd8c4c,0xc9e7c6dfeeae6e7f4df9f89965bde0c0beb94dca
3,0x1de534453370428e5f0ebe192ae324ff911c31a3,0x70b8edf3a0fe2565187d0ea0134a378fbb7774ed,0xbfa9fe0453489a73fb421cb451686e9502735173
3,0xa9edadabe54e980bfcbd29507f218340f6a59626,0xf8567fe4446121ce9a944646ae1cbbd9651fa566,0x8f99729df9e57e1f927982cb803d004378b775bb
3,0xb1858f7e132c034b7bec641d8a63fe69f01f0432,0x30563e0710610edc9c6c6f3db04eb0957210d5af,0x31f5b22ae85b46b62f06a4787d1fd14cb2d0a7d1
3,0xba29bdd8a308468f3f162b87c02afb0f7be8b601,0x3fd88fff3e77e12b82ed4e9069dabc5e184588af,0x94bd1776413c4492afafc6f7e54c030fc89894c4
3,0xfa7e306d080d171afb1b1e2406a8649c26927f72,0x3ffd3cf1e6d90b2f019367f47c36b3c623d9b763,0x5875e62c18adc5e30d5ee2a09a8577e686d62291
3,0x61d7798d71fd27d714347f8ae3285451a9f3a181,0x99b7fc20b12d8fd8b643b5895518ba88f0d445d9,0x1c3bb74524d1a7cee123cd3538497d0f72947fc6
3,0x79f246f3482b618efd6e07c5f98ddc652633c2fd,0xb1592121d30b846fb1311cb7a68a6dbbfdb9bfe3,0xfe3a899e0de9791f5568c2fa614d909d80e81966
3,0xdb91735ad2edbb517125850106d2530c45b70f05,0x75d53cc46045d5bf25eadd70b33e9d949d45b132,0x7af88d81298fd7471405cf6ec8d06148f5cf5964
3,0x82893ac7e308b7452565b124f4cb92d91bb59677,0x9986f1e83b55c890b0aec75b64c0ff1009d7585a,0x1ea67229bfb9c2137f73e3c9d157eee006f3b45c
3,0xe0a0da491dde166c5b9ce9bd07c3af6f4b0a78c6,0x7010b045a740c343f83ca32271da3a43e78ca7a8,0x30fd9cc1920b1bf7590ddeb734d264fffdd316ff
3,0x11f338c983cd9f8edb8e6c7c54c7ace28e7a31fc,0x6b0479a56728b9db8ca15914b5024e746682b1e8,0x0e5ef54d4a7d9ec96e4d4bee666be6d4d1e6fb15
3,0x18b2bd7d61ed1ae0250f8e1565ed944c21081d8f,0x13c5bcc2c35f4faf23c347a408e056d58c1cfb36,0x47c4423b0cbad236815af76e326211ec01f7b1de
3,0x2aa6d2023ad209221ea49b5689ba1f4ad1378980,0x23cc917f53ed08c028a9b60067d4de1d7db77f5a,0x728a62b9dfd33e509aa08b68aba414eda4500824
3,0x0f2c6a5912bb1d9a96780940bbd911691826bb26,0xf413afd2992dc52c27d0cb5467cc4909ad7b3e25,0x47b0d34bc548d5eaae8676086a71f42c1dfbba7c
3,0x4cc3da006906e4f84616f3ed9d8ffd14197d0ae3,0x6af48b40a6c8e4748804ef5e57f67fcdba038841,0x25cb503c7bea295c250da8ce406d4c8867441755
3,0x9694f695c11f9612feafc9f3183aa0918d6392db,0xa70930e559856f2d7842f0fc882dc25610961ae3,0x013b45319c99ebdde2390c29c5870d210cc9d641
3,0xee49c8eddab1707b32db9c9263b85f9a38609d9c,0xb63f0d8b9aa0c4e68d5630f54bfefc6cf2c2ad19,0xae7ebd19d085341770124ce356e43168a70e55da
3,0xd9efb35ee5e27d651e01ac9ba84e90c1ed151cd4,0x41f8d9cd314debcde988d128b4c39568c658cafc,0x42bccddc961fa91f6b2f92a6e0a5e0db62dd5db3
3,0xfcc8d324b940d651d46e05ed4855795595f35753,0x66b9f6a5a1d0b4dbf4df3a6912d7418acab1820c,0x2b99d34a2d45cfbf5b9d5d7595f28fd786ae61c7
3,0x4e3c6dfc42653aaec874595394984b63c351901e,0xfcc2dad2849a774836b0c6327f3edbd19d22218d,0x40cea565682eb38590a807c5f9771ded3187701e
3,0x982f5698febb2b8d1b9a560228abbceafbb11568,0x02aeff41de2742fade246252bb260f72b1c4e52a,0x5e9f387657adf2ef3cbb563ac5822ac1f229dfc8
3,0xac9be1372ab5fc54cdf4dd2afe7a678e94706e82,0xfed30cf930640bd32549784e1d19d3cb770cedbc,0x80e623364c4e902256a1ea8525582c467e7fef08
3,0x37952f1dbe7864d059e59d4f3e130015134052cc,0x041ad6828f6b71b2d2aba73432ede88a19b44039,0xb5ad8b5787c71f08b3048da91aed6f35809cf313
3,0x6766122229d16bbf8e9ba2e60c83a1673ff3ecdd,0xcfdbafa49461855157b2dc8c9abbffc7327d4197,0x161ea288055b58fb182f72b124a5d0f367b099e4
3,0x53ac01265fa2aa57b73e8048aee02166bde62c2b,0x8cbc7327b5fe2bce2c69fdafd58aeae83d349eb2,0x8a155526b994c96f5b27d02a330c3dc23d42ee54
3,0xc68750d877618c3b8051b20cfa12a54e1b86ae4a,0x71704274dfaa162e0904e102c954f1ae7cf045f0,0x8c2080d2f73a89b770d041c36b89ea395d7a60c2
3,0xb2feee1fa5444312bfa6aae2e830683a25e29235,0xa3f2fd90b367665526ddcfb9902168dbb13e11e5,0x65e471c56a2042bd0a26299ea33dea259c61f666
3,0xa0d47f18922e983bb839541a17f24183ec9e3470,0xd99a1cba9f438873c486957d5c33c23f0ab74e0c,0xab7f8be7a4218e9ad2d54171c3aacdf331b91063
3,0x9dbe82a7c0deabeb459a3e767f5cc6011da2ba71,0xdddd91875af58615a291b0991b4145340c729656,0xb2fad35cc1eefe58746ef65b2f33d7fe4c0baea4
3,0x7ed8ed2597576b06237a1e7454648dc3cb051cc7,0xea6d98df81b3458821ab6bb216292a467000b9d2,0xe20f1ca5155e9fd1f942a27b6a14bf9668016f69
3,0xf616227e8def73d92fe36354c9bc404ebb4467cc,0xe5c25d2be1f5cea8f09406c070c382824f3d2c2b,0xbb9e5f75d293322eacc9a478e39aea072f72c617
3,0xfcc48a78222bcc1a856cef199266e9acf5cab5c6,0xc06d154021f3e5dee89a793698d959597d0f835c,0x8720e7fda65239fed48cd8449961f662e9be82d4
3,0x45b0de40547b7fa4e59693e6335f6b8be63072dc,0x2463d91e1bdc1bc0f7dab1f09c5476b1e1690157,0x8c9f75937d37865c994145c69a9b17cf9ffd1aac
3,0x43b057ba8e3f5419c08cc1b0717711acf59e4e21,0x7b90e91c9d511292aa6b721996faf69d3ce6a0ea,0xa46b08e0c5f841305fdcc02578c94bccee5951b1
3,0xa0fbb60ce526d2e0e796bea7f9a0de06c8ef78a3,0x45f1e5d98b7c338cd7cdcbcecc47ddef193674b1,0x256e6582a76727a001b25be9b3598c3e8daac664
3,0xa6c7ccbce7fdb47a7ee4effb8ef17eb1d44fe7e2,0x2ce9994308dd30843514f9d88397bb1ff6043589,0x82fd36c2c82627d2782d5fb684aa3f291937ea2a
3,0xc6136d5d747350f0a9d46730c12bb6c5a14adcce,0x373fff342f15a3b0bbca144638b2d53f99ebd172,0xf0c35cf86f18b566752da6bd3164deacedd2534b
3,0xaebc13131725d0158bb6cb4010218dfa8ceeb367,0xfe3ec934b6ae284d0225d2b344d14bf5b7fb2327,0x68539256bf4dd60869d1162d4c8f0780e91b968a
3,0xf4f08bb698543c7e778a7aaf015daf8c9a625cb1,0x7ad717e80d65c47ed2144e969bdde2d55d50ff59,0xb007d77aa7c7cff6828e5a66f4f2657d748dfbda
3,0xe1ad662b5e42200a225c38751af3640e2fe8c6ae,0xe82c2c6a1569c72e23aa40f4d5a623bb6d07f902,0x4d57552a17ba62915fa8929266c0e416ca674ddf
3,0xf0697f049748bf8e7d00ff8763b7b235f372a664,0xc3b9920bb0e99a1b8f6ef60b04319966986f5b72,0xd7f850e0e78a72788d9d178d2fd59a85326feb92
3,0xfed8c0d9dc56b73c44225256ecff7c2e0ee409b4,0xeda5066780de29d00dfb54581a707ef6f52d8113,0xff8ab240089472ca5e3eea3c1e458560719d9b28
3,0x084089d80838d427531dba232c02b138be756edd,0xb53c7b5c6e8204f8b61f4cb91632d6287f1b757c,0x0ca170dc25f1ae2dd4bac85d375bb7bbd46886eb
3,0x72b2a2015570995a624231dcdd0254b4f50fd9ed,0x7a39e9fbe7245ccb80fea947fe069691a06e1f91,0x5438c4a4efc38aecff8d16ac47efc5bae18fb7d6
3,0xee27871a10dca2fbc42355262e25528df008d269,0xa2b631a11e67430997968327c01cab8c43aeb3fa,0x4f2e4c8f22a6ca2fd363244f96cbd9b930692b31
3,0x8eb947ce834119c4cafa90af524b7788858b57d3,0x77cb934184964b8e7e5bd80bc3dcd852418a8e9f,0x3537672e77ec9b538539e2db021988ddea6f7d5b
3,0xa1b687dbd6356a56bc44d0eef25e6e6f22aef443,0x9f7b8dbba8f39f23411c6b8d731c88617de7efa6,0x7950944d97230fdea168c86bf9c6d36a8c830c79
3,0x22a61dd4e9211b7d54215df087a60219f62e7d1a,0xb89152cf1c3b4634143c26031ba3c7607d50957e,0xaf745d9caa19c627536d89451ac7ac1e66b20d67
3,0xdd3181acaba74d2604480b358a281004fd42b63c,0xa69f5d3c1fb970893b3991f7137b62ea8c552f2d,0x9a4cd11c87dfc80cf13a76559eee253477a07ab7
3,0x297946c26171008ba8c0e5642814b5fe6b842ab7,0x2a553e9ab8fc7c80a1591dab8dd654db28bdcd24,0x7f5642c8ee547e0d96008d97e0b6be08b6d20aa1
3,0x3d1e3291ee17640fa15b0421f18e9d1e2091b8c6,0x012aa3a9198313d33050b63deb205af95848281f,0xfbd8533162c60cad639b81af1d7b9a872b598ec8
3,0xd2020043283c83fb75aa2a7cb3430c5fb7a0d986,0x1c041cf2a956126e6f18668bbd5845c28b0ee062,0x51eb4c4edda65fd8de80bf3ec1155a12bd271882
3,0x625f73f02fbc6402580f682cebb2b15dc0faed2f,0x2fd2ce0cd7d0dfd19c777f103600440ac23fd102,0x0b918931af47355d8f567d1b924b64280dc57b2e
3,0x0b7894e365a0f8a7e3e294ea6562071497da2f83,0x7f51b69b683f82ebbed08c07f6ff9b837b4fad3f,0x69c2e0382e80cb799220f65f275501f868ac6fd2
3,0x79d4f123647520ee7c96780cc6b9b872c1450256,0x9c154774c7b2ad01fa75db93761afa02dc22a594,0x3534b841cd24a7d7b0007491bdcb63c6e9e6bd58
3,0x7c5e495ea03d0c93504f978c31a2ca003500afff,0xa591971b64e8718de38d140013bd7b5bb62f42d8,0x6c35ac10a875338cb902693e0b8e7f9c081ae7ff
3,0x8937dd570e3cb32df77e39c0805d17e88f9d14ae,0x136bf3c78e9a2b8beb72e8a5bfcc91b366258df6,0xd1b9787c7e9063453c0c3dc6545246e558deeddd
3,0x93bc831bd6793018b18a2c612e1402b31fd55cc9,0xba045be8f6aaf66980d1c2ed791695c2867a4ca8,0x53c5e603d66093080c41924867bf5abdaad0ad9f
3,0xc01c5a90ff646978eb2009ddcea4158c04d4d21b,0xb86e8622fe0d63db38145ad8d7b2e7a4741957ed,0x5c3cde3bc55d4804d8a18a07fff71625368b58f5
3,0xdb752f175e606ba80cf4912398c49797473263df,0xca49e382d29f802a9f77f2f769b5c20bc62ff6cf,0x2c51c959484f4324a85b8e9dd77451212d9d0c8f
3,0xa34aeaba66386dcd9cbe76985049b599a126b27f,0xa23871ccfbb1309891d1b076645b4eb01e994a2f,0xd38633fef7fd4766f6a1d007ba7cf378e07e5bca
3,0xb0e8f57a2712a7f5a6a41742c538a965867b952b,0xf81073559bb0eb50a3d16848793c3c017a7554ea,0x97fd03363e30522909b8e3ad87dd8d7172c880d1
3,0xc433d50dd0614c81ee314289ec82aa63710d25e8,0x0060b918130f40b4163c7bf7a60928bef6d0a71b,0x1c2553a2f3f1672c80b1800081536d65ce80c80e
3,0xc4c0b0c058eb682197eee5b2f645f87bbacccec4,0x4a8298c22b1973a473dbcea67240d8819bd28c0f,0x69259440c8f2d4a3bd3bc1bc9e0672d53e82d1d1
3,0xd92c83f2d7e7be085997c957144b8cc03c98fc98,0x69b6fb2be2c31653985be8ee1e515f441c868e10,0xceab18da9132ae7e712180b820f28c5ce6e76ad7
3,0xe2cd330e79d14eea946ab51961f787feed61b8bf,0xc0d9324bd28d39f91e954430ce04b11ad1396a42,0x86dfaecfb7d6c4a1f7fcfcd6b8b3ff1b0e9865f4
3,0x0efd68f6977d7cba975386d04d617c422d813e85,0x822163e73e672e3f54979167eece49d3d964a510,0x7a0e7adb1b9a40a4b4656ad55102d46dfdd6c19d
3,0x6d05907fd3cf3af650b64c503d25292f25885cb5,0xf03c3d6f98d4c5d6811cfb0486d8a7b1b94b65fd,0x4660b896688d038974fed03c10b41fbafbeece7b
3,0xdd9c72a0eb3976b5d13995b7cc528c1053ded6f5,0xfb50206b9e1416e5f7939a2b26f82af0da01c56c,0x2c333494d3497aa2ebfa6384f3c2053c9a639feb
3,0x29d8001526c1fb11b1c348757330ee6dfdc122fe,0x416c9c04b9bda4ec285955103b4a7ecd12f3b4f3,0x95d738ee4e36dca69b6d3fb70e5d9ae2a1d0b732
3,0xd9fd5dbee58020f3c0d04540ecc761924a559278,0x1d7ba248350318d72808b7bdd22c3ee1bd3b92e3,0x166fab6bebe77b3dc3e92962b4626ddc2504d26a
3,0xe1da283bf0a52c0105e4ace77e6755ac465f06fe,0x261eae499aca8623a519560a82bf66f19384fddf,0x39ff5a777494282bfd0a11251789b013953304de
3,0xd20fb469b7b6c74f5a203f4e689404d5ad2d74b7,0x3385f9b73e6740e9fbb18f8b2b41289f4da1977d,0x238a8273f05cf8fb84f4bbc527f175cb74ae52be
3,0x476c960fa7777ca721ae62b3a604d94582c263ff,0xa1952115bc096cc5a84bc3b4d214b5109fc07251,0x4af7d85a133eceb3eb714d4f010ac2e2868365d4
3,0xb7f59bdcdfa1ed875ea4a316e73828fd80d2e6ae,0xdef57ccb20b1f2eaee0c64aab3280350f84cb0fc
3,0xd5703adb966bb56e18fd4659c691bdcade50f0c5,0xb044cb30535c104fbbc9735de7c97977f16b96d3
3,0x1233cef7fb8f65edc64834d89802800040ffed7e,0xc28803f28701ee5b8653acb7d9f94f2ac07f3a45
3,0x596a12806891186a6288ac0235be34a7905c2eff,0x801a23e491f754fdd8970e503681bc778f0bb721
3,0x42f317b4efe117e470802dc00267a524f5513afe,0x25437fbc9d47366954a5b7602f4861d2a19dfb19
3,0xff60622181ec2394bd62d8030c5ce4629746d0f8,0xd50641f8a0e345191c6e377db2e942af270b9607
3,0xf51674c6e96b1f6c8e0e14b9d5907dcd7d000b80,0x4535f1545dcbda82a6cacc956fc410d152862fec
3,0xeeb3c93ae414bae920af9508b3a5575032b97ed5,0x68d0d1c7fe3e85193b48b0b22710e8ac016d4a08
3,0xd5f49f1631f523e2a08f9b15d50ae9f697c70367,0x3b11059922c97812b8c4a735f1e8eb0d3d90b075
3,0x759469aeae24d090825136e5c056e2dabc9cecdb,0xc65cc02fada21d18a4eccf527c8171bee54791af
3,0xbe1bede6362263e60aa5e2d923e73afaed6a5b6d,0xbe353d2685d5fa13cc37ced4d54b7d4f0557411b
3,0x1ba9dcb4ced01c0103eae00a34379568a171a822,0xb4ad781bce2cf7ff56e4f787a1941157b6381b9e
3,0xa1deadced9ee364f47e2f32914209e61c52312f2,0x965f569181fea4b11fdcca0f5cf1df372cf81a36
3,0x01cf70c01e5172cbe734a42c000777b6f07bbe52,0x98cebbe7d0ad140bfca5707206ac617f610e6297
3,0x12eb04b57581a0688be98278afec3387dfcdc831,0x8d520068bb6568adca50fcfbbef5c27a1d8b3125
3,0x3d1465c41ded35fd2351355cfaba4c7539c471af,0x7984af11686a7fb29024635277353edf156a71a0
3,0x64fac8d8488c2bec636ebcb9e6b57d5977e77f4f,0x27cbbc5572d39f9b734760decec7ad10d5956d03
3,0x4a5f1970fb01da536ecaa1df02405f1387f0e853,0x3c3f95bb7470343d9b153bb0887ee766054d3372
3,0xeeeb14e26bfdf7cea2cc3361c1d36a75374f1f4b,0x3efc646f8021ee5a9e2b7f2f50bfbae6e1908284
3,0x012edfcecc095325d4963f9a7031ec288b23e42f,0xb718727e7c8a4646d41d8b0be5e8e2c028b9efaa
3,0x61b0f24fc429c2cba4a993edd9178bd79118784e,0x5818207eee4b098ef876da3ccaff6c633d620004
3,0x39bdbbd2d4c72dfb675dfa54493316889e04fac8,0x1d3b6491bea6fc0c1da97bbefe5d5d07df87bc16
3,0x5f72712079f1c6c3bb2ac0ae4715d07c61e0a967,0xe309f48aa45731762865b856e8642cc76304f69e
3,0xdb26963db79773af44ab0d9ab65eb15d8fb45a19,0x7904a0d615bcb14593a83da573704d4a4b49d19a
3,0xbdbf4dd16c932ab149e708fa9081baf80f09dd3e,0x2fdaf6870c7f3755c20f4afb128d9ee78d583167
3,0x30a391e506d8e754da969aa0c506fb155e9e0034,0xb961d839a07ab6df74921dd6bd4cffaeb7eb8cdb
3,0x3a63d97cdbfab89420348f297565300d789656b8,0x2ec144da4fd008da8ee19571f5edf9e228f55943
3,0xf7376cdcdd083bea8797fba3dc81865d82d9374a,0xc25693ad42f5e717614604195aac9fe37ca73327
3,0xdb88caaf2f0443149a3e76a39e4773e1cfbf3ac8,0xf3477a11f998d51df1b667b78fee8c2302d14bb0
3,0xead5b7d86c681c036c59cd00a0390541061c69f2,0x5ebe84804485d4f49a392ab5ec618c324ab78fc9
3,0x5d5842316f04afca617ad1913d9ba433c5558eaa,0xce7170723aa9b57bdb98262e7b536bd65dca103d
3,0xcd3b41683e4565e958a56b08521f228a96813eb4,0x54a4ed8d507ab86544e4f7f975546c298737b30d
3,0xb4d6eaea0009cb185b7b4907245676000b8fbab7,0xbfc9f0b7fd6f85b5cec0540e91e510495bbab353
3,0xbe2f09ea9cc97997de15860ca4db4cbba7a5d5e7,0xb64bd76327aa44b83409cb1361e54a346f829998
3,0xbac0958f535c15b7f2fbe405b35db665846692e1,0xa039e05c3d3211c92f0e13a763cec09305d10f07
3,0xa1b894a524443a0be388f2b11fa9e7ed9428046d,0xb7db256180ade510d62f41c1ca62e4fc56eec384
3,0xaca61fb4a689242f8954c3f23f95a818857c6b2b,0x1b674c332d2f04cba497625a4056e3780c306bf2
3,0xa8f43874cebe1247b269cce3d248078ca0406e14,0xa65271138b702f3c22b2c6dae34919c1bae4d085
3,0xa773603b139ae1c52d05b35796df3ee76d8a9a2f,0x65a9a136adfd2227c362a6a2e57b9f9b711984b5
3,0x9649346dd922f3e3d0d896ac3fb9cf1be7ac74af,0x3113ab5c691ecdac25c07bbf2bf80eb005e4088c
3,0x7ee7ea174dcd20b501299c9a9e7402c9ae863f8a,0x5ccbfdf588b4ea2339679d5f3638916503031ec6
3,0x292c488f839973252008025baae3fa42bc6cb147,0x742919f6cca6b24500065ddfd3879e4b02253149
3,0xf358ca932d8956b77f61834980e5ea91400419dd,0x2139f8139439fa3081d5e2da16ce2248d3efb961
3,0xdf7367264078aba5499e648dbbb60a4655f74a8c,0xf2a63c93d8c0c65160106069c562cb36fc69c96a
3,0x65acb848e52df70e4a523474358ed1b773c4122d,0xf020a302b4e550707ecbab65d112af1606eef922
3,0xef0ee5017840fcc47bfd16f3ae7799201eeeb865,0xec764890798bb78b1910c8539867efaab37595b7
3,0x03093a440a41aaf439e0718642bc4dcd899410ee,0xe62608f69697b9d4031c9dda079f7e917d04744e
3,0x752721edd8ceb5984dbbedba13c0d40547e9efdd,0xe320857cfe6563e0581839dbd4fe00e4a2e69717
3,0xbae3f76a244be1d0c4e6d66765c7030080be7ede,0x7912fc442a921ec2115b781a5518bc06eb1fbf3e
3,0x9a7f411a683d0a281a45994281c0cd387016e527,0xac0f76a8c30e23bc197d26465e7be319713c5224
3,0x6f43e965f99bb56a260a8ce3cfcd1d0584a0fa48,0xab7395185c6c62ae68d907330e36888d67f7c503
3,0x5d086d203e0cf8a84d3c9a923385f3095bedb9cc,0xa892cc14780bb01b4471edf8022b20940373ace4
3,0x6e18791cc6b27541fcdc5ba5aeeab975a9b9c79f,0xa0d13db74428d5a117659927a697d165c23eb668
3,0x42a2d0385fa9ecb3e3fdb35764eee7e8d7ac25d3,0x8c7842b90cabfc8629cdef40d9af84fcdde247df
3,0x8afc98aebe82d7f2acdb2b224ed68da49c703cc1,0x0e1f4a2248fafb5310b6fdfbde8ae5c58300456f
3,0x2aec36608ff38648964ca17e08bc105c8cc93581,0x86a9d09fc54f28c70829785fc8c71fbbf0d70567
3,0x5fc56487866ca6701ef793e55ca24ccf889825cf,0x53dd4a6d73196bebe95087a3b2bb017007ba0e3f
3,0x2824485e049e583fd9de683e2530c0502564f7b7,0x5ce51c344ef986fce1ca18f239a62c8b97302b97
3,0x5162911645fbaf07693e5be5fb52de591eb2268d,0x48d18e16ad5ee92beee68510e1c8a3891a045e3c
3,0x255a8870828617ddee62d607fe378a68188075ca,0x207c3880457c77f8e944c02fe591f0387906701e
3,0x1017905c0640a315183c4c0c269d5a14af37d2d2,0xff629135b49119fce6286409f802a67457580a89
3,0xf99fbcb4901c8d447700de66220586ced6263706,0x1290805fd581ba79170ae629d998bedcc1e00d0b
3,0xb69f98c9220c2e1b43db7d4f00f0214332ac0d23,0xec32ba36b42a4f6012c0013f95044dfc21e5f629
3,0xe609a451a6c71a273297d355422ecb4e999422a6,0xd692dbff82c9edf868042992c05f845f24186e02
3,0xe2e0f5a6c40acbd8cec92e474bfc18c2fe26ea4e,0xa7ef83a3475fbcc732ed908d69fe9af3a380d78e
3,0xd59b0b92d7eb1ac83f7f54e46e7e244894acc3de,0x73dd61e593b827f1a36d3324260a8e62e47196fe
3,0xa13fd08b9e873da32b3008f071638e31c2ea4534,0xd4af602e592a6c72a0080851c36abf40ecc4a14f
3,0xc19211103d190b7566a6408b30e5e3eb035c90df,0x898feb534da419da58f7c721e2b0425adc36eeb0
3,0x0b0cdedcca6992648b2b95632ec4a3f0586f7a2e,0xa5184718df3c2e8290e1aaaeeb7e018bd9e0a463
3,0x54e11791a1cf6d669659cc956295d782008b6c47,0xa25e590b85d90faced850cb7760288e9890c7db7
3,0x6f9e7798b21fb46bd1ca0b31cbf2f6be39490f17,0x9d3d4a03751c29a9940a8bff2ca8f6d317c7ca8e
3,0x9451f0ef7a6bbbb6466b69ca19b7944d7bb836fd,0x76c31a777a56cbc0d3ceb98c5f282e796874d3f7
3,0x7722009ee23bdc7cce67f3919be9d559d4da8ca5,0x5a1699fa4f1e8a0dbd052b7b8e887e074234c0bf
3,0x6599b3e5103ce2ca48062aa8b3f5da49ac752303,0x74001cf48ab837eb2df095d0192eb04ae3b1174b
3,0x69822e87da5c04d4de89bdd451d1be1b6a62f449,0x12ea4da6aba591ba02e9f0ac37c219090c429969
3,0x6054ac51c9557a37a237cc65a2e75f1cfedbfcf7,0x0000b00b59ad8750d108cea6c583ab6e4c9a6ab9
3,0x129d576f47ec14d6405b18cd5ceea09a1308c4f1,0x55b92b18a99a7c1c8e800a6944d66fc2395f2760
3,0x37baa0937e750a22227627404d1a0ad5d4e29299,0x2ddd7bb951076c0b2565d1719d3c825dc61b539c
3,0xbe888884c76d0e5d30ed0651fd45483203d550b2,0xe655d25144493d8c2d2c68190a84c3f8d6d99aa0
3,0x26e25e46701edddec68b7a307d01c08490d36a52,0xd7b57b212020973f4c3847b39ca48edae2c2e8b1
3,0x313177264dd125f72b21e7ea3bf9b74cd42a0bfc,0xd493611ce6c1627cc0f192cf425eefcfaa94b845
3,0xaf8c145d8580232ef7c9021af1c389ab7e2d6ad6,0x01eb4377cc71e9fca1fb6b1ce8302fe3b388c0d7
3,0xeae1d0155cf1298d7fa20ca3c29cdc0bbe365411,0x86be78a8aef2d7e5a54daa4a2f786de34137ff7e
3,0xea99e02dd0a835440f91dfed53d172595918433a,0x7ac9b4e9bca055345dc2ff652dab7f30aff75feb
3,0xe101a6b25ae817a732fe23c9a5dac90a2a1754a5,0x4d60b5e47dd8ba9c5d2a0e75825b7377e5515b9e
3,0xdc4b29c8a06fb21dd1fbe7aa1cdf1a5db67f94d4,0x762c33949e6aa8029ac122f983de675233d446b4
3,0xa85f296047e62267203fc350375dbe668bd44e5e,0xcaa1a24f416c0be85d5042ef6de2c2288f3fe55c
3,0xa0ea15b270f3d6e265fcdb5418abb5ab70e5eafa,0xc3559ca569b05eb2c6716b6574489d5fc1f349e0
3,0xb4597484beb70933518c39db4f30ce345886903c,0xb36e25807f76c15d494280523f95ac5c3a1b64d9
3,0x0cd1e18cf57a1536bdcde52a435d06532b920162,0x7d8795ec2584fc6168383686177e5d9d5d5364ee
3,0x7a421c257d8d2b49054ac65194c5dc65b517d38f,0x19646024176e03faa10949e8e446908e1dd9f486
3,0x792cf37f76af2ccde47e56e34405b5254d3badf9,0x1ee43723fe9a88b2df81f81920aaadd9f04cca27
4,0x6ea84f144de6a2b30beca731ff24a0f94964b134,0x356ee97d7d560af2e97e9f9eee56b2e09d60e6f5
3,0x598cc08d04c2499358dbfb1c07793c1a639214ba,0x49960e4520e57e22a3fbed5a845bf620dd7f8d62
3,0xf4f28f4f29b3ba67e22f735103bac850e71d0656,0x1ed7f72a25c45df4dc5b9a53af8ad5269a827862
3,0x31f27a94c039236e6d9415528f4e0495bcfbaad0,0xea9f4810f6e82231c5b93d455bb7f45d461098d6
3,0xdef6d3abfcea65acf5eb4b52b39db5725b1f7a1e,0xc73e4eea6f31e16bcea8b19172d6ab36809bc8ea
3,0xc7bbd917aa82e919822270a8abdcacc051fcafeb,0xc437731a596291a1dfdc0634668a0e2c0fd06cfb
3,0xb30a2fc1bfd4406ddc3291e84c24055143d2d77e,0x9a5c0c332a2af038d1d9877e409071c549846f09
3,0xacacc26b44fdb92546e95e5eaa2a1a63fbc79ad8,0x8d5f29ad11b0522b790947b0459193e8df079faf
3,0xa57ecb7b57fb75c5aed5a602a20e5b4b249bf58f,0x1fcb6e6b023d298428352746f23e6901e975607e
3,0x93c3a8051b8ba814eb5fb22d655681720e6a4d74,0x57bf3b0f29e37619623994071c9e12091919675c
3,0x09955b279912f1f0242f4cceb8c98a6fd39cfac5,0x9305d3b084fa269afe5a1a8ca414715d39041eb9
4,0x90e37423578a96a01d727e2cb5f8e53394951ad2,0x8d7e56529f7d5bf82da4b91f033de1bd1d44a0c5
3,0x675df3e73b3408120329b5043012c5764e6df901,0x8d2b0632b1efd1af43f61fe3f11a0fa2daf65eef
3,0x7b9deffca9356a99f95759afc6e709422d845a7c,0x60f82932ea3385b76667b2fff404a645468dfd4d
3,0x5f974cca40408c7573976bff175bd99be5d953f7,0x29bffd04d7e7f517b25a2251a3527f4a61ac74d2
3,0x4aff8e1aabe8e1ac6263806b51e7f096cda9d745,0x0000ce08fa224696a819877070bf378e8b131acf
3,0x375f4eb5419e721c42879468cdf31a6a90a811e8,0x1c0caf19fab996d3d722f106bd3044a153a6b939
3,0xe73d88636feae133a707840ecf68d1d40e6b28e1,0x005e1e8dc7418d0117cf62eb504c88beb1476097
3,0x00b1794d38ed15b09dd540f8d53ace8faf09bd81,0xe55f2ac90cba441edf77cb1893a96c573a2313b8
3,0xd6eb46002381af42b8a4008f4efe95d8667be85f,0x16cc4392ab2f5b73de3cf16309f3f4478378cc90
3,0xac02a036f8e14a42a885e76b65b0853e483640ac,0xd5c196b5b67e624738d85ab5a98534e68fd2c88e
3,0xc570daef9058686f542823823352a4d1ef9bcaa2,0x7977edd36aabce4614b9592a56ccd70461fb2cc6
3,0x8a0a1eb0bae23e4e95608e3aad7fa25b0d907c6c,0x1bc5c955cd42e28790d90814c35ab9195e174cb5
3,0xd52f6bfb31a0acc04b19877d46d4ef5849054e31,0xfcdc6352821b3e72a724117d5b56e275327d5fe6
3,0xfbe8c8e4d49016fa916d25ffc09cdadb6ecd11fc,0xb9afc3e4c79971e6ad3d26ef1ccd91f000faf033
3,0xfb6f8992d5c39f05c3a3dc606723c8b2c2013a9b,0xf4a2cafc43f66ee6787ce289ed3256c93deb4d12
3,0x5d9c13d200172bc5025636ed7ca671c331af0206,0xeeb60b3f66d576777d1fdaa6a4764358891496a4
3,0xe4fbee9db296fdc3a18270c0e8f993b0656ac8ec,0xd36c987e03b712fe2f9a24d2c07064d9035c302b
3,0x9f7d85db2165375729b558506385124733995990,0xd82b98489b1841f941bb4da36322f455d0f4abc5
3,0xd308110315d499f4beb81292ff59a8ed8713ab1b,0xb6d682c86048e808482d726324c00e9bb0a2fadd
3,0xd019c601be8823c17ea3902eac7e68e7e707dc67,0xa10753468d7eaf706a91a7ae5c021aaea2aad7d8
3,0x9ad0a5713ee36b435bb9b7ad0d56202306f869e1,0xc2d8f042b05c190695cd870852dbab9c0dbff9c7
3,0xb1e6e410e47ab975e485b3b23d52b4eb00f5a779,0x10cf3b33d1b74959276af1869cfd949a107fc6d6
3,0xa7dc12c0342e4b99b8f1f9405c9aa3b59dc8f507,0x631bc8809e4851f829fcb18aa0a4cf14523b48c0
3,0x9faa04cd0a0b0624560315c9630f36d9192c67b5,0x9e60be243a531ea59de2cd2c87013f2435d1cffb
3,0x9fa3d57bfa2116be05190ccf1c3eea59f25fdf5b,0x382bb60fa917a75bbef6451c7534a78daa0d1e9b
3,0x8d7b44ffb48c75b85f4fde74ef2090ef2d032550,0x30a4d65c07c3ab1806bd8bb2eedcf25ee3809fc8
3,0x61ff15db4ff75b180cdc3351f71fcc288606366f,0x766971b767c5b6b66027a892d95f2efc6da8fbe2
3,0x7522cbaa99b57049bbf496aeba4974a0ae96fcca,0x4088dec9e3ed74558e4e2a62f52933c669749438
3,0x3ddca43a043560603ab0512c59d759aae2d8c128,0x4d18aee1429ff720711774ab91f3bb941fae7a8a
3,0x38a03809edbfc4305012a9a1617d79bcc6e2cf7a,0x46e53c62acebbb75f6687d99e94c9c35d82de274
3,0x2809a563647952e25d00b8929846eb248fefe506,0x44955f3b1df4d36be2b18cec16b618ad781325f6
3,0x086e4c4537abad6d6df6bed1d20f7866f730b30c,0x428449fef775369dc7ffb64d6394b147c1eecdc0
3,0xf1f1a03d7ecce650d30951b5166c39e75d4d0d2e,0xa4c4cb248e626a432fc8e27b453864d4d4074e69
3,0xe2a07d98e4c1453e5f94066fc5343c7b917eaf0b,0x93dba2c0ee058ccd210c0ca95b2e087ea3f0d26e
3,0xe21688e41f49483baa702efffb2504fc49ed5457,0x2942ebe9335220fdc74a8542277a4d9c53c5e530
3,0xd754f908c4200297fa67be479400a6be92e66e4d,0xaaf5feaa9e5694b2b293e67558e2da8ea4b1fb13
3,0xd53a2ada124a94bac0f20a0fe8ba5dbaf4bb03a1,0xa820902d82badb084f02d38b036c19444b953591
3,0x1218f5098cd6cc04e35ca847b0377195d7bcb0cd,0xc4a1db4ff39d0ae2cecce74cc70750a82ae44291
3,0xa567a80333fde58814b2eef40a9851c77ecd1287,0xc19d75d57cd6d7912e8808b8518196405895d44d
3,0x93bfe5159bb6fbbd9f359f3bb4d9c6659ff79dd6,0x6795b61877abee6225637233153760d74d9ebcff
3,0x8f5df47880de5d6c94af3a4b3c645ae2b526a27b,0x184cf5f951d40b10a3eec7824d0681245d846bd7
3,0x508d228789af589e6054069291baf101776297b7,0x7160fa60b2b1f5d22dca7d5aea4a37543d77a4a7
3,0x04f2e9e40780d94203d818e6e7b8ebfceae5a6a4,0x4d6d002e7b2c7b1f0bc8d1befe9072333e99bcb5
3,0x19e68541a62f5cf90b97990449c61837f4ec3876,0x3f422dd2fb8eb913049431acc8e27d07c988e092
3,0x3cbfa8b13f72d85ba77c76b780da953c9127b398,0x2315e7e939fff35ebb037a800497aeb9dfcd94f2
3,0xe55ed2c7734ebb3e7e9ddaae18b1ee592a6c8a7b,0xb8e65f3e34acbaaf4d1192076a5cd0b23e38237d
3,0x6fec436e1d73a0fe4c5edb28507b34b534751757,0xe4b424e1ccc6f08768c921455f83181bacbfe3f0
3,0x7a61e7eaa98577583655bef705df3bd1ea0da6a1,0xdcf18c9909824e44016a07d6fbfec38f6b224e8f
3,0x98c999630ef0607aae44c6409620876be9f81a05,0xd73e1c7f0579279c510ea8381c158121f1282a63
3,0x1fc1b54fa6516897d3176b05b1aa467074c64e91,0xc13c1823557697b4c735b51f1bcb6727574cffad
3,0x63de5991fe04a693254c578188e9f405370c69d9,0xbee1cdb0de23afe4b81d41dfd2f956e4b611b694
3,0xa8900cbf3473666674417b81b77e6df96d76d97a,0xb757ca01ce8cdb5859d1109a54826c128da735e9
3,0xb1e870865a4ba50f6f802c707c42387af2e6dfd7,0x3fba408aca326798b1a81293f2bc5351252729ce
3,0xaa1ac9cd61344161a0e264095c93a78af5144dfe,0x6c3e007377effd74afe237ce3b0aeef969b63c91
3,0x4d0021bb55316f6d98cb1a98f4bc3d14c6d30562,0x888888882e90e450ee3309523611b12bd0776def
3,0x41660f3cfa8ebfda23a52516eb30b03a70dfdf37,0x0dadd999815657979743e47e43baa9bf5921bf13
3,0x2e1bbb7c78a5a534df2442909ab14ce370431e76,0x38c0039247a31f3939bae65e953612125cb88268
3,0x1ac25f06b133d816f39ffcc151f9096dd309b873,0x29aa429dbc7fad16ad4730e39a6e3fccd688f748
3,0x156f74ca460d786e9e209d9ab2678d8cd03890b6,0x1c59f234ace21c1a5e640b1d645a04922c070075
3,0xfebc2ea2fe5af2b11efdc3477f7e1727108c4a7d,0xd28b0dc6487c54f92dd33e032c8e0e8834fd05d7
3,0x8d2f9e04cc5717cd5a0bce46e0af72b7f981ebdc,0x4439b783f28f1305f2e280925d1f5b738ce4b533
3,0x8906b2b1a2bdc52dbaf8939a7f6017fdd178ba69,0x8831840d23e8d5b52ae4b661a36ac656e4ec96e0
3,0x4ef11816448b37ce0cb6c4f0f8916ea9345406ba,0x6295be47f70dc5c30136b2a7e00366cc59275e67
3,0x58fbf84346f5dde8352501dbde0c23b75b574ed0,0x46d9ba77567b1f30586111425085550c3bd09003
3,0x2f52428e30551437671d05b867d0d9d91f26b815,0x57c8c979babe21cb9b4b0fd61a4c77e28a397be9
3,0x238935288fe29edb5c8ab3dd44bc8931ce11d4c5,0x572698031bdf33ff13c482dfa3facf74e417ae50
3,0x510b215b27aec73f3e2f2508f895dd037f3f8be4,0x3f727b9e8d38bde3352ccba5f2ca8b8484b21fc3
3,0xf9f4aea2fa4999c0d1348a094dd6dbb7a503e08b,0x899ebb383fdcbb4d9dfddfdd14f7284273d97c08
3,0xee047365206ba4ec584a42b9d08ee0122f8bc442,0x61f8c9bee087f012399104b20f17c80e8d64ad2f
3,0x9823c61d248d6f1e6941ebffb59880176a599b8c,0xe93cef93422b5d608dceb1dcef7347e60deab330
3,0x5de4ca716bc806c79286ee0bab92a585da214043,0xe908d081ea65120db750ae348eefff7a01191d10
3,0x85c0516690938455ebe6f372ee44a1d41192e23a,0xd9044771c98c1ed6bac7ea0ee057cc496393f018
3,0xd39ede02d333356e86759ac65686fd32ed2f4319,0x3115646435fd618601937e9d284f14989736b8c8
3,0x25d6e6ba3d87276ff2bb998d493f8e14dc83b96e,0xd3261067005ee3aa743fc5f789d782385f3a1828
3,0x3c540534c6228ab52a6dc471ea7f84f2b49d81ac,0xb02ffaf9d77f434ba14b753fae4436b5936d087e
3,0x970d6cf17d4716861927ea017d134646e57082cc,0x16e570c83ccafc17ab1f5762c2611740ac785662
3,0x11d6b5b4aed2b85af9e54e61252aefc06daba3db,0x95edbde427f5f9f89dce7fdb38b2e2490a8aeca0
3,0x8d0a77af39bc68f51ad69af61eb4076925ca391d,0x63f6d41d1494070d369ea94595541aae73bdc4c2
3,0x3b1d3783d3a66e714761515e80ba41dce6279597,0x6108e56b83f10010e5138bea598c8cd400d08397
3,0x11f6dd21676f187fe6c9cad33aef39f742d4c982,0x572b9986149f0b58d29efeebc36499bfb83bf69a
3,0x074c5b9b9ebf7e9cde54083afdf86067de3a4bdf,0x4869ddb43036bb937f0465943bd2ae4001733d42
3,0x1c8238eb215814e918c2948a7b6d61e68e584b99,0x1cd1fd8131a15267a4d306c6f01bec5f60d11e9a
3,0x95200308bca98add41c76955fc8fa7a79318e066,0xf99ae72d41b6287e9e192cedd4e20237279494f2
3,0xe1f5bdb77653deb706623b67d11b7d4139e92a9a,0x2e403b969a64bdd1ca18fe10baba4546957bc31e
3,0xd8e749e457fcd1918c9a589bfaa87db9f8e154d6,0x85257f61bcf59f7498007d8e08d6efb7ac1eef4c
3,0xd329c4350d505a2489235f22ed9bf95bea15cfff,0x4cb6dc32c13622d14ae3457e88d5d55159fa27e5
3,0xc28ab0420d60283da06d9d6bb55c78f95799b88c,0x5d1711159ebe37d3b7b86ea3e91ba5565039d520
3,0xbe7a25a3f98cd93c2817de6f612cf57dbadd8994,0x3acaccbd2e5f6484c1902007598271300188dfea
3,0xa79193ecd961b231e5779f060d0706ee7e267a7e,0x749f2cb0b6d1e648bdece3bc555bd1347bdf51f6
3,0x79a98a9f41051e119cad1b9ffefe523cd0be65f0,0x65d9cc638800a24adfd074ece37889d6e1f8b59b
3,0xfbf46a8711d256e450c8986cd14bbe516c025012,0x3b69826488c68cd31a5f831021065e309e0b55bd
3,0xed401211361c8254ecf5b6fa038e5c2664391755,0x3b9df342de1b72f54f644e712e22432878a0447b
3,0x105b7aa19427af4f37ebececfd64d247392108ed,0xb404d69d5f368837c6d790b037714c44db43d111
3,0x95bc58a6181752ebba565f2947338d2cf532a4e9,0x66f685c92e6a38af43d99734629737b8b998154a
3,0x41bf4b1302cb6cdbbd6241cb4888572c3c0fc104,0x53c0fe7b4b1357d73988dfc0ef59a250c87e1efe
3,0xf99dddd7153b9f2ed44d41429ede1ab71232aee0,0x1301211eef1bbce28b9dd794acc049d2a7473855
3,0xf4a61dac12b030c61550ab7db5baa6c6f281db00,0x82e5d28b3985407e41f327cc81504d86d0af9dda
3,0x7c7174c5fbe2d0140c327f139c33659f563dafe0,0xf025d22e171e31b907bc593ec0a293ddf845ee5b
3,0x6f3c228d817e1037350689d0b0fa31b3ca75abfb,0xefb545d7ca9442c0e666066af585a8d5397bf1b2
3,0x553cbf9f814448b00a49404245767fed5c266906,0xea4ea23d18ab0e7e41cd559d026073bbfb9e46b0
3,0xe8d68702427fd1c550adee29ae9445a8fd490947,0x0aaa5899cde4ee93c9edddef1fed3360560303a1
3,0x547b14cc223d3d191a67f227c6033b244ae76933,0xe2978eba6df99d6e91aca4ca30a724ae8ed414ba
3,0xd4481e8d7423ce05c539625566fd3ef86ed9d837,0x35fb2d2767dfe851fa8f487cf273c49a42ae77a6
3,0xb66fc05da5b9d585176c49fb53af63a6a81de26c,0x3081145522bb160f3721d13f5da0bb1324120cdb
3,0xae7861c80d03826837a50b45aecf11ec677f6586,0x9c5083dd4838e120dbeac44c052179692aa5dac5
3,0x832b3a8c87a6bfcefc408de1abe8ddc5de3677d2,0x9f028105c6f9a5cf9f502f21025a99252fc1d766
4,0x6ef1ce9aa482e6976b38ad2193bbd651162a539b,0x8e6a625525f44e3dfca42b83cac4807ece7fb38e
3,0x3388051d427dbd9a7c8fd254810b7e7e6455f74f,0x8cf5915a01538777e40e8e4de8cf2c0122b7a128
3,0x2e70106b2a4beaf4f8f8e40f250f98ffe59796f0,0x88569032d20e376474e667aefbe21f4ac1da8d3d
3,0x337396237cbeb31e57c41b0e3bff9160c0aa5205,0x82426af9cb27832c49180bc30e7772bfecbb7287
3,0x1738b59570e34c57ffde9d3d2d3ebb9cbf347ca8,0x7e8c01c65177305cb0c8fa3f810d5007203eb4f7
3,0x6b7fc97a8ce829b9f90328ef2f0e6e467a7636f7,0x673ea96fabd9b39d51ec05e3a8c14bb0601caf86
3,0x657114ebfd7afa8a269ea6732eec500ec6753c55,0x1a382d3e0ebc7d906e1116f946ca5cdce7598e55
3,0x397619b2d282b5ab7571e3dde3d63a91d78f33d7,0x5991db7329535916045f9c79768476a1937e632c
3,0x492df6f196abbec746a586cd953c4b075b38e2be,0x4565bcd551f2777f36020554daf3c39e019b3d9b
3,0x2b9d24ca154d4cbf6f48dea1832c3d20615aefb8,0x31e3aadada310050f60602631df78867dcd97b90
3,0x29a07b87e2fd3f5c623cc3e689b1c0bd7dca5600,0x19aa0ebd73eaa39e19b4e1bb42ef22858766ef96
3,0xd2800879f604cd13d7d9e8738c080408d7105c60,0xfdb881112584fc4513c0347bd864ced0bc5c5f1e
3,0xf88536f0ed445d7d6451befbe7eaefebe9bbb444,0x670c027ceb0be296e2d0c6c3faebb63d1454c0d2
3,0x1166b0531f5dceccb6658721fc5937110fb854af,0xefd9f88388141828c3c936321d272ce02f260e26
3,0xec81787e12adf4d298f1e6b769803b03122c51b6,0x7c42f2a7d9ad01294ecef9be1e38272c84607593
3,0xd6669a9864593a8e71bc56e72d4a26ef0d321005,0xab4b67d6844c839909f6e8f80080bcf28479c307
3,0xbb17d0dedf78442e5a9762cf57856fa04011fc4e,0x3d0a20dcced280ee933994c2c7dba055909877aa
3,0xab3572e4193f296934b007622a993c02810c7a27,0x7ce0d2ad62215f8baefecb48e82df2134b8a555e
3,0x8474c43970481015019819936793ddc210a0050e,0x921f5bb9e9661d9d893f98956d481a95b08e5a78
3,0x535e6ed3f6f021f5df26b01aae2f75fcc05eca2d,0x9047863d5aeb0fc9d190e253d6cc26ecd0a8c665
3,0x62de507439f1d0391796338715f306bf9b4d3105,0x265bcd43b61a47a59b60b8569f5b910bd80ab500
3,0x56db2cda977cf3f1ad436d3e8ce09d0bc5d5aa3d,0x43f2effa104aeb94c7cdf0e7d59153e661552152
3,0x45b7daaa44a21618c64e0bf2e60daabacecb18c4,0x1662a96f43062b9f1b58a6ede95b0d8adda73ab9
3,0xc458cffbc1931c06c1d1e1576dca893955294343,0x979712c874b81c2d7ef294e6da251f85a86755b2
3,0x3273a0a33b922324d13b2d4a1c1ca9d708d02707,0x930471d835133b52679ae581e83a65af9a751a62
3,0xc3982db5a064bf4683841f4e9d35c528826eceea,0x5154a407388bfb7a4fad34fd0953471b5bc88895
3,0x34e809e36f37c4be3f0b8448ac0447f0c3173789,0xb3115aec097de193f41ad92da5f3a8d1ab491230
3,0x0101ee92c2a6be0b26a638b07a0d127d4e97fc8e,0x3d8ffdb4a6c101ccc0a710ab9ad14142edf92a7a
3,0xf15ef0f670c114a5a4f61f9e6fee25c444df85ec,0x418cd8363f6b4158a251f3904c302b5b1e82e1b8
3,0xe7bfefd32dd84e19fbe46b5d7c3cea96c8873697,0x6f66983e12aef5898c81a6004dfb4656c3773def
3,0x622b3363905229ea6dd2e363324b971a32b90fc7,0x7831e5ce39102d0dff32dadcda3e1d71e46eec19
3,0xd8f76e98011e42692c488c74fa03d50b8ccc058c,0x2a1955b4231f58cbcb41d15b0a506888b0a8b10c
3,0x42134c84702d4b25926b033318393e9eeda8a5d1,0xbeeac095aeb11db2102229d99862b24bfac31ed8
3,0xabe16683f5295a4e671e3df3c50fa19d533e55fd,0xbb4d9c5f040ec7cbe710901a39a6417f219f9b53
3,0xc1822e2b416c9c3d8cdb71144d89c660d28ceb13,0x21bbda8a2198be166fa44e47c3215c1415ee8875
3,0xb52b38818ae7d5dfb1a826c1219567922c3a0d41,0x9a7be1b0c2a2fd1abdc9dbd33297d9656505824c
3,0x5972d75236d27951aad8e81920fd9d4dc4e12d5e,0x62e202fe163a772511160c113d466d826fbbf22d
3,0x39c118d8e872f7d01f1d7b4f4569ca806ae749b0,0x8c4090ecccb4827d46a9cc443eb7356fbbdafa0b
3,0xc8c0a64498c8f58f6d0b69c18881496ecd1ae648,0x005c1b32ccf7dcb0a3acb4b74ee9cf5eb9dc7753
3,0xd2be824b26324018fdcfc72a4f22244b7715d7bc,0x83937cd8d8e8dc5aee04a578eb43867551138f83
