3,0x2b3aaec3e80afaaf89f5238f38f1f461b58e8c78,0xe5ba450c41be0036cedd1dc9dea168cdf786c958,0xc7040bdfc1f4cc84f4d1230467c44da609973b39,0x7a889f12f291f65b0bc2b11d605ab7ff32fc7c7f,0x9be4934319a2790a5c34d8a1676fa379f2f43667,0xa55378bef45603eee1699b4969e8b31b79420c00,0xd86366e1f40d704f36ca06787cc5f7e3f5059d86,0xf451b5a867356b1d6cb41199dccb41af494e2461,0xba352f3037c7a42c10dab3b3276e5aaf450c1fd5,0x9d70a375219a557e573753e2b5da926071151157,0xd4e204aeb7b291cead6cfee1d4fc158e54030dea,0x11dcbf5059c82bc1e84ea5652b378681ab368483,0x52a4db5670990c130d5bbfed40a0e18fa8ea9b10,0xafa7d04a11a0205937b02bb12877691aa7963c69,0x1fc1a1dac4ba717363d925830983b9fa53a58276,0x297ea91db2752392560f16bd4e864f9614fb8ea2
3,0xb4b5e9b5c68345494667ae3e373d41e630483dd4,0x8bb3a72957b0fb6e55dcccbdc6e0aa5aeca93e64,0xd071a38d974d68e603736badf87d83540c651c6f,0x55d9be6e8f6d1aae12132ffafc5abb934223230f,0x42dbf634c256acd17beddc1330488f1bea7b8bdf,0xf4fc6c136f7d857cf679d18c339f62bd252e988a,0xe37b53d82e33a0464274df3d896f5e32da2b6ad7,0xc409cffd53c34d71fde44883bdb00cede6dcae8d,0xaaea274f22a2a0a75102b4f303db67197f2e3984,0xefb70e1d6315db6fad55993d6542f6865211ce3c,0x4143285bf82812b26005f80e34ad8c6fcc2d4de2
3,0xcd0c710827179b08413a856eb3b80372ad9994a8,0x62ca28272102f018313a959b5e2ae87eb75d8d7c,0xd37448ad7949c4ad8eba5aad1a0afdd3199971d8,0x8dc5df60d1d3af324c0f9cd1002c21f895219e6a,0xbfc7f183746a697a3d570a0266d0530a6f750896,0xfe128a5ff00da1d870de2fe14882dfeebd0ca1ad,0x163773564f883e13a4c6afae830d370bba1732bb,0x4ec3895e5d538df29bd2fdaa1257d4208e735715,0x8c77e3597a162e8ba0b98d71c0addb58645a874d,0x049ad3682c57aea5676ac3076bf592b82dc08d05
3,0xd41f3ea639b3ca0ffc7a1ceedd1fd17c9c4e50d1,0x28a9a0d990d4a144e2ab989ee0d8fd5064a39673,0xb5282343e26636ad1f62e71fc4a02abd751d9848,0xfdd48b5032e4e39b17a6966977c09abf5874a9d9,0x79b3f7d3f12b507850c26ec655bb523033ac4149,0x9c65e4ffb2486035cb30aa7de85d9c1c80377a1a,0xb37ec6591b346758ca99a0bf8d57d42f6595b2af,0xdfe7abe16ed6f6a74a3be9227ec469df62d68ff5,0x724bab784c724839b3b68a6807bf18a311c6cf43
3,0x196593ade7cc7edf18981c7a7dbc2e96000004fb,0x05ef09eab46a78cfc973c957ffeaeb0f8722f271,0x98ef279450648f2df30868fda6d4774fcd22ddc7,0x17bef6f4cef7a6c3f1aa94490f39cf2c4d1b5248,0xc9a7fdb8e7d4b0637365c59a03abf1f06711c984,0xe0c79066488a15b70361ad8268d713b05944a4fe,0x687c121cc556038a1d44fd6ffcad6eb32245e54b,0x856249f620213dc9c76cb14dc32c44bc0cf8b73b,0xc9e21cb473e6c9dfc3c266cadf9ab0181e1bcac4
3,0x5cbdc7868d6d7f1b69f6886bc6083caeca58e4f1,0x9ab902622415466bae60fd592c0b0698192acc5d,0xa796e96c936d44e085f293ef8a7c8d60b8a49fc5,0x0004844d093afb319db82a93f917226015652982,0x10d629045fc72f3f6bd668b22834f09313584a50,0x2f3b8d1b5fa62c9d2f0fb2b9827c9cf593b127d1,0x61b2a3b2548c0d678ec85b4b791409895604e5eb,0xc280598955298b72cf7e0ed5112f25863567948f,0x9d9e6c90d93e7ff0db520e737bec4012ea8ab7a4
3,0x16ee485fc4176773c131bbfb405879e4da8bc6be,0xb1960551827bc7c77c347fac46d2a0ef434afbd7,0xfca2249577976caecde8ed492f54cccd89c23ab6,0x3c0fc0a5959c7faac2c51024977f7900697228f1,0xbf26c228b193ff31d2a68d8f60cf45014a648ce4,0x242fac8d584619cdd6f426a16496504db5210619,0xa1a99dfecaeb0858330e8bfb9022aeb73faf5750,0x048a9e6d589cd7e1488f3d83e1bb642b472aeadb
3,0x8f38e75bc86b2348700fed30c56c7c379dded1d1,0x913014027d81d1c539ed5a4cf5b7ea3cfd358852,0x4454b59e1980f093aca2f213f5a294b25f65a779,0x7a84fe97f8210757b67a48a3fc5de4d93c7dc5af,0xb9c6eca23d0cdb811a5e68a9af00c2087795ffcd,0x2c48f6871ff1834b001cc65f27256899feb9fca8,0x88a41cd4046dc6ec2cc14fbd5a8d2d23d630b1a9
3,0x267fc523430d9d197aa936341277577f76c53b29,0x2ddd29b569770b8c87f837f2a90c4dda9ad7eed7,0xd05c7fc0045bb4d4c147e5da10df31dfa1562564,0x7e00eae51865355c9511b2d2ad816e000641cd57,0x10edee8242640734b1491bd7f081445e8ab45dff,0x42cc97489ad2c6e61e9a466ed67360c8ea118ff9,0xb788a53403a02c60a19d3cb69e3968c4366464f8
3,0x0276a896e0fca3e54e46e3d18cb95749053ceea1,0x0d9529329c456bf1cb952028c83183665d877158,0x1bb75260abd313cc0128121f8c4e2ab4ebea582a,0xe3c9e09e49f75d7ec947484abf74579ea5aa0e18,0x6323e3e52cd5c64e494b9738cc632efbb745aa3b,0x59e596736344e25414e874f2ead58ef3084b8c0b,0x6cfc86606552c11074db50e72b8222aee441be9e
3,0x76e53bb39bf7d2a639a76a6fd6f7fe9d850d4f72,0x4090748e91d07e43ba44efb6613ef9004b4ab25c,0xb7b3b0c2e484d3e5a04dee09ba6571ec10c82ad6,0xd52625fb9859cd8a4ebef9dbbb18fd59efc62ed7,0xcfd0cee0ea178faba9822fca183e798a80920a6c,0xb4901525791637c0149dc4611d941b28c99f0bef
3,0x0e5fd622f18c4fff20d8cfb115b5041383b5a67f,0xd65bfef737df73f3ed6fba0973c45a9f8607a264,0x4f26bf8079c0f6faae43f77055941b0d417cd6de,0xe44799ef334df157e0f8e2855e5ebebdbc02b299,0xcacc6c1f624289d0c4e98a6552b51cc162a3e90c,0xba1cd32dcb24073155f3e91a7a1a5ed257d4eb82
3,0xc0d0daaaaf3bab3738c47baf21cf3f7b8ffe145c,0x94e102b8f08a5a2b584e7911e9fc60bc8c519f70,0xa6af2872176320015f8ddb2ba013b38cb35d22ad,0x77645329c920870c84167fdf5c0db152733ad2ee,0x3d555fc27b6564939d0e91fc919aae0e81623c20,0x03a210c32c837f3be77cc72d276f544b2f99dc67
3,0x28b7ec763fd69f42eeb16ff6621e7c5f2f5e09ea,0x30dc722f3a258ccebf1aaae5881a9e5427158dd9,0xc1dc71d1c626f2e709825dfc7ec4e00cd7aec92c,0x09da450e39f22c831d514ee0ea854611fdc4cfbf,0xf10c7c6fad68ffc41e253a428c2a342f4d1a7baf,0x475ef4a09ff1f3ddd109beb9c32a43deda9a12cf
3,0xe5bcb98a293a9b94cbfa814f9cdcc260328bba4a,0xa215224066a5eecbcaaf6725183228b716eec0d4,0x0ff05efb932c6f14c17b2fe31471fd835c7bbc21,0x4b1a187d7e6d8f2eb3ac46961db3468fb824e991,0x45e5ef3e047760fc299542cfde806d2118857515,0xfa3f1aa1ca7f622f41a76c277feae6e34dce6a14
3,0xa8c050e2890b216e38accfa99d307abf083a012a,0x3de9a3914fbd37d5a0208d427da4c0ea817bd304,0x81f23f95baf1ed7ddf4c5eaae3bd5ba3e21a4800,0x611428ddfaaed2119609e91eabfb5befeba793dd,0x0902d44aeef767f78b240e3454dbf25919f9ff48,0x0b535b5e95a046eeccfc19e7ff274b2f4523b9c6
3,0x9ce8646376af59da33bd1f5ecb68b389e9a549ec,0x64f4d24cbfb32d6f483b94d08133e69c6c5808c7,0x38a01b6fd5f00773d7225ec6acef5396670b8b6d,0x17478885827d88f8cac88af7ff01f12bb3eed0e5,0xc066b780259d231f5a444697b7979c9b26ab7ad9,0x695807aec2ed7eb5422462fc5445671daff87501
3,0xccbf2ee8c01de163ada401b2356a79ec0c88eff6,0x96ae5bdb75b4e84e8452cc8dea3117b14306d02e,0x23d4311dcdf0eddbd3ab676465497da794dbd4a8,0x9d621820a489089821fe21fd83f413440751bd34,0xf6d7c771172042c9e810e5c85634c5bd4aa52ff2,0x97340ebca6ddee77695efd2be2ff0dd4f69adeaa
3,0x79c8c196e5b55c6eb1778a064f1c3f95a87f5722,0x5692d4ffbd0401129c704c4e19f1098f963ce090,0x0755f8801e84e96f69918f0007e1da6c03b9e473,0x90bf288a8949c47c8bcb93092535312ea09f5a29,0x0a123b424ee4a950db80510e22a31f21836eb444,0x0f6f5d352b2d0c04e3d7b1c3bdd61cdbcc828db4
3,0xe0165a3e16726a201fa68b0c13471c05cae18867,0x995c3d396148f3fbd708edcbd2f494ef0a865781,0x233cd4f4040cc877cd49edd00745e8260237c088,0xe761c312e33c8919893fa09106bc9465c87aed02,0x4e124a678c92b838f11161063248dd1fa6ded311
3,0xf05a5927d9fba00f094731c1769fc77575f7619f,0x56ef482130958db9105bf7bdead637ace9bce4db,0xd2a08007eeeaf1f81eef54ba6a8c4effa1e545c6,0xfe05290a3f8320b2c7eabd7cf354a307fde01fd0,0x339dc1df6114053ee22e3843fed1d380b6d5bf26
3,0x40b858bbbffd36ad903aeb948af65d4235a478a9,0xbd3049e2ef9ef5d4f7f86e3723af80483b105b61,0xabb8b277f49de499b902a1e09a2aca727595b544,0xfb3607e1676fad90f3af7adf1631b6e1b8ecbb37,0xfdef0fd98f6a96a6f4397922c9671f94c0b1d0d2
3,0x4dc08e24d18ae709288af9eba4a8f4bc4f9ad933,0x79b7a69d90c82e014bf0315e164208119b510fa0,0x3064accd6f6a64708567ae2f3b2e5ec9ab7d2b1d,0x2084d181d6d1d9910524303f1f4f46b9283d6359,0x56a36f6784e0320a391e85697254548f3d7a36e0
3,0xdefaced0b90b35789e0b1b85abffc156160121b2,0x86235985d763ccaf79b0e72fe4a4ed790d0b30ab,0x599a449d4b7926e565f70c5d8ab6e0da90e8a786,0x23e4595d598a44244fec9db49f9e7045b33fdd7b,0x87f394673a92a1a6c41fbf4e29889fad3d92047c
3,0xc0398094891ec05a9e7ad35c19ad01dc617f3e4f,0x9d5fbd4dd3435dadbc9d6137aead2ab6cb7fb2c4,0x2ab13b86b8c56f97995b0b7b54ddc7fc30403a0b,0x102aa209e71e117045d923a3ce54aea00de27d67,0x11df917d9bdbe2c649799f74d004148d280ea46b
3,0x4339b3392192ea2b0b264ee94f45a897b713eb32,0x66e3aa853b70d7ad8c8c57c1e028d2e7d8b991d7,0x339619554792f42a8340367204c496cbdcd1d6c9,0xa01da382be5369f95bb8a48857f1fc649bdefc2b,0x296dcec6c427477edb059a519dd1fea1fcc33449
3,0xab7932a44e39d429a2feeb1278281d1450a06396,0x864eab31cb04899344a6f32ccb394694a6aa0443,0xdc2dc733e49ed3d9492bff3e4aaa9137522ade5c,0x3f39fe982dd1bd881c2b21f3ed38ddd7e08c6d1b,0x9493d908633c35d77a9c1bf772463cf5324320be
3,0x34bbeb0bd19a7367e54fee3b92c456fcba0e06e0,0x73a396e452db5e94a1d1c1e7beb7359d371e78c2,0xe15106fb1da3d5a101582cafa19ebbd668a6efac,0x15dec0702c56a6ba7eebf279f49d240f42fc43b2,0x9647a2d17abeac666c8ba0b227ab72dfd4bda22a
3,0xe557c30ce2c90c6949f292190c1bf46a0793259f,0xc654a505e3d38932cab03ccc14418044a078f8a4,0x9c9adf2bb533bce41d8c585cc283215e0580a542,0x3c882d303d999a4631646050bc12e12d42095219,0x3df01beedca5e83caec50cd6fb9b749d93406af5
3,0xbd7c1ab32aa52ddc79deca1b9df06f98b1420f52,0xf9c96572df65379ea7e038993bbdd4122f2176bc,0xc57ce4bc91c2fe2e1b04edc1bd15be04e02bf592,0x4a218230fe067a063646503d5b438ab2686808bb,0xe45faadf29e2c98ad67c2874ea10d8f990934881
3,0xbd631c070a5f92a64ea7eaa82ccaf47e1a403801,0xea4aa3ab67f787be57aa41b567afc1c8d8fae923,0x4e1ef664b84ed806fb48a1e4a363b52c08aef71d,0x9abd86b849aafa01e4f383690cd1d5595c2b2458,0x68cdaaab877a9d3f5d26080188f701a01f890765
3,0xbb609fbe082625783ca6f21ce7895055e2171840,0xe5033072d7b802a9aa1edc94da442734432bb103,0xfd64927aa9ab5ad95704087c264e16bcddb15e8a,0xfd196d5ed58852079864ea26726685a04944d068
3,0xf1a910dbbc63cd47f00fce86494edf3de4746c8c,0xdf221c98492b801bccdcd87f93097dd9ad0a66a7,0xb72d92e703435d8e9e15990ff0614fa30e0d62d6,0xc8aa4885fddae5d738df6aa1197896df7d31de0b
3,0xc3ec0f5015127b80d5e44ca2b57bc7a016ae0a86,0x07fd4e2d0cbb24529d5477c200a0962741f2dfd1,0x5d3284f07968adfb40b2c70e4c5b2298b54b36d1,0x6951f3daf05b7c5d0b9acc1f2575ddd4f5b4a3bc
3,0xcfa32f42cb32c77edb7abcc6a6ded2bf7209f7ce,0x605021106117b30b63a23da25f7637ab5d7cf794,0x57255afa702ea4cd5d089d21ad3ed52cac987fd3,0xb2277bd61e6009ee4b25da1996abdaa8b35204c6
3,0x0a4ea2fdfad07d035fa20cf13b7e8813ac5dca22,0x8e4f81436c9aaaf156b692de4c91ca0c7b2a6e9c,0xcab79ecfbd7cf1fc6062ba7b07cf21696ce5f525,0x9711e3681429c8c065219c3c5d6a907185deb75c
3,0xf70ff4c186db918df5e1e13291bd5e9c29384685,0x11f1565b21833f950ade614ba2c982b438b240b7,0xa995daaa0e0d85ca20bea73621b644b0da4d44f4,0xe52cf9a6a6e1060d92137955db932c0811980b01
3,0xc312cd0dceec7c700028e7c8a53931e8f4d87b11,0x8ee88955d76c019887904d2f309b883c6635f399,0xef5e1009123c0948e2b1c2b9788eaf92af5c7e0c,0x0f1c01d98ae190ad2739a6075b21c2343d8b412e
3,0xea401a3b582749d4a5695d36dd29a971334018dd,0xd5133b16d51eece8b5c0b1dde9bd5b316d82b106,0x6f3c124ffb01ae7cc8d3593c71102043d147b3d6,0xa5bd64df544411b816bb08315319298bf5e861a2
3,0x30d973e0be412c7150c4ad1f266e0c5ee8b8ec88,0x64283cc512f2cd21df5067d91c75cf579e4c0fd2,0x6ca33b5edcc146614e1f8480f889c9195d2caf56,0x98f937fcc0b4ec1b3c0800bfadc9ed0fc0008b71
3,0x42364a05bb7c9b2e0a7e421abddcff4f0e134a20,0x6d6345c34b6e04fa92e7fecf3738a928ac0ab197,0xa459089be73351362f481463ad95f6aba8578280,0x5b3f8af0afb2b5197b644d193cc751079c2b80f1
3,0x1383eac800c7743894c6e84cbccd2c4baac15f8b,0x7b590b11f20f5e942f7b39f05b6827f4787cf435,0x5b5aa299ad946430a87024efb7ac4e50ca4f4337,0xfda854068b102c4385777476390461a95e7f2bc0
3,0xd4638a640d820a5f58bd27082cfe4d9d3ff3cbcc,0xb59c810897b70455ae001a5fa2608c5c8f963f2b,0x7bbe631b94853f68c5444991c58cc5d4422ea97e,0xfdb7a079eecedbc94f52d1cef1606bbdbfc8ec55
3,0x63923ef026aff6f2cbf32308034153bef5f2c444,0x5050a0f3971143b284053efe8c9031bc1b8800b5,0x59ab1bd1531e79c52a5e61b54f30fb1dc7da0af1,0x48bdc601735c745c4df3d7563f508b05594e8282
3,0x53e673332bbe5c93cd81d5cecaf0908fe9612b8c,0x472f88bfd9d2aaca7b740052522e6b2f9e6607ce,0x2625daf1724cab9de8a11a3e7bf902d4ab99e995,0x41bc18f19c78b139d4e54e0ba6d55a82b06c321c
3,0x3523d63f8b0b6be48479f5455092bc16569ec294,0x2cb38192f2ed3e37c5de8186382cdc03c8baaadb,0xbad2da2adab351da4335c4df43ddb99bdc8c6846,0x23990885a539d4888e13878b7a595e6f1f377c0b
3,0x0e1212b04daa889686d7e39361ae33d9afa8b79b,0xc127c2c720e075371b75956bf10384a0e16050bb,0x608dfac245aa71becf9f2e4c4941b360a7fed25e,0xba681f15a7bacb49ccf4a6577f2b522869db90d8
3,0x033b846f9d2e235ae7d604b5034bd7c54d3a3a86,0xc5878eac190ce43ef4a2b5c6311e3b8166135533,0x493949e4d9a2cda53f48a0647bf751aa1247ad55,0xac554eecd01396971abb8ba491238a6214e7952b
3,0xc1aa4dd73fb3f42fb2fb8f8a16adbbb6f0e4ebe4,0xf9fbcbb36106c43f03caafb66af495ef496fd3e9,0x5d8c38cb98a03cf3b430161ab84f859002249d9a,0xd10d8f48a5697f732cd24be3976541eba8fb8611
3,0xa9ed90b90e04da566ff29d08ef25e0c51da17d35,0x4cf01e31fe75ca1f8ae0630f30a4f2d945a41454,0x8500ec1aa5f18c575e920662325ac7d869828ad5,0xf4c51f1d5ef7ccfbed4439ecc1947c931dda2200
3,0xe222cbb842b2ec8b76c2a06c2851b2d4a69c79d1,0xe2ca7390e76c5a992749bb622087310d2e63ca29,0x77fcd9cd1bf95c629b41803361acac44a97dafea,0xcdeb203d7ef7117bd6bafb87a1e41930e4325488
3,0x966d4435873b9581a2083f0e1a2322d14fdc9175,0xda02f6b9566179ccd6d82ba7ca4ed9d110a17c58,0xb87b63b61e6af0ab4fd143a145f0d6ac11111111,0x8fe5e23275bccb1ed002d764a8c48146c6d3add1
3,0x5f376792ebd1f85cfce43445c8861c0d58f8e22d,0xa9f431e6fcee0ad28fe5946c670ba94324446de2,0xcc23806a334aef84142d603244d8dd3b4e7dde5f,0x478d71d074ca1e3ac622b2584dad28342902192a
3,0xfed9c6b45275f322b983aee0f9e9f278fcb0136f,0xcc573ef1522af4e413c8d0aaa14d6b4f6924f274,0x4c54b26877b7cd8613e8eeb5761aa01ee7128bc2,0x9894b173dba151dd89af7ffa557f78b589232ee9
3,0x0df77bd912624ab50619e180c7d8ed6235e45c9a,0xd56030ed8fdb5f50ec2c33a6c6358ec2d4afb945,0xdf9ccb0725191d044c8ce13cd3f5638bac63bcb4,0xc79dccc06be0cc3c25a6bd61b3f2f6d9418b4a60
3,0xbe571568050fddab40be185490e244c5c2b687c8,0x9f7d85db2165375729b558506385124733995990,0x7010b045a740c343f83ca32271da3a43e78ca7a8,0xb7543af2f684dda4980a90408694aed055de79f7
3,0x542530cbc454e60ab96000dae935c81fe8cf1897,0xb34c9eb877dd9e5ccc1a66cf0fcc657188891d58,0x1013dad7ad075bf2d1a6e30a025b5338e5857cfe,0x0060f44b0862c22afb730ae4469d96409422ba03
3,0x17b6a62e2a50567dfbe0a56b266665b348b75027,0x6fdaddbac7cd31ab5a10bacc4ce94139ad62596c,0xb58ef33afa80b919f29f75ccef6abc6938f30db1,0x80b9e6048eb0c518adc77418f6d14fa76cb76cee
3,0x2e3974ae952d914d82e59bc3934ca9f36e84a615,0x6a371d07bb054cb75b5ad1ef943d64f54bf3f318,0x4949d5dc79ea4d5c006056e33b2c50fa8d9db957
3,0x8047374b9772b3b13d567bb2508d42f4861d1b6c,0xcda4fbbc7345d74fc89066c3b5349269832e118b,0xfda4c65985934043412fdfabf3f11552b9a6932d
3,0x1ee72504fb086f37ad83cfc70cd51fd9e0716cd0,0xf62d2f7edb3801672653ba7fa865fd3e2f40e4d7,0x5683528851ebe95161059182342fa78e9789adf4
3,0x607317e425678e0e3106f2a54f7093e4b3883893,0x29aabdb1cb62c48806aacd33e5d4e7b904c43a7d,0x703f2ef708663baf0fe97e54e382c36a6c6860cf
3,0x663379d97d12ec83d0c568545853559fae50b4ae,0xd2aace64b327bb525ffed142f6f2dfdade547b0f,0x3386f8f72dfcc2008d65606b43485ca1652ffabe
3,0x6b4f384cd9213a46c3d454fb8a4989fa8f5ee4db,0x1dfa4bce737157d0f223b56263b136943cd28b32,0x45057addf5161abe4556abd6af8a0abb03bd191b
3,0x1e69e8910e8f99bfd647c011dbc750d40da8e9d0,0x6ffe4f3bf02d89079ef844fba003d0db702a2884,0x74ebcf945c0526f4fb3f694a5eaaf0dee0e81e7e
3,0x280dd6a3add96238c47d55c64dca73cf1ca3191a,0xaf5b70b073b522c6663b7c3694b9bdcdc8ca4ffb,0x95b0b098229d6216c7ab5b4dbad4cb34d810101a
3,0x3c80e892b3e7137d41f50fe52ef660d50f71acff,0xca3108424e3cc950a6b0999f83749ce71e608c16,0x9adf15bac58d3a6691b91d871068d696d360153d
3,0xac01c5e5c7049b690027156ab98e07cae12e776b,0x17c6a2b7caf7d242f2e42a2e47d9e541ef708cd3,0x5506f68b6511e7f0b7d32580c603a10c27ffbf27
3,0xcbe80ef9a6387ecd1d9f17befc5ea859f4202337,0xacafb2f69e7cd0a9c9362e28f397b92b0b07a33d,0x801018f81920f65f5de4815b4078710bc62b00f8
3,0xd3a2da5d72e249736e755581b25abd13f8501f2b,0x4437b05d4c65c0750ae9addf083df28551a45470,0x6c0a833c0d1f2a8e6d60129dc2c2259eb4892ff9
3,0x799dcb1d1466bce8a40534fc60b3f6f8b18ccfa9,0xca3686e64ca09d110dc1df4d819335e660e26c64,0x1399ebe84efb67909a5df7099536f4885abc0485
3,0xce19d314a10ba291e7ab2e33fd9ecd2e699141a2,0x10bc023029c58ac423854868a9aaa2957e5891d9,0x5637ed4f08bca0fe8972ce341b0367bc0a534b5f
3,0x7c497e0016a5a763cc0c24358d2dc1e610bdf651,0x252bdd82c7262124cdebe3607731e8a9f2320358,0xffa235e2b771483eba609ff0b8ae838a620c58ae
3,0x937f67acff3544e96c7beb0bc2b6cb5529317a2b,0x1d81764b79bbb8e37913fd402f5b403ddaf08bbb,0x6eeb8f5837a91abee39ae438cf55991a97c45ad2
3,0x614f8cce37fad2aaebbd49bd34bedecd99cfbfbe,0xc0ad4356058a3b39c9a57978810910a6cd4e00a4,0xafc5bf6b5346d26dfc0beea9da7813636a5ae5c7
3,0xc58d92dde6c1c8b9700bb88de25f2688b339a1ba,0x7cfbc21d1bbd3ab9f6ba5c8a80d8046370582ce0,0x8ab71bbc509e17c203043e993eb8665d7a9b509f
3,0x31f5b22ae85b46b62f06a4787d1fd14cb2d0a7d1,0x30563e0710610edc9c6c6f3db04eb0957210d5af,0xb1858f7e132c034b7bec641d8a63fe69f01f0432
3,0x3ffd3cf1e6d90b2f019367f47c36b3c623d9b763,0x5875e62c18adc5e30d5ee2a09a8577e686d62291,0xfa7e306d080d171afb1b1e2406a8649c26927f72
3,0x6e58fd99e3ef4bfb7ec6b94d150c7b6af2bd8c4c,0x45bebaacaa000bb1edb47f937a14d085bfcc3a17,0xc9e7c6dfeeae6e7f4df9f89965bde0c0beb94dca
3,0x1de534453370428e5f0ebe192ae324ff911c31a3,0x70b8edf3a0fe2565187d0ea0134a378fbb7774ed,0xbfa9fe0453489a73fb421cb451686e9502735173
3,0x3fd88fff3e77e12b82ed4e9069dabc5e184588af,0xba29bdd8a308468f3f162b87c02afb0f7be8b601,0x94bd1776413c4492afafc6f7e54c030fc89894c4
3,0xce859561290ee3c1b860e7d07155a8e4aa87d730,0xa039e05c3d3211c92f0e13a763cec09305d10f07,0xa5e071d49c4bbd67fd6261ab6e31b770586fc266
3,0xd7b6c5d86058b378d28f917b83c40758c43a0e7f,0x5bf7b00941524aef5885631476ce083bacb60fbf,0x18bbc819802378e4798951d989eedf2ca4d2dfb6
3,0xf8567fe4446121ce9a944646ae1cbbd9651fa566,0x8f99729df9e57e1f927982cb803d004378b775bb,0xa9edadabe54e980bfcbd29507f218340f6a59626
3,0x99b7fc20b12d8fd8b643b5895518ba88f0d445d9,0x1c3bb74524d1a7cee123cd3538497d0f72947fc6,0x61d7798d71fd27d714347f8ae3285451a9f3a181
3,0xb1592121d30b846fb1311cb7a68a6dbbfdb9bfe3,0x79f246f3482b618efd6e07c5f98ddc652633c2fd,0xfe3a899e0de9791f5568c2fa614d909d80e81966
3,0xdb91735ad2edbb517125850106d2530c45b70f05,0x7af88d81298fd7471405cf6ec8d06148f5cf5964,0x75d53cc46045d5bf25eadd70b33e9d949d45b132
3,0x6f9e7798b21fb46bd1ca0b31cbf2f6be39490f17,0x9d3d4a03751c29a9940a8bff2ca8f6d317c7ca8e,0x82893ac7e308b7452565b124f4cb92d91bb59677
3,0x0e5ef54d4a7d9ec96e4d4bee666be6d4d1e6fb15,0x6b0479a56728b9db8ca15914b5024e746682b1e8,0x11f338c983cd9f8edb8e6c7c54c7ace28e7a31fc
3,0x41f8d9cd314debcde988d128b4c39568c658cafc,0xd9efb35ee5e27d651e01ac9ba84e90c1ed151cd4,0x42bccddc961fa91f6b2f92a6e0a5e0db62dd5db3
3,0x0f2c6a5912bb1d9a96780940bbd911691826bb26,0xf413afd2992dc52c27d0cb5467cc4909ad7b3e25,0x47b0d34bc548d5eaae8676086a71f42c1dfbba7c
3,0x47c4423b0cbad236815af76e326211ec01f7b1de,0x18b2bd7d61ed1ae0250f8e1565ed944c21081d8f,0x13c5bcc2c35f4faf23c347a408e056d58c1cfb36
3,0x4cc3da006906e4f84616f3ed9d8ffd14197d0ae3,0x6af48b40a6c8e4748804ef5e57f67fcdba038841,0x25cb503c7bea295c250da8ce406d4c8867441755
3,0x2aa6d2023ad209221ea49b5689ba1f4ad1378980,0x728a62b9dfd33e509aa08b68aba414eda4500824,0x23cc917f53ed08c028a9b60067d4de1d7db77f5a
3,0x9694f695c11f9612feafc9f3183aa0918d6392db,0xa70930e559856f2d7842f0fc882dc25610961ae3,0x013b45319c99ebdde2390c29c5870d210cc9d641
3,0xb63f0d8b9aa0c4e68d5630f54bfefc6cf2c2ad19,0xee49c8eddab1707b32db9c9263b85f9a38609d9c,0xae7ebd19d085341770124ce356e43168a70e55da
3,0xfcc8d324b940d651d46e05ed4855795595f35753,0x66b9f6a5a1d0b4dbf4df3a6912d7418acab1820c,0x2b99d34a2d45cfbf5b9d5d7595f28fd786ae61c7
3,0x4e3c6dfc42653aaec874595394984b63c351901e,0xfcc2dad2849a774836b0c6327f3edbd19d22218d,0x40cea565682eb38590a807c5f9771ded3187701e
3,0x982f5698febb2b8d1b9a560228abbceafbb11568,0x5e9f387657adf2ef3cbb563ac5822ac1f229dfc8,0x02aeff41de2742fade246252bb260f72b1c4e52a
3,0xfed30cf930640bd32549784e1d19d3cb770cedbc,0xac9be1372ab5fc54cdf4dd2afe7a678e94706e82,0x80e623364c4e902256a1ea8525582c467e7fef08
