3,0xd50a9c1bbc54b521132b748c25415b5a17674172,0xa2e3272fddcb16468d1cdd76f88a530f491b697a,0xae808e78d581fc11ea00c6136c0b895da078d131,0x62bff12b26297525728bb4085d1f04f2c724ebd7
3,0x5859ee4d4b9153443fa61bc4c2681723fbdec363,0x91e6692337328b7085da3f82e5e8896719f064a7,0x4018c136ae4619ecede21fbe1f043dc00d59455f,0x7b21734c5eec4713aec40e9ced04047428fedc14
3,0x6108390794a039e3c283aab437bcec81a93ca062,0x24b883eded384f57de4bca0870ab6d4a7128bb38,0x037290ef3bd7676149d677d9d5b28cef9e1aad5b
3,0x2da92a2ac0f510777ca5af69d596879e96595209,0x00b123fd1310ab96818019091826009933efcc4f,0x38bcc63d267a867ddd4ec98b5ffccd996b9f3b28
3,0xe2e5868a8e835dca5aa3f61a6352185d6f5e60ed,0xfe92bc97c276b73faf4bba1013f648a487538952,0x275b1cc73b843816c262e767c6000c718f3d527d
3,0xfc23f609630cbb1ff2feece4e59980b0c80714f9,0xb0625bf961cdc4c20783acfb95eeafade9838045
3,0x8ae15fc2f717216cac9ceb68c3aac61567817136,0xe515859724f1244cd643437b99532db3455c2dae
3,0x7adf845e1c41d9d7dad970347b0db0309b9d8a75,0x20778b0a11d9eeeed4d90d0eb4c73c3d959b28e0
3,0xfce3fab283adfebf09675d6fb093609d73233e6f,0x619f0de253825e4837d64674e285fb7af5568f2f
4,0xebcebfd6bf48b18620b2323831e0d05cbdcbeb10,0xa3909c75180f144f201616f71edb000ba5b84b20
3,0x48f94412c14c6c0e56d1caea87e63423d6ef0ad8,0xe56adb4ad61734150d47222338918457fac5c074
3,0xc09d4956f8f7e1a4b22360d75c33ab85863eb753,0x38e2034a5c68469e39ec7fc1dd22711b394bc5ca
3,0x8d9d0bdca67eff5eb956f1683714ba3aa4136f8e,0x73386e22a611451835e6670f3fb6175a02a0b3fc
3,0x535926bf9322255e325f48c705c6540d00e6badb,0x44894285257fd2ddbe21e6e0f07bc51017834e06
3,0xf408a40e46a3953684985fa46a625ba1b5573a9b,0x70b069485079a327d4de75a5aff1c13e9b5b8004
3,0xa000f9a68ddcc99fe469fe6b390ff12e04f3a6a3,0x48708ea9534c81a1a973d65c27b05cdfc722344f
3,0x7c96fa3efcc1858ad17802a8462fe2cc57d5beda,0x07e2ad5aa9ac8a3906eb912c16c22c5b06873ec0
3,0x58c9a38eac47f99da5a70bebc1da8143a280df76,0x2a5ecd88eb7ca6a2c0d88155419adf60c09c4b1a
3,0xcc2d4503ec24a6457b8e7309e92177ecf515dece,0x393d4c15535a8218a602fe4a9280b3c4d140c127
3,0xadade7a16ba28981a20ea112d1d2cefdd3ef387e,0xc125dd83ade9b2d9f477f310056b8916d2624bdf
3,0x7fa44143ea03bf86d8e49aab48b51e1758c99764,0x73f90f23690f7664d6d8b03f37e1734cdcebed2c
3,0xc30abeebd586c319e4f478ef20fefa0db24c9bc6,0xfbce871136f8ac1a8b3892e97ed05e79546aae2f
3,0xbba7d52b6c82ae8907cbe0b0e321892661893903,0xe035be5ef628798e7fb3b363ebe7c689d0000208
3,0xcf18329744ac7afde6da0fbdc2ccd8e3ce7ec0b8,0x1cebf211c84cae49d07e2d1d344e4766e2635878
3,0x9aa95c980fd84984ec6be373883a3d4ab16ad117,0x117f8f1c772b7f18cf0468276a2dcc2091f40d34
3,0x91a52da0a609a05582b9a3500780854f699ecbb9,0x8e204ffda9596daa548378182e853b86c38bea07
3,0x6366098626498eeabb759fbf97f5d90e0ef215b4,0x491aadfa827d90824304a177988af16ff75ba2fe
3,0x45dc664635627c0fe5c7119fe5be2c3d39ea3e74,0x06744d8405884f9449dd5c8a2212ac2c2f8d00f6
3,0xfdaa674a97976188973a4f15468d03520280da86,0x5339d18bbb01c4dac570b818a24cca680fc6f55b
3,0xfd0616456bd13e0ae23780211939b7b3dafd2acd,0x7539e634b7b6035456ff33634e5b38ef89f54729
3,0x1d7a469bf5cdeaf67166e7a087de0a7335d268ba,0xc49cf6bdc8798a02caac4e78c91fc9e0cb4a4d3b
3,0x8572a4ef0f870659290f7858dfe50c3991202879,0xa50925153a5b2b42f348cd11472372564b0be019
3,0x24eb99fe782ad62f53fb94ca51b3b1ce8f637ade,0x6c3f0c39f8e237800d765908e7ba4d523c1e8955
3,0x3228a99ccd40bc993fd45675e1218bc3ceb21795,0x3e700b9080778cd7eb22650e2cbf3c337210f365
3,0x149a54eb2c93476e7d97bf69ec27c5286123fdd4,0x268016a4e72e71d71b8806f143ed6e167051dddf
3,0x0efbd56c194704dd7372abfda855ed20df24cbcf,0xca0d17bc837b5cc9e2051ac184372728ae2a027d
3,0x4b1fb98c8ecaf9ae3e3c58e8ff86789cf8316ca8,0x769399d9cede28128f926e856d21eb44348cae2f
3,0xb7a57dc5d45e960c0b481250416ac15ab4d6fdfd,0xfd7ceb49dd6dc045dd78823dedca2976316c2cfb
3,0x5b53d310c73afd70f03b7a373b3e2451983228c1,0xf08db5362f49b19bdefe385f6276c639126f38d5
3,0x880ccf91a26f65b89ddcc1d4c864ba055364e4a3,0x0f5268df72c03562f294881433b58ce6ad8f73f7
3,0x13d69d470f4df5c92938d2f689ca7b44371e0672,0x57854a82bca308cb4150b9450f67ba43abdbf9d4
3,0x5b85f5782284378629a4cae9a7750826f36a4b14,0xd79c56c065c50f323eb1142bb871f757f47a9d08
3,0xafcb20354fb5b10c6171e6820b9011099379e0c6,0x5c3899b3f075015c4a0c5f7fc0464dfacb899817
3,0x521a83bb77a6b6b04817c999d0b8e811396247f9,0x852ffbe62491eb36f5100a8e93afa6fdca989716
3,0xc4b7bedce1e0face52a465d0d9af4a978bca303b,0xf77d419f9d6c48062e8fa84fd82e488d4bdfadcc
3,0xba879cc0045d5c4ef3c2fca8d91693b28af5380d,0x50bc099cc05091510b59cd15150857200a6d1834
3,0x1a61c73a3a79b5e5e12da790e544b9b7ead72e5f,0xb5606b29f1bfffb4be03110d4baca2a753f3eda7
3,0xa2f2c9f17ba6142877d09cdf7ff6576685b60eb6,0x4e0d04247e176007f97b97952c22721323b8a425
3,0x7d65c6131f4bebe30a0f79d5bda7c21b6d98f44a,0x2efaf2dba11cc263b79f8270e75d32b81974ca26
3,0x663694857eb8a7432559f5c099a20bac59287d3a,0x650aaca3a244bd5b7ce35a92d373e4a63845d86b
3,0x36407230ea173440af8bdb3eb496410edba27284,0x4ee7e92046a9b07462f93be8c94b88c4e8a681b3
3,0xc2a3cb7f50f157d5f2587f145e93a6696574d698,0x40c499fd31cd01e7d8d16fdcefa049daf7ccf67b
3,0x9350df9ec2b8585952f1fdf6de4ba8e3c2f0c1d0,0xa9f67f785b6daaf8135d15e2715c3f499f393bb8
3,0x4ff9288793ce6c98d7dab429f8ad97691d8a0f5d,0x06e398e8b80a68567d99aff2ad2c776ac1acf58e
3,0xf3b13f6b7da60b81ed140906f61de9c5c20c69fd,0x9f93606aee89586f303b928eea0d3a179e1f294c
3,0xeedcd77c6005a1c5912454aca7f978dd332e608e,0xb5ddda93165ca4216c5dfd57066656e6906f6cec
3,0xa07d67384649610eaa581e2ca9c794383e3553b0,0x91cfabcdc0c2f725359c173473fb6cbc6434bd2b
3,0x5c64924096a97bb149662a56f35f49d0f6fb6d09,0x1340f62bcb1830d1654122b2bfb0bb47399aaf35
3,0xe0c9dca1be0d6f9bbd377b1555b663359d8f3205,0xf5c23c870f5e4e78413f6096df4eae745a882b3f
3,0xf1d67dc2fea47404a1cae01c7a8f7b2257c117fb,0x5d58edc7a7c91239ec2fd56a646679780886323c
3,0xb9d68d41dc518e5cd14f48e2bae1f46ab28abd15,0x9458cbd4cb3f14d98165f6bdb467fce46572004e
3,0x5e326d695237d199983e58922f88267053f5403f,0xb6da08cd77da865e99bba2868aac74ea2cd58162
3,0x443970b94a03e3542760d557b5fc20cecf34e69b,0x5dce83a815d04e57ab530cdc17392a58ad680d45
3,0x458219485fd43d9e62dde453f854cede0afb5913,0x3beaec38ee662b0de92fcb0cfdb31c2eb1b8d164
3,0x1f3448cbbda5401e62766b378acb171a938bbcc8,0x0f73f298e946ffafb4acd1b18e4ba2fbc393ad72
3,0x63dee5614cd33c76c0c457f0171ca2b0fad79bbb,0x243b2c3c8c61106eb223c1bca6287307890262e3
3,0x5a9d132d621d0f81a351928bb9fe917e7363fd4a,0x22ff7f8b5378256715d46f6d09fa0101a70a9442
3,0xaed511ad396ad1ac8390d2faee21fdf5c55b4c00,0xcae84be83734f18d00affafce5d963a175b8b3cf
3,0x145c19c5aaf842fe81a5c8894c09462824eadaa7,0xa46b08e0c5f841305fdcc02578c94bccee5951b1
3,0x5bcc3cc8aa860e3277144b8245a54143b32536ce,0x9aafc5d76cebdba9cf930e735582c2032b73cd64
3,0x589e51aa777ce7bd3036269eda9a4b755d223464,0x6043cb25f4b747e8f0e74936bd433bac47702290
3,0x2c21450302e7cb255e8c89d907ab279cb047b0aa,0x3407ba5f11fd31d0f267cb379256aacaed3293ff
3,0xf3889ccda115e8cfc3245a6d2054fc8279356a70,0x9f13e84d9d6e55053b6c6afe7d318259c7aa4465
3,0xe4f7baa18dfbb55d41e37144239e2926f1732dfb,0x91d150f9417df10bef851c4d563045eea460a73b
3,0xcfe3b2340b9d5107a7563e9bb7a024b376d1d22a,0x9767aede46fe57bbdf50b74f99f002930df26e6b
3,0xa12bdfd8c7b816d704306ac4475ab1340672dc23,0x69ea2d6332295f64cf128c77260e6e8f97b4edf8
3,0x6d788f753525e0013ddc23f37ef2197266f74c72,0xff3cbb8b44b77cd577d5a1a2df3e6bcc04b37f94
3,0xf81ff198a273f13648d43b0d621024c85ebaf1b0,0x87e7804f9d7fe0d9a9137f8fddc2f006bdfe10d9
3,0x80ed940b5edf919bd333c6d4aafddcd9f0f4cee7,0xf7206991c2ac3a7d8b43c8874a5a9956cb9fe3df
3,0x5b1991f67c9316f9dcba2ec3e2c8b9ad1d991e0c,0xee7e1ff95842ce11e287891787994fcaf84d3e0a
3,0xafb9f280009fd2fb1f0d1dd22e3cee589d582f94,0xe8f81179cb8ebfed78d4ac91ead876afc56b4607
3,0x2515ef780ac5d71c01557fe65ba194f2c865495d,0xad86bffc296b80a3bdd6ab61343edc5f572edf15
3,0x883a05fc8e2d102fba6158260a7b426305548b9c,0xa9fc19e64adc5fc32d45b2654e6a80d0034d0235
3,0x67b2e376d27b026e084e3e1a117e166fd7691760,0xfb9867d49547624a04c6f5bcaa818e1afff74f9a
3,0xccbfeebfd58d582b27eef3f1ebc0a1cd235c2537,0x13e633d686742b0926b4028ed0a2ac70f4e92885
3,0x77f9b838ebdbfb2a4dd41e5b8d1331501d834887,0xb08ef227975056b68c23ed2ef3f5d273067e33d8
3,0xadeba9ca8449b096b23abe654d0f290b9eb25ee9,0x8f01b09beeb9aed77d4a71359ddae8d82842fe26
3,0x9b497b35a075c803443b671d1ab921dc6349ba0c,0xad5c49dc02646898c7b9771e4c20bd3203556e76
3,0xab107c7592cb1dcf2e6a71cc43d775899c580843,0x996ea5a4fdf297a5d617e0fca0d4f5cdf2b19294
3,0xe547cb0232ca320356adef63f57939b315002f09,0xe1a7600bd8cec48b3ae86f60233113486dde3402
3,0xfc0ac6e422811320d39b15d68d30d3a2a25d3356,0xa668e89f14292e82e19e938fc60aada927908044
3,0x3d58aae6d0cb48b94d666c3f350c3e850df0c4ea,0x5f271550945ec754c74a016b5c78e44d188d3578
3,0xe36ab2a0d9ae51f0b32a87c2af4450e0550b09d1,0x13848512b528e5dcd8ac8a392490f871a6337edd
3,0x6df8655d5fc2da8564cac772ba6fe554639eda7d,0x1f9225b63b80907a1216b387a328db4386683a57
3,0xaaaa4ad89bdcced275c6d60ee305b2231ca50e14,0xcf081687d90447a5d7cfef3d26ac78bd191ec2de
3,0xea8e68faafc4b8f4e273b255714d3ed65c7d5d2b,0x8022a87d5c9d97045693b939445ea210cce92372
3,0xaf1017d54d651e2247114caa83094cea99147852,0x294987f1bd88affb6cf6db85e7d90f45d6071153
