0x417ac47ab85ff79254a541fd6a9fdff23852a9a4,0x90291d0778af73c87fc3865bf50a0ca122e3a62e
0x417ac47ab85ff79254a541fd6a9fdff23852a9a4,0xd40765d8c5f4299f55999c7ffba8e137af694d1e
0x417ac47ab85ff79254a541fd6a9fdff23852a9a4,0x299bfd4d0b1fc349c79095a740d95723b353cabc
0x1b5da103671113a7963c0da6357e4ff1837043fc,0x9ac5dae4fbfb0de7afd9980b321ae0511b93e1af
0x9ac5dae4fbfb0de7afd9980b321ae0511b93e1af,0xf0354dce21708c950cc092d9186c2431d603bd9c
0x299bfd4d0b1fc349c79095a740d95723b353cabc,0x9518b19deeb96402e888c4762c082b1ce0b442ce
0xd40765d8c5f4299f55999c7ffba8e137af694d1e,0x9518b19deeb96402e888c4762c082b1ce0b442ce
0xfe62145b68ae16b59f88c121651a9019f13f3653,0x9518b19deeb96402e888c4762c082b1ce0b442ce
0x1c6558bb4f4dda8fad8c42cc5b0fb69f1c9115a1,0x9518b19deeb96402e888c4762c082b1ce0b442ce
0x417ac47ab85ff79254a541fd6a9fdff23852a9a4,0x9518b19deeb96402e888c4762c082b1ce0b442ce
0x417ac47ab85ff79254a541fd6a9fdff23852a9a4,0xd40765d8c5f4299f55999c7ffba8e137af694d1e,0x9518b19deeb96402e888c4762c082b1ce0b442ce
0x417ac47ab85ff79254a541fd6a9fdff23852a9a4,0x299bfd4d0b1fc349c79095a740d95723b353cabc,0x9518b19deeb96402e888c4762c082b1ce0b442ce
0x299bfd4d0b1fc349c79095a740d95723b353cabc,0x856998b71de544fd3e82790064f5031d20eae45f
0x417ac47ab85ff79254a541fd6a9fdff23852a9a4,0x299bfd4d0b1fc349c79095a740d95723b353cabc,0x856998b71de544fd3e82790064f5031d20eae45f
0x785006c86ada0357226d8c5123bfd981e9b3ab64,0x856998b71de544fd3e82790064f5031d20eae45f
0x417ac47ab85ff79254a541fd6a9fdff23852a9a4,0x856998b71de544fd3e82790064f5031d20eae45f
0x856998b71de544fd3e82790064f5031d20eae45f,0x9518b19deeb96402e888c4762c082b1ce0b442ce
0x299bfd4d0b1fc349c79095a740d95723b353cabc,0x856998b71de544fd3e82790064f5031d20eae45f,0x9518b19deeb96402e888c4762c082b1ce0b442ce
0x417ac47ab85ff79254a541fd6a9fdff23852a9a4,0x299bfd4d0b1fc349c79095a740d95723b353cabc,0x856998b71de544fd3e82790064f5031d20eae45f,0x9518b19deeb96402e888c4762c082b1ce0b442ce
0x417ac47ab85ff79254a541fd6a9fdff23852a9a4,0x856998b71de544fd3e82790064f5031d20eae45f,0x9518b19deeb96402e888c4762c082b1ce0b442ce
0x299bfd4d0b1fc349c79095a740d95723b353cabc,0x6223bc5fd16a19bcfae2281dde47861cfe1023ee
