0xa77a82cfebd23c60af8b6a3492d58960659963ca,0x5eb5e180aed3279255d20504ee591880a1168025
0x81708914e4f78f391c1369d0c7cebf2f5ba40ae1,0x9727ca412f87d46cd4bb6022d27477b232ea8970
0xc97189415ed4afa4960ca2ebd62a0f0e22bce657,0xf7b11bb08b2705d0f63b699a1452a0c0d72ea0df
0xa9e5ed3adf71d2283593ce47e10593fb41300f4d,0xc8cce8cac93a010b02e3b7e4e083b0465b1d36f2
0xec610f53d0a191b17d7984c6d31598b2181ace15,0x1d5f5f7039f6c31e4343028428f3e683b5ebb3a0
0x782b638a99c7d1f027e10ad3aa35fde0177ab875,0xf4aec71101c825e82b7d06e37cb33e76fac5ae8c
0x3f0bcc02bc997c446e54d0e0940a9203e5863ed1,0x5650d8683322f0aa4efe94dae6761db277d804fb
0xc66fc68835457119922407d84a9f2f6fda889978,0x9fe833bb9018863a8d06433bd9ebe5a1e26ab185
0x8c820d28a016fd1de53f4d37be6a8c94fa407f90,0xffad3f8ebd7b52c834ad13e3031c10aeec5ec8c0
0x7c60a88fa6b48300fb0038928dd39a184384a044,0x1c040b739c30512c4d85e4b4d49b54fb5331e631
0xd55530287f91ef036b4114dbfb1c0c282791b044,0x9e54787f06114dfaff0fc935b65c999c43e615cc
0x9287b4c9dc461dc4c863a10aaa708c10897de32f,0xa3e07e3d4877d41aceefebc250ac98deefe413de
0x0bb58079ce75b78212bbde7d9291342c47f292b0,0x4d0907d21de3bb9889cc4eb46dd3d8ed69350847
0x16ecec4a6cee8f48e1ff3a1cd89723e7cb13a9d4,0xdf1d691e963648792a24ce4563000c941f7119a9
0x1a4e0cd342ebf68a5bafac9a712fc2a035ff1326,0x104d4898affa97338e33042fb5b4110065be2f23
0x7a596c2d3e0f390a212a8ed47308cf621b5e949c,0xaaa09b573329ad4f65bd73bef620a797db71cfb7
0xbc0f0bea7e22cdde20ecf7b8a50a4ceb21f0d66a,0xb2174cfd612fc3e4e53ef654f4e2019d8636a7db
0x9a8df3e891b9db4396542d1998c298993ae43c2e,0x3b6c881862268b803e0e1732c04aa114e46dac97
0x92c714ff73585919f021c506d0fb4c6e69decf94,0x1ab34085467bd3956e566223930f7e20ea55e1fc,0x1bddb130b72814d5fb8b012ef4de6d63b38c80e4,0x5ee9c4b723f36196e135996ec7f5edd6f2ee08b0,0x6d477a39e24550160fc521a5cac3eb7e39837b22,0xc5e14f47b5a189cc5f64b36bb0d8ecb894ad757c,0x3fad9fb8d638da5821188e04ba2a0eef6a92dcac,0x94fc38fc11dc222c466b9ef33ff0cbf01989c7eb,0x1d3fef9ec4244385276fb1f75a756bfc646ff814,0xbed1b305349c579d6a8f87a93e13ea0eb4e42ffa,0xb3d6985c388fb57eee930bf97ca914cbee211680,0x4cc0c0cb4883b1a8b5263d04432ce5dcad5fca46,0x123a3c28e774cf7faf27872782927de0347f351e,0xde065a28c3b5d9dfa119f361c36a693307ea436d,0x4b2cdecf8d2fef4ed7ca95bf7cc468b346cae278,0xa0711b7c6cb12ddbc0c6ec7d8b5c13520f5f09d1,0xf5d9ec705d9c314cc9ec46c2a396fb995598163c,0x06f843cc2b2e4a04d5f2c45f769c686f4b62d781,0xc695aed563b3f342493c768b08461a2005414e5e,0x4ae0516ca4b8fd78112168509ed5389d1f23918e,0x5d1c3724bfa0e2ec279f5737db31cc3981367e82,0xc293401b970880737819647b7c871e09d9714dc7,0x5dccce09af677822419130dd5285ab4d50593249,0x3a99cf7ca590cbe16ecf184343c22f88e5f32718,0x3121dd9b7d1533c72a2490875651a5be22df585b,0x25af313f3a086deb522753796d30b1a61eb0c47d,0x73eacfb138e324b155173e0c308827442baf26be,0xfaf9cdbc503778d0c6e14ec23c901f9e8761e585,0x4558474cf8db59daaa18efd723f3b3209eaedc6f,0x4365ab28132a76ee40b49ad391196fe5608dc538,0x6833c9c63e1d581f8e0a6363679a3f7bef45ccd5,0xfbeb5ea7e136993aa56cb695c7a2c60016fb3f04,0x34d5493aa03664b388cdcad8939e729d80201fbc,0xf430391f984d0a3b30a8e57f1ff6ad32ee9c6abf,0x27687919942491ef264e7a3efab7133870925d99,0xa90221e14222b27b0578ac3f0c4e79b7088164ad,0xbcd34f96984284fd55404544248b6ce7792b42dc,0x930e8b0935eb86fde5c11b32a2f2ebac1ddee784,0xb2c40773c655580ab1391d52aec1726348041a07,0x8b76de0daa39768f04e9bcdb358625427a9b55b8,0xd2b5497115bb59890d8c0159aea442821cffd19e,0xe2eae05e5bf8376cd2272ef09af4d36b158b1046,0x869fb507d6d157cd33e94b690368d59f7022a5ec,0x560a990b2b57ebc15df82fd917a3e662d3cd1805,0x7a34c7b8fdd247d7a0b172099c09c716d0052519,0x84e770ff53002c11664857dcc924c2f55c0d36f0,0x0f81ceabe00e97afe43e94fcaadb8266282e7ef0,0x752be792c56761e006d835e8472799ef27a959bd,0xcfa96928de93ca15a457646c296a93f8cb15761f,0x692b3d0c5f528765b50678de29c651d220315292,0x0d62230d2e698bf953b582aa005b1d6212f93200,0x614bc5a6a631bc6b15ea1b0c2e59f8ea7b6bace9,0x0401ab7c7d8a7b284c01cb2f8214affa295bb2de,0xef5d9c44a023b601253761b12bf3a07bfa73fb85,0x37a0a8174e68b014dd251524f4de0c8a149dd092,0x25a7225d6a4d7c28e322c134b32409e77c57fe45,0xafb8ecd7c29d135d92c7ae67b1dac27ce8ed16f8,0x82b0d9114bb4136cccbf60222f7a2a518d398c28,0x6d2f04777656348a41d1dde9fc0555ac76b8dde7,0x019a3e467291f36ba959ea1e2305cd739447574d,0x3ef2966e2359da1021043ddc0800f7ae0ccbe377,0xe8ce0d226209421ff2cfb59863b14121d710d55f,0x84c930609d232aa06d53c603001c4acec014822a,0xb761983afa525a90fe13cf07ba58f290913075a3,0x745473ad8ac42b1a38f67be50ee99dfb0eb48ff5,0x80349d015646c96b9ba64fc1847fee45506fbedf,0x331bd03eaac766c9fcb16d14786c3a9fa6259c9f,0x8b8fa5387155488ba787b3a90048b88328393ace,0x870ae863eed6e356b3b48b6dd1cda806b3de46d1,0x887e81b111ce7dcf2e05aec3e66064ab3f537abe,0x3a9117c921f7ad544614b7117c6058f42ece60a5,0x23e9f91334496805276b788179f5731852c032ef,0x21569f09ade3dd67e5e7f5b4e95095f4c1a959b5,0xb7995e11099bfb3607ed487930076c6129adcedc,0xc975f63380da59d45b5a912924fb6f078ba167f9,0xcf76b38aad72a51fda3606126696969d344847e2,0x2f5c78a0c73157f13eba127698513aecc6866c8b,0x3e7b1dd86d10f926a3da974a4cda0f40fd986e02,0xf9dcc86a86a3d9fbb536d8dda6273aa755a09e66,0x7e3f539ed2b80c1e243922c4422e413b8fa71b57,0x9f0b08ea4aa6f84340d8fde1499028b14b766ae6,0xf9da8b86024de7e5cb43ef0928065a7690861d2a,0xc1089c114e8daecf20948fc2f037d80b010832a3,0x49d85cb4a1fa56a56351244083328b4c77d4bdd9,0x50a7718111544c4516ef736aae14b0b70a2e5c7c,0xd3509222a2fc45d4341bc712aca022912dfa4e1c,0xa29c5de2130cadc1a31b0609576367d58ac3a80c,0xfd3491d33e27349d1807b9a53451da208d13835e,0x6c9a4ec5eb7bf937a7b04b640c887d9a76d83e7b,0x4dcbb2275d5467cda524657b69b05b5aed792fe7,0x2f68e34c2163e41b771ac396c64de07fae48cce5,0x90645e29e64e24a474bc5e55980d23d8e7d7ea23,0x35f081bdf4740ffa8a56ff98e4b971fbcb7d82a7,0x89423c663b904df1cb27cee7804af817a991021e,0xd406b13f52b9113532492a06292b30be80ab2b04,0x0ca5eca898472ee3bf70fb7b320077b26b427a23,0xd5dbe1f832f09f4f1762be1abefb7c70f2bf1d34,0x538ca111e7b9d99c31ab86796d45f9828f58f41c,0xbd16a4801f72adcb8b58d791cda94125047b71a9,0xf7552b7f889456da07871a67a9b67b7c0b486814,0x6b4ef12111a26a18cce2f1c4f794583f021b9d5e,0x28e708b550792f43be1e46e136763e7425d21dcb,0xd4f8b86a196e473e900dec6965a2dacfc7493f61,0xe077e5ee3a858318f971856860227692c32beeda,0x69f984bf4595cd1097aaa84a3b3f2fc461db70a9,0xed2e6675379a07c0d1e847b7dc9573f279a08960,0x823b59e49d8dff629de6496c73bbc7021120c8fa,0x09f620044dc7878e524d0bd4c3f256763e8be3a3,0x4fc8fad3b8b77a4b783e1c756619f44e4b5eb7f0,0x2cc0bca1fc47ae4edef306ec36f6ce07448a4e32,0xc3fa779970bd214a5b6cd27956f61b43e2ae2060,0x9b5301c84e9630ac736200e549bb07c04312cd01,0x64446dfab0ca1faf2142fe09101c9d69f7642ecf,0x2a1f2b52ec7b6cbf784f1e623cdb1fe6f06b871a,0xa3aba5d55af876dc15e5dd9ad515b54690b5afe0,0x487dbb54d11e6cf4376dbc76a3dfe9e079f8a493,0x5dd18b401f95330f6d13a7408bcfb1ac89130737,0x972d816969e27c002c5ae6df340cce92f798b867,0x936fc8c7b8f72e8a0c0d989454e7354c8ad43406,0x16bf99f3c69a7bb8f5901aab8d2e70e1b9a37122,0xefedf67202d5a54e603a169e86d205c394cbbb21,0xd6a98b987cc8ba99a83543647c36c87a4d6e386c,0x3ff25e4f8cf1e7f0217fb5efc9a25967ce182be8,0x33534845d6b3582cbabab0f55ec46a880a308794,0x7ad166070691430becee21fa2e201175b3671d0b,0xaf75032447d66bd6b1857c95b7fa319c570c20ef,0x5add5b161375b3320cd3b858fd486c5f73cdeb9b,0x96c71d441e2c69908e4ba357a3fe5e92cb756a52,0x4112870748c529aa57d2fcee610f1c1787b8de0a,0x13be8ac167efa7cbaf3bb565a76568e1f9bbb283,0x800696507e781a38286fb8fb57b2d290b2c71392,0x98b99ea4d621f61f050c59f71b2fb3f0aa9af019,0xdd2cac63c600f8b9ae68818c4d9c91e73ebdb760,0xbb612b96f29f6c418f6a8e3104fae4d5ed456ee1,0xc853c96b0992c6076d33e31815ad75ddc236dff4,0x661910d744bb745279617aa90f0a80e3f9f4e164,0xaae457d29fea4c6253de98b11c07363ed7772243,0xeac27eb244a034f1b0a832b97adcddad504b0fa9,0xa21957b0d50800cf245c4fbaa2b6c3608a3097ec,0x554f94cde1b7c5c13f324a42056c1cc8803e0cc9,0x884bd526f90a84baba9c84e8f1b0fa338cf8f6c0,0x4f86e6bbd2294179f784c5f80a67bca6392278dd,0xc97b2f3cb28db41ec14eaa2660aa90a55d19f777,0x35cca937aa0426e347d73eb3870fd71aa3eee359,0xbefc2e3022a4344e3eedcc4973e632a73de26546,0xcf5f1bdfc6ad6ccc3f44b3f7bd303434fc5f006f,0x2c964c3a9cfa28ffc6017aa4cdbb8a1b2b334cdf,0x1fa8f68048988fbed79580b8212a060d90730240,0x7b2b19ac5e2c5a9c7a1c0dd07f5b820a5604a3d4,0x9a165c764c7657ddb48998882133d0c405c3ee13,0x57c2a631056aa503524bdbe12a1a0807736965fe,0x9e5cee2968396c6e7d1810c5e81e27a3235e0f1d,0xbc8d293e13a813db64c307a8ab3a164539757032,0xa01eae1e210e475e5c5b602ff719300ce4b2423a,0xa0e5fa7e58626b0ed97659d135a1bed9fb770af4,0x5a40344a1c7c6ae73c12406f7c37b6c4e54c7dc7,0xb1e20613ea9b8ad54d99e1ef38c45837f5f33271,0x3952dd2e0a42bf1bb21cf54837f65936066c9b1e,0xe618a90fc8051d6fc56fff705267620f0f6a4760,0x404080a584ef34f9c8e1d4608877afdff8763cbc,0x14cc6531a48612550dc3251c9799c776fc46c668,0x2049307305e935ddb2197a6af0e55ac299cb8e4f,0x952e730b48deb4e502a77c9e0be801eac2a6911c,0xe493b615c66b5433a037e5549c61c8096dc0cc9d,0x715ce8e69c82db9012e402c39187a6f11d2362b7,0x1609a26b37eb9864ddc0019cfd9b1ccf8f41cadd,0x85eccabd45540911dd34d466a27d4315cee0a312,0xf32eb313ebe6ace4933e33ab652237eec573b65a,0x5b758b26b71d2bb4076aa6d6fa11f78d01de9cd7,0x0c0aa38a9d65dd20e82c58ba5373b691c07808af,0xfde74a6d32f4c2da77ceeadff3bd6823e453ad17,0xbc4d7d8dce08bf0bee7c549f8e4241bf8cebf858,0x427f950eae51f48a4574ac3b4a78a5973eb07d04,0x18a935461e3328f2efc76c206d0e56e76878535a,0xabe95ab6c7b9fe34a96d0932f903cb0dc1271ba3,0xa6fcc3b02e5776b7c995bb8231ed0e25e0cb1ddb,0x88eb5770aa07fa129926dbd8720a0a98db2ce605,0xcea19a3c9b55d8d1fde2dd2e7d8a614c8f8589d2,0xbf09e106e4d55c0b501e91e946c62ecc0f69d443,0x9ac6a7bd4fdadc38326d7173968565204e7de630,0xf3824f5ec932fac4ef38b6df9c515ec0487802b1,0x7d00263023a8a2c9c64c0ef664642bdf0994011d,0xc4808b4292d36c39e4cc9e80b5a1d4eebf456581,0xe3c72fdff79f93edf5bd8fab4016c5d8d74101a0,0xf097c385c06d5e988d185e2f87add204cd781f80,0x2c8040b5ddf2d499eb1c13ab3ff15d5f8b8d1ccd,0x0c118ee22ba982aa829a49ef33d095d0719160cb,0x5945127739caac102b23b7636ad2162fbd3e41d3,0x3993400f0400dbde6d83d91b40d3ffa034e3c828,0xd71208780db80d3cc51c810c02cafd0142a467cb,0x148af634c0b2d7c4c7c719cd0c76cd5814e97716,0xc062ac88074efda1fe4c466315e0e7d61c964393,0xf137e76b47945aa7229e29c2db5adf636c364f82,0x1222b30102d1eabc7998777e3d2c0d6ea93c9583,0x6ee3b64a0354a2383385d2027b840b60e1b1bd7d,0x62fdf60db61ba98dd163fd8aa10ecdc92856a8fa,0xc9a7365c6804d8147e4afb5208f3925f191df2aa,0x234ae39352c710701bec720d2e71798610ada1b2,0x3ed841acc1f7ae390cded9fb463242f7cc67fbf4,0x5200d99818b50cae3abce7c278a460489031ce9a,0xea6d08fdf9b5b250a88812f57af409874f108b90,0xf154fae543c6a1aaf2df44d5caa5cebc8f2273e0,0xda1081186ee8a1bf759d7632d97c9c322b916037,0x30f6323c89661e12842375f1f1c43ef02d2f1f23,0x1d6809b43f70dd2cc12b0108e9b0f2d08ab928ff,0xd7fce19a56837e9db17b12c563fce29eb1d44cba,0x2bf6ff6be9da188947d4302efea5b19800641854,0x6671aad57ba8990a12f0848548c9425820453d7e,0xed0e8379ec3213cb6e132ce24cea245115d3d4d8,0x3991fd27d0bdde5a1bd6f735371a0d5fb9632d6b,0x3d85fb4d1ed307e9341ca8c39d36b54a9f485040,0x2c5dbc284630731d9272beb8845b30a7969e879a,0x068d2b4c5c760bdadf13e462db515192c840af73,0xf81b3e52ffb712e35adebbcfdecd86198bffc452,0x19359b48522cfe051e4d36c9f84410a4d3cf36a1,0xc84c5e853fc6d61233347c102101d7f0440409b5,0x61c9151751df1f4e1be30ac2bcb5aa6c8b225768,0x4021fd6bb662d78ab7ea21f506f94cb141dbdbd7,0x17c573226ce75640141cb56739c893fb2984775f,0x9a6397f9b91c0be1104794498fb66ef2689fa650,0xde0ce9b4d041eb326a8130c57c3e52f664c4da30,0x4adb3150501cedf62d800c24a9ee38de71477211,0xa1d3546c96d9013cdbf645ac900c31349e91b1dd,0xa329578b704321716d9f0194aed17b26628bc5ef,0xd2cd8c8e9c56869f1ab245d0355dc07117f9bf6c,0x13279ae2d16137b79fe6861bda79fcbb867aa6c6,0x049edbc8cd64d8308180a892f52a5cdb482d86de,0x68935d81317ef6d3f8c136666efdee3e4dec962e,0xd46170ed8837491f9587adf8c9c92f9282c24f1f,0x681f817251d3c07f48b0ce109f4091934f004cc7,0x1654668a452aadbf9dde3fc96d30634e7ed080b7,0x0a4ede539c0f7ddcd71ef195d2743dbc2bbecb5c,0x9567e782eda3093360c16d247c8a6e65b104014a,0x3ee48ee901085a0b23788be3f98a6cc9ea6a0131,0xbce25c23acb00b7c7c02469c40ae2a44ea5d9357,0x08b5930437746be6147fc927369d0343f7d6a0fa,0xb6e32fc788b0b5d93548b44653b4d5d1464a5c46,0x50b9de35f6e19bf63ab832e1d85d73f70403d742,0x58e90d26dc246c6c493270be6c86999e4eaa2c36,0x83c2ee6a5eb28eb4cedd4c64a37f129828b4fd93,0x85cc8e95db8ce79f3ce2777f8ddffb2698b51ac9,0x66470fa397d5c7947fa4f3e8151a1886d2268769,0x6afc2627398089b764d1c86c68568c0400ebd7f2,0x3828636ac4e5398695c75f48f5c9a8fbcd6c41dc,0x1eb469729f488f32eee4ca874695e9eae66b8296,0xeee48d080b016b6928c5bfc3df0d5c52a2e46f9f,0x5fe4c100314e61c2edbda8547e8a1c48eaef5427,0x3712375630420e833c93da86b7f3485206a8ea72,0x0a321dd8be4edd511ebe273e93b1863b790817dc,0xe83673cb156853440b857191132944bc80ccab7f,0x5956c5c80fa1d2a1d94e9f553f3edb4b1ccab68c,0xacda75081dac9c4786a5dcc90a7e097d27121a49,0xa6acc97e8a442d3fc5097e92beb42aa8bf09500f,0x050941a6e1fcff9f4bc2791e22275f1dc773f05d,0x224941344100ea252b065eb3758789089f54946a,0xf4a9ba70462b582f44d69da090b655a6472dcd5c,0x1bfa904c6d537a688c85cd1a8a81a76283963b2a,0x9b87db6717734b0f1038930208ca3ea751fd8f2f,0x026336d1a9e80dc68902b1ad059538662b99297d,0xd2b189ff9ab8d269738a516616023a1d5a3ce522,0x1785f21d3a5b14b3d56d0f6eb461cfd2b6a58309,0x7335cea69bafc9ffe6c59788ff39392b9e7f6de3,0x733ca2814914a79b507edf21263d094cc21fb8af,0xe9a43f078908fa851b964e10188918408bb566b9,0xc3cd26a50c9fedb7ccbae37024fa9e715250e755,0x4def2af95c17db64f8e0ff068e4a317089e7bd20,0x1e6740f74971bd0fdc16eee2ea45782563056b8d,0x266a415509dcd94751c34659d44425f15d14926f,0x2a167b4d030740c4faabae0ffb64e7faaf25e8f8,0xb725af0d4699ae5b34f739e5618d6c8f77eef937,0x07e8aa750d633d5805e37d9fb8a401e469a77386,0xd5cb4a7d7d274a9007a9a682cd42d76c1e313c2d,0xfe472521d027b5bd5136df19aa940a799981b1af,0xb47a27cf783d0e08fd1d7ed7aefdc5d218d02d51,0x72b641c54b33f1416a11e62fcb6e39ccce5e8323,0x1c7b0fee1b20322bc6533f4541d9bd42e4388115,0xe6185ba9e39f32d545990169b8ca255bdc9bceba,0x9d27d6913bab75e0331d73c95a867160bfefecde,0xa80f06258a48bc0d87088be239bb2a0a1c45e368,0x6ca5c78c55bbdc3c59934104bbd05df4dc4ae5d5,0xa1054cb9cafe1934620b1aeea73da71e1c396ab6,0x6214db14a723160087fb3cd70dc3f912db9040ae,0xf98a0e1565c5e83efe0b424f9c1ec9a4cbc039fe,0xb1c36caf4cda047e993d96b6ec60e816d5ec28ef,0xae5f1c9895282b17dd4004beb0f3aca26776b98b,0xa7613ff2316515cebcb6785b75ce40f6d5169bde,0x6f3f6d15c6348312fc36283c20c88bc6c14b1aa6,0xfbc1f50a5751423d09fad23ec41cae0ccf6230eb,0xa04e33e7ca76e607c0e617228dde13d9d11587a0,0x3ee50d9b2c7166ba61a9ebd778b57497bd3cdb0b,0xc85b8965eebb6988cff05d14fbef3a42542f3a46,0x4cb5587d6ce80bef2064136e71644fbe4b64d8ed,0x625822e26287dec03dae5eb05066095f3e74fcb3,0x7796114e8551479f55ce44f00f6ae4fb790dd77d
0x23d4ef71a3f2416631b81846991eb2d8381cc052,0x2203f739f0ae3d5fad8ec77382f59fc888c1bed1
0x1c175fdca70f2f1bbe04e3075aa9f968d35e6eb8,0x27ab612b08af8a1a72b9817ab015c91bf0ce59fd
0x751d09e4fffd0a691795cf23ac4a57aa4c0cb298,0x54452271c9414f78cbcc0fe6530946a95f4b65c9
0xd91911b1b2a43ec7088b365700454a6668421a8c,0xb21edcfbb2edbdfb3c8304c71235196483e6b8b3
0x603a03394dd9a5a508c96d1c695f84fc74747768,0x756d7a57129d9c64bf3400dc4f1f5d946688140e
0x08717dc665247452454b6976a0fc6aab3a97d31f,0x3648930b33ad343c7657912e3dd34253d43fe466
0xe37895d937fde469b57f6980ec8a8e2b7d5624bd,0x1ac28d13abc818a75b8cf35bb25d31f7d31f26d3,0xeedd71f2655c45a2488a9562cb3470a7aed55eb1
0x4f076f0fb8712d7fa3766f8c75b6c11f06cf24a0,0x7be9c8172b6eb186c903ea3f7c937e81995b1de1
0xbfcf0b178f1d0c28c10e2fc9950a877103a5815d,0x141ae4e383f94cf413cf6f642a7dae0d65758f65
0xbd1ad1c7d873a4fdfde5176c9138845c26e411d3,0x999999b538733fc75b29622acaafb76ca4c87208
0x9bc538dae5aeef6a3f552a989272997dc2b78a49,0xa6c8f08c7c0608c3f2dad6da19e2223a7adfb9db
0x94aa3ff1e55ef0aa6881ab528e3b1a33f37e496b,0x4c9d4a1310639da40bd47b68553ed6eb366db22c
0x34dc2ed6ead3ac48e86c900d66d0bdc1e9f25208,0xdbee0cd6c5fb3e469ffb6f00143bf8ab3dff4963
0xb4972e4bcd56e2abcd40d7fbb48789be26cd2fcc,0x95691f85167f8a6d06ce3012d61a8eba6f7eb801
0xb97a377229bff1bed964a82b09167d4cc98e2e27,0xbab609d1577d6157ad2fcb29eec1ee7608111bc8,0x14f837062cec27647ff78d7d540b5dbf82b6401f
0x03e4cb07a37032efd8f75866d9f04a6383f5be94,0xbb0d6c03066099fc424e10557d439d7fd49ba376,0x9e171d1d781998ebc6b0d5ddbcbfff41c061a57d
0xa3e2650428559ab2c8d7ae4ea97995865a5bd8d3,0xa9cf2c5fa8855d623076d7fe40b3902b96c0178f
0xcee2653d635f739590b1161be77c3d1ff7c4cee1,0x8f50b32d905f6a7504ef59d0446117c92693070b
0x3f5add752f058a6717e4acd56f1418a3e452768a,0x0ed692c7503fe8583cd4d044dc5db8f00b7817ea
0x64574211b69a8d50f94ae4b3ca269d531ccf4e41,0xec63fdb084354805492a5b9f4b04424d17d5dfd6
0x42d67ec8d750f21318a6fe665237f48bf6e298de,0xe571d3348aa81ac024105b815fe8284eda306b13
0x8e05e2a2313cbf98ed557a68af1a8f0b291f9cd9,0xeda57576a83f680670a4cd2842d615e6a9737918
0xc5a8a8dddd2563d97d98ff4c50efca0fb17549f0,0x457e6bae8d65d8c1afc31187c078b6ceffd17907
0xe5bafa9dd7610899682a8f81527bb74bb695d542,0xf26c61630eb01bff22dcc0808cec54f0f0e5e94a
0xba42e227ad65453c971a305492d22a4458113799,0xfc01e818bb7292d4f9ba73e487fe200f4289b81c
0xbe3dc569b9c2a070f370106d7c59b8863bff67f3,0x50b7b98c40025514a17db2494d9fffbab1765ebb
0x7f07fa787867edb78be108cb9a32210db39ba2c3,0xb36d8d0bcd5f32ac53d8ff8521f99e6ecd6b1f21
0xc62390bf569a258353847921d2c6b636d1d45e48,0xde3361174f97668c8fb8a5932482dbda5c2fe08a
0x024641bd00f878a68ca38e28abe03f2740a513f1,0xbcd9d5ef461357d8c2124a670f003290335d58a5
0xeb9efccff4f76fa8b3aa63f9e4e1e19144149c6c,0xff89ef9a05ad868bef7b3585b0d16f3018b5e8ea
0x5d7de479c1e7da37dbdd310015ebc2b9bc1383bc,0x5559f077cc54450e32cf4b1cb80debbe15eeaea8
0x1f10ae879d7fc03f5f92d3d180a28d7267581a5c,0x72f62c9568892f596e1151b6945963134367957c
0x756a9ca181b7d534beb3e82e2b2812a31537ffa2,0x52041005d87cd6ce95d59cd196abe8818e276f66
0x599abe13e88f1045e3aefe02a07f7bafc0c76b76,0x4f44c1226eb9d13ae5941ded9cc1e6a4e099a68f
0xceab28d30a18de5b50bf8b9f2fcd5b3798c7f48f,0xbe87ee3b07e07204484e79d099a1d730e4f78d44
0x8e0277f7cc55582762a09e9a0e67dbfde1b84ca4,0x96e5d78eeb6d80fb04d41007b8b787f4591ced56
0xc483287d7e6d2d5427444b7b5690794d5c886c27,0x51bb3e5e40d76ca2e71a49196293a08c7b0ce605
0x87861c0e4474bfe99fc830af156191ff4c5dacbb,0x2288853b5d089d3875082906372db6a1a9f294e3,0x78762064e6a631959883b1b41c4f6fe21b79539c
0xe41236ac8a6d84e431674f1b71acd006d5975582,0xe7a569d90307f3212f2e7482b951879bfb7508f1
0x48c0ec8ccc8f23ca4536331ddde5e696f7cd85c3,0x23026eb1465cf7dd0e573be33d8ceadb7bcf716b
0xdf28791868d3dff7d73d51cdb8a28d218507a809,0x5390b856eb1c45fa8d508bd4a0cc3ec80b50f36f
0xe87fa3a7f08c7798d49d4f2755faf6ad6c7a12f6,0x9670820aba6255e00938b6b5751962927b0b6642,0x50f2cb78d1f382a2b895fe413a88e56a33e3bbce,0x5d3e5b2e374da8af85b969b1dd69d0493bf47188
0x4d967498164a6c0ecbe52ae335f636c62e1a53a1,0xa0959536560776ef8627da14c6e8c91e2c743a0a
0x9c27fa51cc741be38314d4150f89fa01136f26d5,0xa80c79e6e0c8a9ff38022f3f643deab6af2607bc
0x278fb639eefcaab04ebfa8110c3c04976f7eeb99,0x2913a12d96334d78109aa14d572d03f5ad7fb861
0x41b395a1b24532372b697f1c35eadba5ed4d13ce,0x196593ade7cc7edf18981c7a7dbc2e96000004fb
0x409f38a5ff2cd653bdb1947ae625befd0abb69bc,0x4aff8e1aabe8e1ac6263806b51e7f096cda9d745
0xbfc7f183746a697a3d570a0266d0530a6f750896,0x917153b9c1c305682e19a4369000f33f04aee408
0x10cf3b33d1b74959276af1869cfd949a107fc6d6,0x545430b264022ad5d2e4486b597d9dd8c958ad68
0xc3982db5a064bf4683841f4e9d35c528826eceea,0xed517b1aaa0d05525b84a14aa1aa0f9d6b537270
0x53c5e603d66093080c41924867bf5abdaad0ad9f,0x3084cdc60386d37e49706ce9ced6db1de2d9380e
0xd2fd5da3b72e28aac3a8da29298b597645a5d141,0x31d9738b39257dd3ba3bd50576186441cc998f2a
0xc5b527eceb8d9aa8ee80acf3945af638eb058dc0,0xd9371ae11869936c1681c1d854f9ea368b8c8f69
0x2ce7c4e6c5ba1bb6f447804275d36512d2af22d2,0x37d1df194e998f021e81fb6d9ec73b27ca3ed2be,0x7a8d947e7007464206fe310ff244467045e01010,0x6504e199497772532e93b2ed4b9b0681b5641f88
0xdc4728d19eed3143bf982fc4aa7cfd7b751d6cc0,0xf08a9194ecb3167f023f19048fc63e695bbb5023
0x28268b1ef5853a5abea585e03e220ca21c62e03d,0xa64fc17b157aaa50ac9a8341bab72d4647d0f1a7,0x451b38487fe9b4368deeab367dd888711887ef4e
0x0c6b9430cb533f8b67456b04de7b7cadfeb704ab,0xf0481d97fe0c6bb7d4b057d442e95da3c6e351b8
0x66be8c894dc91302268beffb67fff7599ec910f0,0xa40d9373a10341f524700e407c296a2fdde72a82
0x994c2ef11109a4a7464cf0307cc8b1050b89d9f9,0xf2fcfdc03c9f2edb47466e724f457772a226a608
0xf2c97b63dd715e62d0f30eed0aac7f0f99fa6a8a,0xab8717148e13931bf9b52034302b0b1744bf2ca2
0x126102950cb7b46b970994b1ddf3bd376d5ff1a6,0xd3802dce7f7a54d59e7a64329d287624ff3f495a
0x80723cb7113a6323c8a1cd9b4362093ee54b49da,0x88eee227dd9590ca94ae767ee49efc3187fc56cc
0x8f780c96d5fad52b8ead3c38514478623d9feb5e,0xd32d22cec3d9d66e98cc402a375276467d4efebd
0xc74d1af789f5a0223448db69a1b56c84845e17d5,0x2a84f8c4e4c1660149b346bba486997cacde2d5c
0x4a534deb22d18772a24450c7cf07c13035fdc07b,0xa331ea4bc72b455aea8ef86e36460a255b04f506
0x3d461454e8d579da987b5f6ded452cffdd4a8b95,0xd4706df79374604fd606f857f72f504e6211fe97
0xf51b28d0660eb58c00c3094e5d835bbbd938cc43,0x3150740ad6503df5e3fa3b08e27738fd2fb5d788
0xdfe8beee223412f316baf2968b17527d6eba29f1,0x811a7a8af8261da8a2f09877a03da45ea6eceaae,0xdff5e6531b4e2a8412d7bf5ccd156b4489d0280a
0x15fa1929837e2210667aa93e8b1454fe0acd8b40,0xaeb2278dc379a73008c3039aaa6c28437d62656e
0xcf29ae9ceb02b428bf82a46df8a5515aa0fa2d60,0x4ec3c59c1c8cb0f45a0de64db3c33cb21543057b
0x10dee8bf12e233087cfa33481bc0916e89fe1464,0x9174c518915ba435f7c491fa9b430f177733f225
0xfa20fbb15d2584e486f29d86f4f574fb8158171a,0x09a082b7147e41b02dc854489fe04ba32407322e
0xf11da00c76e0ce38ae6c721477502079cc225da2,0xdfdbc9fe64f3020b8440deb6c5db544a89aaaf04
0x4e952924743df7bec5657b9ca4f89aea97c6fa7c,0x28f8fa3eb9842ce73e9fb394d55b05f570886dc0
0x467f345940ed60e025a85197701f722378d248d8,0x395be1c1eb316f82781462c4c028893e51d8b2a5
0x5f3ad92018b01acb38a3b9167b1ae2c9198f7c77,0xa3e2c716c54d0c99fe17ed12dca65c78fee7159e
0xb181c157f2b751022478a8dce4da18db3fc4b423,0x3b0f3999b96fc6923983b15593a882fbbe6ec0a4
0xe0eeec7010ac9f74a947d70d43173d6765844768,0x9833cd4e6c34b4ac256ceb1910da1c58c24f278f
0xaed511ad396ad1ac8390d2faee21fdf5c55b4c00,0x172d0516b8e5522098f620c8657d46da42dbe698
0xf6b6f07862a02c85628b3a9688beae07fea9c863,0x7c560c4b55b7f060982982ff5f87ccdc4c9e80bd
0x7f1ccda91b1fd2a9cc9de5d943df0502b3ef891c,0xb77d0e20c746959db156f22ffed6841f16c7ddef
0x95d106ba5cf0fdd243138b8770588c1df7ab9371,0x855c2d5c9077eaf06a42ce0c360aceee14aee749
0x6ebc3f5c03f43c2817e7ed09cd042e612c43d74f,0x4d1d758f0966c6e6de873958e62788300c13f60e
0x9859dd8f057334ae0c6c0f2c03af39803cb36d56,0x4771554ad18b2c9cf17ca70177b9d2715932c3b5
0x2956c6dcd3662149404e514d106c354a54877091,0x1c2de0748657230e558a3682472ad1c6b9de67b6
0x26eec268ee11e3620e60604d2fa4ed2989c3b799,0xdb7a572d310d0fdb41ec904f360b027fd77ba057
0x39d8e84ef765360cdc1ca65d30333b92732bf09f,0x65fce0d2cc6628f1047796ee6f8679c0fd22b18f
0x694964d36a4c847c6c5e2777427804ec1fc94699,0x63aca271f095cbc0a3f7e56646fe4d26d150a1c9
0xe4a4ce1517101324bc27bcc803f84af6afe3509b,0x4481461f5d2cea356855917cd7c213001bbfa087
0x1f76a27eda1705fa9bcbb627e46dc206cc85eb30,0x805924f60d22e3dcd4f9917d148918c6a472c48d
0x6b4b7f98abd9d82c2ca45d7ee65b619bf88e445c,0xd5257a3909f522ce44f1aee6ecf52b5f99422581
0x039b678799337cb0e04dbdd192020ab4fe65783e,0x301a4125ae628984fa2b419ee8fb527a4873312e
0xc81962197271f5d968e731343c72440e9cea987d,0x0077054f179384f1ba7dbebff64eba4c86298e2b
0x2007ba2d9c9b003c99f226777143540328a1a81a,0x60f3a536c3e8d35e9d27a4db2b8faf9c82b93060
0x383f42b5de515c564641f65f5da3bd8b4a35b4b4,0x2b7b260db29b86ad62aee61aa1dbb0f6addd8bfb
0x680e0ce3e601311c02987078b6d22ed096905636,0xae99571b035257872fff6e28918a58a501651437
0xe10604443312d949a623490876c4a15a28fedd20,0x4838d02f34a89a645fee431be5b6036e62f01002
0xcbfb423d668f848866427089e8527474dbbe4a58,0x74451193ccf4d1c9182c973538d9d2339350ee1a
0x1bf366828f388dc504a11082caabdeb1e81567ed,0xd88189f7dee6e5dbd6cbc6f06fd357f4bf7f330b
0xd9a4693bc2d2b0246f931cd307d2bc53328cd73d,0x7b5a42f5717624bcdeb39108bb883c308f0bae8c
0x2f35307d57444a833bb28195014af36202f93c78,0xb9f17ae56c2febbda891f911658f824c3d58a488
0xbae7614abb13358e38d193675e0031f070d70900,0x1b8412dd8ac3d9f8c7e785031a4f57fa3316e6d2
0x9428e55418755b2f902d3b1f898a871ab5634182,0x7d3d7e5bd56509fa5a7c6d2167a97fc172aeab15
0x2f3ba58019044b71ff1e769774e86fe3a9f04937,0x7d8d9dc1fd16dd1434cc927423321a4259ce05c0
0x733dc0436badbcb1b33e9ec7069aa684def7e14f,0xbfef37e8b5fdd07c84f07671e231e9bda87067db
0xb1e6e410e47ab975e485b3b23d52b4eb00f5a779,0xe2ca7390e76c5a992749bb622087310d2e63ca29,0xe4b424e1ccc6f08768c921455f83181bacbfe3f0
0x7a421c257d8d2b49054ac65194c5dc65b517d38f,0x72d4d59f31d0cb4a4213a5dc81fc0108241ecc71,0x91449b1ac0d6b7582bf90ef6b8045ee0b3ea3d6c
0x44061be116a5cf4c9faa9c21077a7924da9cb99a,0x4f246272cf7f66005c965f8a36e132c2a1ed34fd
0xe2598d66b02e8580fa195535888903d59909b9a3,0x60d582003e286facaa5ccbc45c846b6305939175
0x9588393a418ec3ce9645c85c0a07a5ae2af5d24e,0xb3d839569b42a598f0fdac4a182bd98f6a2eda20
0xbab4e95458c969d760aa4d46348a8d7581ee4f29,0x9832178f975879c0765bef385e40a9776f49ac69
0x5a8b7a259ab86b6653a257861ca661aca360971c,0xa192aa6fce8e60e60e865ab456d6b50872a81e12
0xa4b5081b51ac5898f8dd8b9da7d6c988ae600be1,0xe99146f88fbaaae850d431c5b98d368cf550a471
0x754f39308f16e47d110b1df9eff22ca423165e1d,0x8e6f6fc1a7388f686df80bf1ff36d55ef3e10f80
0x22e8022a00d4a564db10835d674a460236c6d9f9,0x376346cc9f76b5e7e261b8c971a8d65052f7b281
0xf2259acf73bcefe7607db044771dca0355d80a28,0xe747451b6978e5509f370c5b3443968bb26989c4
0x99d19ec0c63e2bf126879d26376c137b3e387cba,0x61734583b2387f7aeb21c1775df7573b13b465c4
0x4278314c1a50da6014e580cbff34fc383b335049,0x167ae15b74cd20482e80f7e425b4ae6d2cc631c4
0xa1d70989bed9d9c0b2c93da4eca846767bcb92ff,0xd7b2879c8922cd704e41e8cc1f18f6994d6b7c36
0x39d366adf8cf2e6cad58fcb9c6c66a3234431335,0x20050d7db140fc1618c7c7e3d8c27c4240b2624d
0x0e81f7af4698cfe49cf5099a7d1e3e4421d5d1af,0x4e65175f05b4140a0747c29cce997cd4bb7190d4
0x02829d2c9b37dfe99b01212f42ba82ef8ec962d6,0xea39238065b4946103d64599ba4ad8f6782078fb
0xde6a241996925225d2e13009b84094fe8c9c9124,0x14344d481dffd092bad00a052fc4c80d4924935a
0xcc523ded7c554df4cef63081337d73813b8ce828,0x34c799cfe175ba30e5ebd1debff902dd85e2bf8a,0xfaf6f90dbe8bd7275576a8adfa1b8b9890cc5bc5,0xc7c9e1da4a80ad456272ea80f92ff98a485974a3,0x3f9260957504bde9123c663d0bfedb135dd98e85
0x3a0e6b374fcc051172ab4fcc3599f245bbaf02a2,0x7c9dd13a50b025c4a65c4baa6628489d1d910dc7
0x7d1496004c3b31db26d4772ad2e129583026a548,0x770962a89a1bc510736cd204e02e571e0c729557,0xa820902d82badb084f02d38b036c19444b953591
0xd983e22dcf4599195e775df87cd81d73e5948088,0x7e7d464f6d029e4ffab38f3e188b7ecf6e88391a
0xc8bdee84c56bdc2621cc2663e545cf9851c2d794,0xc36edf48e21cf395b206352a1819de658fd7f988
0xa10753468d7eaf706a91a7ae5c021aaea2aad7d8,0xe44799ef334df157e0f8e2855e5ebebdbc02b299
0xe623bbc9d82e4df17fe728f525764880fed73f42,0xd9d21ffbe9ec4ba9403c000cc1c8b0a3771f7a7b
0xdd7461764d02bdbed77986c5c4e6c5b2f82428cc,0x26edf0a09c0a816d620780f0c3424e058597b1e2
0x8bd0b78950fba7da35cf6eef708cc9b8e2520404,0xd282faed385c2dbc53c3f85f57f9dfc2f5ecc839
0xe590387f44adfd82861abe02d02d23630d0b36b5,0xb4d6eaea0009cb185b7b4907245676000b8fbab7
0xf457db0dd2f262aaa0d46025998ae7870d612a51,0x4cf71a1ee8039c4b23acf91a76a2b6ac954883e6
0x869bd3a85f788ef420de1e8ed27e04481c423d9b,0x34653270adcbefb8a8a0f5d57f538b36ee2e873a
0xe7ca3ff841ee183e69a38671927290a34de49567,0xf79e387d51d3d864391fb5aedd69f786b96e5db0
0x349dd4547367f0c577d8dbad6eb3d0b978a99133,0xbb0ea26bf5d592cbd49e838966c6f6ecc9248982,0x997fb6713e4345e269dbf25d09525f2993feb1b2
0x1f879cd35df1e27e668f07760115ee3a90880d4f,0x9dcb337b12f684d3b9febfca25ac2d0dfd97a8ed
0xa7974c41a8c9e3918d1d18a3eb3f56ae5741eae5,0x6cc63ba19676403ffe3be46244337a43e4b5d337,0x12342d73dea2d9cd32ed0620e35fc3644e82d627
0xde3de930fd028e4de5224135caea63f4fe806865,0x82aed1428bebd84ecaa0719ad9f7ab70ebff0a28
0xd8215a28bbe8937dd37f4dd1d554944256febdfa,0xd8da6bf26964af9d7eed9e03e53415d37aa96045
0x4ca7be1947cd1c244cc8675371c38703695810ff,0x60cf9d61370d44ccf55289aebea33a072d9f93bd
0xbe84c64bd61ae1028fa113c551559a173aa5265c,0x607c26c976272459a0896065e03a9b70c0ef04b5
0xd72769ba17e07b7c3ada382734dfca7df4457b8c,0xfeef4bf161ccf3c5d300b9c0f83fa2a0a1c2a703
0x0c8585ffe184767ea029218e4d472f6274795258,0x318464e9d97b77d992fa305999392ff7e9ee11a2
0x829148aba1177c4b6a6a3dbca3e165fd34094e1b,0x0bf442edad6d788bc259f7348bcb64cd3400c522
0x678783721b49a5d079f4aadf12c91049ebf7b3c1,0x6543b529094ee8ac9ed9aa81f455de34cc3be0a7
0xb50f182f67524e18573e785631938655b950eab0,0x15fdd5a44730f41be065f0a4c3be0547c5b1f2b8,0x0ed40fcc369f5d63537a4328dcf7bf6744ef2713
0x1b33ce2bb3947f8a3f982bc7e19f307dafe32eaa,0x570d6f0395132334149d7aaa356ad98c7111e3f3
0x8083e10d73bad9dc5d4bc74ae48e549f03308dda,0x5ec477ee90b0bee1f3150c3953d90a6f5166037a
0x042a9adcfd421df96dd5347d88f0e710edf6c4f2,0xfbbb612839ca39d88c3af126367d2f73c538b547
0x16d06d2d9405a7a882c15267728f8bcbb6b53383,0xa7c2d3f0550df3df0ce32ba3354bae7f81dc050b
0x2333752405b6c71da048bb7c99c408f03331d116,0xb43fabbe103136404f13cd225ab75eae08603235
0xaef03fc9a204cd61eac21e641afa7ad0d04dfb2b,0x67e0db2e21f64baab2c4eb40f06e47bf256e46cf
0x3f000000220000003123e705f0d5fd5d9a53b190,0x00b1eea0000011fa006700f9f1008000240b16ee
0xf516ac21f5bc474ab2b62682b670b986a9a045a8,0x0796e7038c0de3ebfc47e14d590896f395a3a145
0xc46a166a958e685780be687ee6f6f46f15398457,0x074699de81a35a00477da05f649266fefb0adbdf
0xf891a7332b33c564682c4f1b3a793025b4b77d87,0x650ebd8fa9b87dca47bde97ae1a7f0fa2beaf0af
0x80dc00811e7c4a03c1f1599d3dc8febaad87bf87,0xe358b2c1e018608c21080b16547ac3fd55df8209
0xc053a4fdeef5a42c9b7e84d6cbc2753e0e960b52,0x97934bd12cc5ab66add7566f8c53ace26b2041f5
0xf7e846536cb721ba3341570202ca3c90d7211ae6,0xf8fd229613958c15efb9fe799a9810f6032ed2d4
0xdb79c1f389356a1d2df9d9b18fc104e4b197953f,0x60e09bc51efa77d3605f93b8a0e4a9fad1837289
0x355b99eef29ef6e7a56252757c55932e7d5dc8e3,0xe86b0f20fadedabd377f594da47c9a65b73b266d
0x839395e20bbb182fa440d08f850e6c7a8f6f0780,0x56dfa60f02c68b50bb5bee14dd5d551837e937ce
0x45356750d97a47a01d246d3bf716ca83fdfb4ef7,0x10140ceb19b7ae635df8ccbb00c8d27c798dca2d
0xac261ecca3f313044384e6ce3eed5ccb2fc268e8,0x0faad92032b0984642a29bc9dcafc35d70474bc7
0x325a629da5635114e409ef319228565337b074b3,0x7c7010f926a0d92b59d546f9df263615b842ddc7
0x1b337a9ceaadb9ea6b3d6852d45ba59e4311b235,0x8a9a3ab2b796d73a86840cfe36c9b98ec5f5cc22
0xc6aec68dd6272efcbc74fb5308fe7f070437465e,0x14cab1a7b5fe7a2473a2dd82de32e4c94cbae63e
0x873b9f233fc7a8f36d4e0a80815aef6361a814b4,0x9d173b3c4f6aeabf066edaea878abc1e6d1b6776
0x6c73710d2e355024e928156476e7bb88ce9c8619,0x18b2049fd0de12693175e0dbf421745345f90e87,0xbd8c5a734cf9f13fe794abab1dde805a6d2639e7,0xdd625aaa8e6bf8c186db92a304fea7ce2da34f76,0x78ccd507ff645ec80ed44df19102fbfe3492d144,0x51a38a78c787354a8bcb26407c13323688ce0601,0x24864bc5fa565480636573b3a06ac75fd0f08720,0x8ab1380c88984bec3c58f9eb83afe4982889cacd,0x09bccc506ea921187d7db68975d335cf7426c178,0xf6714d7318d8f8ddf6dd107d2a3b8be89f7adc27,0xa8f1c3bbacd41ccbd3fdb6d3c89da09a6b29932f,0xbdb06147e7dfcd6cc73a5b01b86720bff537ae36,0xfa0b2527718993e19fca6a1e7f791c3e68138374,0x2331d917f6e0be96606748317984b8e23b513612,0xb130ab547ef8120b0ad71f8b7c4adfb672d0a0c0,0x42bd11cc10bf6f8f1aff437df69505a70cdaa6bc
0x800e2013ef8ae54684625d9b4827a5bf61ebf20c,0x6e935d4f189cade88d2114096aab2c2dde9a8b25
0xab6adb4bfe4f8344f53401ecb14b2d3c77e7ddff,0x79f99ec31bf96c08c4e2689024c8bf97c3b2c792
0xc5a12180ec7b410e1766e024736c2dbe0e541ef8,0x202adc1edf402cd7d465f2dd7b364c5706a9850e
0xfe96a116e5266453d78d81dd61aeadffd236f13b,0x4a931b6b3e4d9a83358a6ea24226efc8699b43a9
0x76e725bb38de975ee1d26e0925a5c8db05d644e5,0x03a3f451208790afa988439cdc30dc2e2f5250c9
0xa8bfaf720fbea526075a92a3978f5add93570ce7,0xeca74f5911f2378ea35d5e42d2485d5461201bfe
0xc5e8d8812be495caf24b7b7599caf23399aa6667,0x0b21243af28be667c4df46424be5f1310256ee71
0xbb4d9c5f040ec7cbe710901a39a6417f219f9b53,0x26152ef03df5d41d5471080de12587bfaf5c976e,0xfe2e4255511819a02d57810970ebebca19355905
0xd474fa08e5ca230c58a83e12eda4c5c75956ef86,0x80913dd047ad9b1755511d1e96f1dda5b764d57d,0xa1b9422b5be1ece86f089c8ca840d22952931cb1
0x20bb3095a4852f4c97d7a188e9f7183c85acfc49,0x3dc49c3652abfc2ee736a5ccaad254998998e0bb
0x125ae24651b8cf3c92ca74f80001cfb7bec56754,0x72e56e5b8e8c9ef162452d3991847a4feabaf0a4
0x53378a42db4ec69c684fc5d99bbc3949a1448657,0x8e9c52babc198fcee832c4cd9e77295f422a52a7
0x5dd626e0876b8062e97c4796548ff73612461812,0xa7bc3b530a9dc2b961f11ef16ce8af7187ad56dd
0x8bb4be67d4c09eacfee1a61f2eff40dcc4d29d82,0x76ebcec1ef74afb920d795d6da2679ba6e962923
0x5127b7f44cbbbdb6a339486e97408a6674d6b7ae,0xaf386d520d65fa60473cd893845d53e77a3a9df6
0xc4ba2f8ae11a427693102e43f2d7be11ce129f54,0xb5ddf5840506883467e854d48a2b95b62f021eda
0x94e1fba9e9d45e29a9d5fd4f91be373563e4829c,0x144960e75cf4a9aba2f7cb9e4dd4e778cb1a1e30
0x81477d5014adb4b4a57029c848b3df4a797ab849,0x31d25e328043ed9ad0ff0658f170fc20ec5502ba
0xcfb7a4a57a0eb87499836d501716c1116f9d6c29,0x3d5d1e3f5abd321c72a61625b183962c00eca750
0xdd714069d6b0851c82cf055cc969255f40524b25,0x00a78b13233caf7750483ada217d8c16ecf4e7bf
0x9eeb70371671b9ba60d8a82968b2ef97e343ac88,0x4f45178ac3b482a611bf8efa1052945d4a349789
0x9ce46379b5eeb3cbbbe2b008825d2ac0fc52813e,0x2127f60e1ad2c94cc2c391e5e104ea3e8fa602a3
0xf7bce891bc9c0f777d8c85a3d5ee2a0fec2c1cca,0x5ded8f5ec1391f815a5b5b26e66d248268911df2,0xf7588e69dc59b992a2e72d1fb00ad8eb40493855,0xbfebc3060e09eb9f0b2faa41a791454a154258d3
0x39a339de96a15ad88c2ba14326c6ae6ea20cfe36,0xec51046b1d4035a039114d7950bbafaa1714604d
0xd9ede27300613e0e7aa57b596180b0df67e9cfc0,0x09f62c8a6ea264e310cc202fe5f908289b8328b0
0xe1199759a64c6edb318442255068a92143dd90f9,0xbdb0cf3d4085eaf92d271d528b54d1649e6519ac
0x5a643ae084b12a3907f379f3ce9258afab57c746,0xc563b53b33e97446873d2a800cfb2923c9981202,0x3253ed9e132cc493e55b57c111c17961314a47b9,0x02f6000094dceecf4130de39fa5d5683afb7b127,0xe15977bd623e71ad7bfcfc06ac841daa00cefa74
0x33739c7f047522739748f1d50abfde2bc648e265,0xa337a948f20b77196ab03d9fc603a9a66fa00cda
0xe7a497de88711f1e80f2a4864073378f89096498,0x209d962613cb52ffe93476de9efc0fc2c0076b07
0xb8853014217d49d0b82e0475527ec6fb9223b89a,0xafdf84f3ec05a4716ad7ac55ec1f3d6584a92cda,0xfc68930eefdf633fb69c708e7751829edbef4d00
0x81b49be27215c41be35f1eee56b980185f9d92f0,0xfdc4ab7de27002c9db808c16eb39bf3886c6ad52,0x859c78e5126cc32e69e48ee0722c23c72d459ea2
0xa161af0e1ab3dbda1f8085b489350fb0df64a51e,0xd89323dfda28e906d6d42b047adebeae78da8273
0xc31b9e3752c5fed2bac9ea90bd37ca4539bc24c7,0xce62fb595f76bafe395cf87cbc592af5f5e15743
0x8075a83fdf02fab2e48b288415edc571fd862e2a,0x619ef3a15e790daa85296d1eb04d0246f7cfff5d
0xbaa1662326c0c20f7f714c12657472b656aa55c9,0xd7ef3db4eb58379de79ff4c6cefac4af1420bda2
0x94b0db20d43f5cd876796fcb4d70a7643d9864ae,0xb7847ad0872d0cc4ba154b940ae186deea8ac169
0xeac2489d115a5dac9377310d36021acefe6e1cdf,0x35db3a8b3ea5d8375c692fab71fa9390aa274b12
0x5de49f22bd8448911321c3c1b37163cedaf43bd0,0x74257686755d3986026f8b27bba2484883f57429,0x51de999ebe1ceb7c022eaadd07417d3f59ae1049,0x61f2549eb2d7c441b13a95600a5760f43fada44d,0xcbe3687334408d3ee7d990981e86c43f99c4f120,0x269df6c9d2970f7b1aac5680e95929b58fe39ad5
0x1efb774f2a3131515d2ed9cebc6355cf10349a37,0xfeec05a103f3ee7c4c42ee1d799b39a5b4c62dbf,0x7724c19b5ac3230b8b74457291a5f1c2e09496b1
0xe490aa3c2db3482e0335a60f7f3b64bb7b92b70b,0x4575b4a872f389bf2c0c449c7964244a3ce9ac3f
0x954db28ee91f0ee842fefe99d8f372f2fe04370f,0x04c5fd4627c77a1d08394b8d56181dcf8e56a719
0x1cd2eb4e9b2efaf76fc6637b5d3ce3498d5c5000,0x33f321121f5fdce6aed16c54d7693c80f67e29d5
0xeff89d8468646bd6f7e4ef8e4578ca59426f9a08,0x453dccc996adf27fa9fbbfe61318c116ad761177
0x7dfe448dc97ddaa532eddf829f479e53d9c77270,0x3c70738eae5d82b4e4cdb89d2224973470cc2865
0x088b99442b893a861db16e5c8c6a01a66d0c3ada,0xbffff0dcdf5e292d3b804958004e851383c5458f
0x3e11d657331c286624826ac797a974777be0e47f,0x7d240dde601635255ae89392ef722102f5f054cf
0x6e82af6bd9bea1846a32c448ffb978b57794fbe5,0xb94b6b7493b54fe57af14ffb98fcfc2073049364
0xd1ccc07177c0c27ab78cf991ba6c4eb4edc68f31,0x648542feec598a13101d570331f44ff62a909658
0x656818e79261d9d65f8c171aa5dbc3e4eb6cec18,0x005018f9716f7c617c183fc3b4dd0eb17f72edc3
0x44f758589bfcfba9fd5d8244051a7202f1dc9567,0x7f0b32406929d0ec0a377c997cf9ddce6bdadcf2
0xbccf24377e7b7325a7fb7ae35bdd480334c2c9e4,0xdb84d8840e3df6d61ae9239639277f7050d79435
0x161ea288055b58fb182f72b124a5d0f367b099e4,0x6a74393d1407fa06e6aa69058153b768101e13af
0x40b847f34c7adef4c3bbae09eff833b474608289,0x11fb9cd6277d3df36745dc0081fa66637e5ae53e,0xaef37fd418f09f1edad78aa13512964dac617f95
0x1488ec6c55243e7130b756949b0238693c7e382b,0x40d227723d66eb5d5cb1dff427c51a49d0b9957e
0x308942d6751dadb755c9fe4dc3d0d517ab83c8c1,0x315a9cd7ec8bcda31433a843166b4b074b1098d5
0xdb28326e00361211f10ac462da1d2f74eb10cc29,0x77bb48e7b72f47f3978478650117624e53c9c262
0xf19b504e584287e86f1ee9f75b4e3d079b76d2fa,0xd984d39fe804461bdd83b7d03cee424b14a4f21d
0x7899b5be5672bd2e6ded78778ca64fc9033ddcdd,0xc228bb436527e88111e8ee7ed128fe17afc54848,0x19aa6581c1b3b10c2a7884ca53a85a85f93f5aea
0xaa3b3105e01896ca27f2ed8198c768b6311b5a44,0x8476c2d3af896f7c4628793e4c4e001c44a6a0d2,0x52c9f5c2c0ec3c33d8ca6804d7c9faa695c81068,0xa4acafcb6f0fc028f524a95f717b93aa44b8922f,0xf9678a8f4e30dfd3a75c7b3fc349054324b18f8a,0xd1179286821b0fed0b113802a6f9691743f0522c,0x342f3705514b9a702e50f9fb6d4443d960d3ac5e,0x4a8a97876b42f6154c612cbd60e49ce308dc3048,0x6dffdfdb53f529911d214149b91741fd01b4c889,0x0001ab2fd9427a9ee06ea22294986a29a26cb307,0x4ac06dccfab65e6f63b0c8e3b1d455556bd33400,0x368d461c48be6f589b36fdc729d49a1b473fee25,0x2775c458d4122fcd62ae3fbd2993f8f2ecaaf32f,0x43cfdf43b905d97fda7b41d5a33612b1472558af,0xe2667fdd51e97d68d45acfc62447326cff7ba667,0xd85203a350b741bd6b59601fc008eeaddfa44333,0xc609b3940be560c8c00e593bea47fb6ecef6b2c6,0x0a132f482f5e00608893bca88f4649d5572bd15e,0x0e2b72150e2837f791f5bd59be20179cea79e465,0x8e0d44afc80a874b8f2413df7e28db6e17b9da76,0xdc88f2867575d5e5edd824962c911e1e112bac09,0x6030e5367bf58aff9437cc96234cec10774fb699,0x375b2ae5cf4ba137aeb69759c98ede30c10b6c78,0xd5bae2b1a704afd79fcc61513f5d3a7033b32f88,0x0cebd7d36ecbcb0fd90f0ee78fd4ae9f2b2422c0,0x85f26085c66108b789aff9a600986cf551b66b33,0x34e2bcdaa82efa9f79f5abe472de85b4a95c8f94,0xcf42ca97a61335ce0d407213a28dab5d21d2039e,0xebae3e90675e995f57dad8dc96c370261eb9b325,0x82e6b31b0fe94925b9cd1473d05894c86f277398,0x8055156e9c4645412301a9470c46477baffb8b5e,0x472d7a47a665810d7f6965c343a506616509927f,0x0f8fe1792bde3df726dd6852853a54e98f39e16a,0x75a31669d05a8a166683d6a81b84a8f92a6e78ae,0x6ab4a0f8a20deac067ede6a76e3b496caf95507a,0x9c67d8383f1eeb6e2ff2b0d296aa6a51ea2858a1,0xa37d93b9dc244d1a97dca8eee1d032ce20d1af98,0x8bd8746310d4ba8a0b044415bfac70db55ada5b0
0xd766bbda8879301c205b7c8dcb4fd1fe879eb683,0x22b564646e3d22319bcdce31ab6beab270c0be6c
0xec50a6779c4d81731ed07c4eb56ccd75a9410677,0x9a92c65fecaee72578748fe63d8923e0de750f2f
0xa2b9a5f796ef1f68b2aef0c984f961bed1085500,0x2d357d296397f8cbc1c4c5389ad5fa9f181b43f4,0x9afd4f7ad03a03d306b41a4604ea2928cff78fd1
0x8f8a35f41e9782a2174f5f7ee1b2628891d34675,0x7459cf03d3f4ae370d19bb7a19220323e6441e5e,0x25415dd68c4d9859197660badbe5bd4de0742752,0xa6d4bedf540fdb15a4314dea5575133794858c83
0x18928662ecd9aed875809760c5706c05a487c61b,0x50adf7a75d7cd6132acc0a2fb21c019011286635
0x22c0f3bb4117aba2d8521f8c6f7ac6f0c7122ace,0x0b7c43af43d76f79b6f6cfbafb3a01dde0468225,0xa713ec966ef3e5c2aa792d2c625f94cae47b9ad5
0xd97140af7d8aed421bd449ed1d1dea20c44fd889,0xb450aa35d3f2bc49bd24fa31439ad4aa2c6a17c2,0x4a43d8bc5e7b54a3225b4bd49dfe00ab28640e94
0x45f9675804904a6d8116354bd9ba74cdbdbc88ca,0xd83b065e0528922257c5c3b18d08d0f81e42bbcf,0x543e6b4a93fa825b4ee36b6596c479eb0aef61ad
0x176a464e03e46b97d8fa7fd9d0b6c239156b73e1,0xa8b342569499541863a7db47a677032ff838d775
0x5a9e792143bf2708b4765c144451dca54f559a19,0xe5859cbc7a5c954d33480e67266c2bbc919a966e
0xd4a3e5bb393ffab0a1c5c8cf4e910ee3b3bc325b,0xb17bc1a131daf7e88ab98c3db48368445fc4b794
0xb3457abe159eed01aec480b26939d4036dffc157,0xb1bdf473a24e83ffbd5e78dfa429b478e8a4f1e4
0xe0103282848a7df3db6428f5bc7dd70c0254e557,0xcd866c289142b008ab194c8322838baf7c7f4790
0xb0ce77b18b8663baa0d6be63b7c5ee0bdf933001,0xc6e5c042b34a0b88df9d4fa00849ba8ecfad1894
0xdb59643bb096b665a7733109080c13419cbe7c9d,0xcc58675e868eebea86d5d53a45df1bd7216ea854,0xcdc90b67c7e94e9dbcb6733c9edfb1116e2cec56
0xba03be87b83d288c5a9c0a58353d46567ab704e2,0xc7287a5f3de2f175b69f4ceb818384aa8348299e
0x122c2eaf04729c2025acd92e1cab82f9c92bb3db,0x28a6178ff4b3b9fed32b9accb0babe8fe412d2ee,0x5e8e10c6fd59f2ece066aecc259164bf382b01d5,0xa1bb7d556fcc022f15ab22646999949c6fab7dd2
0xe97b0792297592275bde0abfb9bf39f7971a8365,0x3775845d35b53f3743855c71eade0ac5ebdcfbce
0x4042f4142b026c9f980c7906060a80f57090d63b,0x2a3c7376a50bf3a8fd7e7d943856a8e941b7b2d4
0xe926158da1495a85001e2ae0620e7d232e304069,0x103138952e722921c6d2167df068df22cee3aeca
0x4149f044998bac5407ff1a194dc568af905bc480,0xa3529ee60c841b10080a6afa67db308768b1c54d
0x6dd79d7633bb2e60b3ff438b3b105b859c71c358,0x3c90b8ca79b22919a55d4c9667bc4884ff9be464
0x1d9e87682310ac1d9b5737e3d1c4ef9794f45ca3,0xdf362534c409683b4e5a4e6fcd72ccf3295699d8
0xdad0f51551424a4d134feb472b715186a4f80459,0xd409cea9dd8db30504168063953ce1fa20748cab
0x9616e39917f7c0293e436ce044d101dad3a391c7,0x855a1236a7af50a3bf1aebb041b2a6329765ff9b
0xf3bc4b2aa2afbb4ef48cb9aa2ca0c31bf41af60e,0xe28147b2cf9fd082e7f076e08bff5f8a7ad56504
0x60ae93c6b269653700ca8ce0e124a4c4b3dbfedb,0x87fee7dd2fec3176220b9d18ef3f52542ad8a312
0x4eccdafcab1cd6ec410c47bb796382357b73b3ab,0x03125159c5f099d00976028159e425fe585c7793,0x60c8de59019b211c1fef0c50d3160bcf71f69ea3
0xd20d4860fecc8f3353a3d95ac99059e4250abe5d,0xfaeb5b691ace1584817d4cbe850668c96464c232
0x3ff967b5e710724ec208eb37d41746bdd4e08477,0x12c401e04d0474366647bcf6f2ff4591e5038705,0x7b360acb52df865456e1edea5865fcf30df02481,0x5ab55273327469e109289316ef4beceb2fc20378,0xee047365206ba4ec584a42b9d08ee0122f8bc442
0xb0d2a8aaf53be6d6e5f683c3316ee4ef7d7bbd3f,0xa9826252fe21eb58d460b6b64647c7bc1a5b70e2
0x52256ef863a713ef349ae6e97a7e8f35785145de,0xde4fd6c0ac49f00ea772a535acf19522afdede44
0x6997a93fc4d66e69629e0e569a6182ef358f47e4,0x053cb02f0e1f85b21ca25058140e64e6f9fcf238
0xfda6523d0190f0f1a844a8232c284927535646ee,0xcbf118197d2e77ce88c8788b3ed97c7d4c46240f
0x693cd6c6365fa86c8117541a38a3ba2063b61942,0xc6536766bacfa3159c5444be2a05f25e9eb8d27d
0xa1c981911c8166d00299e099984d85372beac1ca,0xf17e945803c11b3d13af0dbdc8f573744f0f59bc
0x718fcce4e82de60b85c45f70d3ff735fa1461bc2,0x4273e08b5abb49829e5455a9aa1daae4634a482d,0xadca8404343e0329bafdb0a83e5e92f462bd81b7,0x0d08ad2ab7893c04ecb460cbb6822b11c9e8904a,0x9a56b6f330e60ba0a6f882ed54d8802b0c098c36,0xa046e702273fec587159d0815b63ef5cc4b5e0fd,0x6b557b76cdf5d5587df437a6d49833050c3b1d8f,0xc93607424626baf77f19ecdf54b33742ccb08696,0x7abb917bc61f18d017c09330e38bc706d7136f7e,0x40c839b831c90173dc7fbce49a25274a4688ddd9
0x2f64e1fcf42b4b3ef2f71c75202f162d91762d69,0x2eef3b3e2f3d52afc433539f3fc8b95eb488eca1
0x624c159e7058fdcb1884fa97449054a92ef0ceac,0xcc339ef198663a9505e90b990889a54aaeae84ce
0x23c30708848debf92787823ef629b1bb64da1d86,0x14a7c320330fba8bc699a737b70e75a1a5e39ecc
0xd1baccf90a1f041a9157d79ea1a6f48510759bbb,0x0c3a4a0ed70fdb29860760b5ca78b116fe77de00
0x0d2fc7802bc1c32d7846d56fb28c52fd1f7b7cb5,0xd1c3541ae4e14b618af527b0145585880a60f25a
0xe05a7c163cb72893bc45118213bfb04e650b0a15,0x8e6683267b0ba8b4b83e8bd8d5ce7e33f3b22b6d,0xf035a981095b3236e64428a62f4ef3fdfac3e126
0x3e4f669bea417184b489db186aec84622b42f4f2,0x54f61f68d26fc7e6104c6d673021fd6e3db6fbb1,0x9b43818e253baed56e14a96d677347a06c77c6c1
0x9a7cb1f0a47d293fd0753fee857458f08c146502,0xfba8f7157fc918c9047ca5ae2933fb2872026c53
0x10afede2cbfe25ef2d66a481cf8dee5e48f97333,0x777b47c594014b5f109e00d71eb56dd886cb951b
0x165cd37b4c644c2921454429e7f9358d18a45e14,0x887e201e53057fb331c6ad97ece7da648608fd70
0x11da2662d40fc323b994383dbdc87dbba013b6ba,0x656f841a7c11fcbacbe7efd3dc5b5059f4be57a7
0xa74b5a4f8fd5be79e754a40d0a92d2a71648666c,0x172b41d7b5b08cfccd3446783cf5e6c36e128182
0xe61efbecf568f844ec9cc3f120387f3e912412f9,0x82ec1fa93b8256348233150cf00463f047c8bb6e
0x5cd9f1433bb5a4315b39a544a6060dfad6cd0ef4,0xa302e1a8972bb33ae80353cfa16831fb3bdb8c26
0x1a6fbc119b0e3b2d431e4caac89a0aaed3b84198,0xca94dd403617a4f1fc1f0c3ab1abec1dc7be58d9
0x56523b1c970bfeac9813fa63d72a7627eb5f38ff,0x8a6665be19de9cc82012f075d27551c948f3227a
0x0ab62e3daeeb8bd772f9016953342bc095d4faea,0x5204c5453316059c9358223f65b3b883c17bca52
0xb4a57315f328a00510324397a831bf34192f12c9,0x515483f576e81c5d37ce0a4109af016191b2a6e0
0x6d4b7f6e2e1a28b2311d307e8235b21cb5985299,0x2fa77d22800c20e89ec499d984d5855d2114bb77
0xb4916364d2f2e091ca5151ae251bde20f2363300,0x36fb6f2bab4a2c2289f9102ab5847834c8661627
0x613ccebfe3babc187a9944388b155767d8290f9a,0x057ea28d38cd79b20a78c988193f3a6af9826aa3
0xf864eed4880ae5f56d9ae595ad103a6fb7651ac9,0x10b778bb5014c9e83a0dfadae2d9a8c9ef93a4b2
0xccf64fe8853ab183cdf952b558fdafea434acc31,0xd2a18a97a5eed2e4d10537a3bfa63e07553eb4a4
0x35d48fab4a67c2eca0a45385aeb0930a83878c6e,0x63f607396f3686c255fbb614f0bdb1ba52913bae
0x138be52dfbfcddfbd0a77a5b89c9a4fa21c1642e,0x3f4f1e8038c74b2681ca6996007ea0210cd1e22d
0x89e4b16391279206f04fc6ff259db0e4cb39b55a,0x0555a29365d15f6d2e625b6f5523e355a523124b,0x285b7956b508d1a463806a0f74557ce2fb317119
0x52b7ec27b8e7df434c059293bea836c30d65d8d6,0x57aa8f633d2c4d778a7323c93ae9d72e9c9328a8,0x2b6253f233845ad05e2a862c1a362bbe699a61fd
0x399daf8b0ab547a9c027df798d4911ccedb0a617,0x802376cc6f66b04ab9338c940c252705ced1a5fd
0x7be08d922dd74695e6beef67b6ef4cac73af5823,0x02c267b70a1d88ab156d70bf6435c99a24e79a80
0xe780bdacaf497f47f21539473471aeef6b5e35f0,0x546f793ea62907dc3db6b52c3759a46a3bf70a88
0x0f9c8c5cc39a90435e3144c8dfd69b6c6652bcca,0x7504627053039fa5cbb456d911c069f22b82b086
0x49f27cc2a6f0489fb7929ffb2de2d7597e891005,0xcdebbb14bd65f84fef2b260eefe0a220232e5027
0xaa64983bdb56c3c96f57f7547a2c097eeedb6e96,0x55fb3784a730af3fe8ba07781ed62659976e2ff2,0x56c5b228fa6baea760ee719a04b246b792b07615,0xedf48475106f082c363bfab1fd31e28bf98167db
0x521752d41a21d027d09ebb0654e9541e3118439e,0x8b7af29a99194394a4ff07946e7912edf4c5b896
0xb0de8cb8dcc8c5382c4b7f3e978b491140b2bc55,0xefdc8d1a27ba3d7c4c5fff21c8e1bb37059cb0a0,0xb7c15011e156eb93f18895ecde6d78b71aa51ecd,0xa4186193281f7727c070766ba60b63df74ea4da1,0x4531f9696fc7e256784ae962433f3756109b73a2
0x4f829858022394a8ca6aa87c1fccaffc8df7c4c0,0x40b24177cc25481f039ae9752878ea88d740eeab
0x9499b2db5f5f0919064f453d43d941cc4e61204d,0xfc57ef5a9f4f37aba41bc1aedbead19f5f632ce3
0xce2aa16978a9a57491b6ff4d0a5872bbd8a9d54d,0xb9be72090a018a1bf1e601b1ad411160cb8314a6
0xb6e20485da9a083ab7855e2840eba41904c65d80,0x8cfdb376989f6bef624a5c4777fc790908e343fa
0x9999999999a92d688ca6ccc0fdcafd8203e2a98a,0x2dbdb725bc93278d7d4adbbe3536af9386bef0f3,0x2de6b82d49e1fedb40a8bd39772e2642c74eafb9
0xfece995f99549011a88bbb8980bbedd8fada5a35,0x4e2ca92b19349ecfb0b7409e7e63e8a01ca7ed64
0xb56b7711765a0b32c2aff31e36f94883fe1b0da6,0xb5986dbd691b993fca98a43104489bdd57fe9762,0x08b36282e429c29638ce55ff77c8a03099979065
0x75974ba54c372a72103f653caa4037973150d8c1,0xa5758bd68e12c1a3d7e18b260d0f80ab90bbba6d
0xa77cc9b787626b775b7c714f03d3838c5e5b81ba,0xa2668df97d704f64a113945e40499fb34267053f
0x506dff8919b870702249689b46d1766d97acbdee,0xfbcffba468a8021a7809d34d4e7a3ac122794b90
0x46c22060bf6ba8aa317208d236cf85c1afb129c5,0x3222d1c6624e7a9802b1a5d3ad2c5f7efa3df7f7
0xb83c15a93b65a57c59a568068dfee5da911146b8,0x72dcbbbf54b24d22f8be0990349032a931799ccf
0x37a9af1ab86679d64fb7d8e1ba306e4fd8b28969,0xe7a784acb145bd8993e83d41adf43b7c7195e995,0x75b07a396c3e68f61acfb3e266802c8d6e7808dc,0x8ca413942ac8ae777a670435bb8e8f2d245ac0f9
0xa0d9d8065ecf7e20585a1b6294d5d74b6d3dc61a,0x3a29e208600227e81a13042d9694438251d6f23a
0x9d2099bf2d8647a9199b1d725a46845537bed774,0xa053d0163c36b89a811b22dfe03bfd35cf42d2d7
0xbcb77ac55027677b3118848b158ad731dd811e65,0xa74e42209e23f8bc1acc324ebefdf7a46964dd9b,0xa49e0fe87ce0835fac09c3a883e103a658bc9efb
0x8d8d66d86589c72124d407807e2b511de697a27a,0x327f9227b74a29e20a8eb1c8dd3999b32caf900c
0xd45f2c2466beab21e217e9dfaaf1ede0efa6b243,0xb8144f0ef7ecdaefd6dfc43550b654be67cc765d,0x4118ef81c136264e92d975def1ba36449d8e2e8b,0xb7f60ac52594e0b1a5c7ed6f4ed09bcba4be022a,0xb5766d6da5456aad78b91693d516d9027085d744,0x109ef9547510438ce7fa04886bcff0e3bd16a108,0xd55ef1c2f92308a53c251b4928169a6250c0b773,0x428a2c5f98c8dc10ebee431f47cffd1ce0e0f05b,0xc35e9b98b881007e42ffcb7ec179b08c25031886
0x11fd748caa1d57b7399cbb3b36f9085e93f915ac,0x38c656bdcee9f505e6421b4079b8004192e42e74
0x5441e329a3c852bfccdf4010fc66e7cc64e0b052,0x60f7ab6934639fdba23f3af833e11b82bc737508
0x5edc421f564d7ecc4b260e2b711b9a3a86c7ef58,0x69b6e5a1059cc761c8516404a434cbae23addc4d
0x301b1b7ad486f04ed4839ef414652b7a4d78e7ed,0x86852853fd10607a2be1543e6f41779ecdb22ee1
0x9575907d6fa0c65f3a0fc68ad67850c9cd7b7130,0xf55e6487f300e5ffa4d5d5a02bc40863525bb322
0x0b3ddacc08d27a4cc523c97b7d084280f5c41270,0x2a8c52afe7000997fcf5a14d08781893c903e852,0x4639ff89dd82c97d93ce3a76a4331b09b5943dd4
0x11f59049c638dfc0a2243d0da2fb085e2133a1c8,0xdd1e85eeedf828cc025753865db67e979cb97044
0xb3b25c3fa4aa0da7695aede9bc8ab06512d106f7,0x53c83eb972f0dde05937454fcdddbe5efb05222d,0x0f80e7fb618229aeb501f6ec1d514c2e6e4a5188
0x98064493535b22f6ebdf475341f0a6daabb7b538,0x15331a998c2ac6d223c0b6e5eb861cc2fbc261ba,0x10cb408e1285d840caced4d730df2359e3d56444,0x37b230575192d4b1e358e49537f92ee1ed10e704
0x881fbb1d2f8b7db6829605bd4c4148873586214d,0xb3ea275736b23b89b122eb1bf22e7fd37a4a5961,0xc6828b99cfac374b01ddf8c60f01f52a186a68e7,0x5d8a8764168fb32d7d0ef1442fa5562a30973fd4,0x3b808dae40fd2c6a73210a3509a919e2c653f9f3,0xbe25eb82cc20d51734e3d2178e58a47daac2010b,0xbc472bac84c00f0e4c8fdc8e04c52146079f506d,0x0e9b3b50d870a3e8f06b302beb3366540d473338,0x1e15492536804bbad79c17137fa902a9fb6b1d19,0xbd23e59f032a6502986d0ad1fb60173c08d89e9f,0x7d0cd6b2fb12ebf93f695926ad0aefce74aacb94
0x01a9a002a85839dd1a374e565d0f0f5407f05658,0x51ab4f0c106163a54186946c736bddcddd879664,0x2457fef16b3f9e526e9f1bf4183c5f13c01a5074
0xbc60aa031a9f34bd7992c99eae5e2c4dd1b5dbc3,0xf21f468c31b1742d23fa47bd172e0bf48a2b5d8b
0xedf784409d24dfeb1d88686f27c20d7274a1c0d2,0xfa586357d81e09ac92e4a660b4fc994f76bad9e6,0x092c2a580f6e0704cbb96dcb37ca360d8be256a2
0x4a014e53d6bf2a84b481310a2b58a86e3919c8d5,0x25bcb7a7bf9e62da22ac90dd87a9000817de20bc
0xee1de68a2d58fccbdc2538b74605a76a8a101121,0x7923996c7581733922d497fb98d51abeb4eb8bb8
0x2ee3eecf6b9ba599dad29d6ca7f00b44a18eed3d,0x484daed3c1427d2d5f795c50b4cf2cb5445e7822
0x7f4deb261d1a1bb963a40b88a7eb09c775a12d8d,0x5a851e3f13f1a8e74fd850aa5a7cf16e943df3ed
0xe6f32f17be3bf031b4b6150689c1f17ceca375c8,0x2bfd307351f0de7527b003dd99c0d558c154bbac
0x54b8eae0e8a9592175450864107c763c42ff1a06,0x16c92296a4543a101e74c391db1ac1d86bc750e8,0x097b946ad0d181dcbd72c421212e59cf81229f8b,0x8fa7e54f8bb3347f2d481df49d180d3925acd623,0x6fb9dc17edcda2ee0ee3c1136bba35d3de0106b3,0x01686a145e238c07bc7732cf569de2fdc3503df2,0x0b6448d827a70488b3543e2fa39094ec4ddd1623,0xcf34cef0b70110540f9e7632b0457eb490fa94ac,0x55b3452a82ca9b4f4370bc50d6218949f444a2d4,0xcbdf472aa87904ee49c41baaff7f0aa567c5d32e,0x31480a706dde41097a07b4748c8ab5627ad367c9,0x9bd61fdb4d458c8f53058c7542cf086e3e1d32cd,0x2bcf769d21bf1a07c7d23c76e09e07fa436cf34a
0xcf388621a1a0e2bd57902a74edb2eed05b7f0e15,0x60feada91a87101761a08daefaca05a7fdc88ae3
0x097efc85e82e12870ef5e66ac0458d226f8bc991,0xe1ab81fa77b654f2d967a49d815eb3491d0acc1a
0xacf01994330a01c9de6c282bcf6c62231abcf8e4,0xb902619a30ff115c7abf71bd436eab910f8674d9
0xf80b027f338157ab8d373b28b71af28e84d927c9,0xa0f4c7ae462915d64031d87f410f5ff8ad307ffa
0x1702c9c1f1335f89729aeb3d5d8d5c9f456df415,0x600219de24484261884450ff2357e97ba8ae2dcd
0xfd51efd2d969d8cc703dee254f9f2072c44ee554,0xd17f05948c11cce1195dce37febe368af10bce52
0xefabc89d1c582b0d9a02abb5cd673c1900d81d4c,0xa9075c061b42414b24034890306eb39c1c6989bf
0xcde3faacff5bcf4387ef53c90e59cce79a0a077e,0x341f2df920d7e287ce87bd39eb01ad2df0a685bb,0xb4b4cbd5332d639384d3024c9f8ad22bf871e2dd,0x453fb0a60b7f453c826f2c4995bf28d0198ab5c2
0x416d906aaa6ffd96ce6e802fb2e9330a707693a7,0x6a4dd758e2453961414f89841f8b13cb648101a9
0x73084e4338a64d73180d039fae40a0e92b105f35,0xf4a0e9ad90f441670016742c8977f79553ee8ee8,0xfcfa4369eaa965ac4e36f1dd9fd2852c6542b0f7
0x6467a69017015f5080073dbf64affc4c3836d5d9,0x11dd7bbd76ef94d94c4179b89799487670b3dbdd
0x44920aad8c4ae63b8b0bc8f3c1e18085edeaa5ec,0xddbc3361f2b87238f21afb275171e569446f5c3c
0xb89bb36367574e1f2589c0c27873419d0453bce2,0x093b2455af9236aed6f1e6b0067d37d2e2cd641b,0x46bc840a680b7dea672a3f976379eac1d837994b
0xd520f3ce48a8c12a0f872f7d816495ff9ff89e00,0xbe7516aef9d60c11f9a8d870736137dbdd8a22df,0xd8f3908cf988db88bb983621212858c457e1ca64
0x0d57dca1b658da56fabc86d94a08ba07557c2a08,0x908577127a530c7f3fff655ce78942bc53f3f95b
0xaf67758d1961e1a427bb2de3226536f43d6e65ea,0x611434d1aade1d26f5c5d922accd375c5c444ea2
0x6f072fdcb1ec3f39ef07e47136d94f77c1dff3e4,0xb9375b805eeeb82e38a575700ad4e8572263affb,0xae39d837692a4f1428c781e22e22d848373c3886,0x012fee9466e499baa01a7bc68d38c76f85ea0651,0x4d0900710f5f5b75d16e5fe090036f4a037f4212
0x67c5023ba7eb4eefc13efdfacb99a93acadfdc6b,0x47b47cf8f4762f2a2850e5560eb911472e9dd55a
0xd255dfdff338a9439336cfbda53e6ac064a49e12,0xdefee0d511788abff9d7a68b930ee3cf651679cb
0xa0ce49629b8fb6795ce86d14396db48c1d7aa608,0x958bc7f87992791e89a5cfe764ff5541f6329642
0x803b788cfbfec47a1927638c47dc9c2c8eea4e71,0xde9afcd9e522505bc1f5febf24ed0ca783adf697
0x1bfecdfab4787338f0998ddfee85e78dd25e06a4,0xe778bc392687810e6748b71e2ea0cd9102de9929
0xd7fe48db7a132c7a6f2a05c1b829a16fa90134c0,0x44cc3cd370387e796f8d925623646b64edb74418
0xc99abe8bc02ef58134bab3cfc6bd4575f7c2edcc,0x42dbf634c256acd17beddc1330488f1bea7b8bdf
0x0602df712e23c4e02b15f2add2a5b555691c6f71,0x98bbe04eb8c802c4c2490526a115e33bce85fa4b
0xc00667d8b00f35b3565a5c4458dff1cd718e3527,0x10ebdb2155da1522de32c017225135b780bc11a0
0x5de9e29cba85675046ab754ff765ba8c148122b4,0x201c5720c9c921161ba11902ce2b90360479350f
0xdc7fc5bd38d1501f0c618e080ea082ee4e1ca29b,0x2fe8e10633eae71b503c60180c4190710a132237
0xe0f87651d3b65641c0fe1b71c5fbe88236d4b2e6,0xb2afbfd91efdc741d4596c8e63291dccd1eeb2a3
0x534ff46740f78239bbf2215d0100409bbaee38b6,0xf3f6a64a203ec45fda1bea0397a749736d4fcf9c
0x504b91304322e31f160bda424796a406631fb890,0x338aba30ebe6f1659ff8695a0fa2a2e989860fc3
0x3b05b135161cc9e39f6ef4ce67bf5b52ef0b1d2e,0xf1c6458f83ce5bbd76a02514bef2ab2ada3a323d
0x75776a046f8c5e0a799c70ece01e55f445f70336,0x6e43511728f45a3574495896bcf7c9a276e0223c
0xeef87830ca6b65f477ea160be186494e72b0ec32,0x2ab0ee5d373763cec3379c14c25dfe47d443e7a4
0x85589e7dbcedc9bd871ad3070d2be612307c8bc4,0x469cf659c01c489ba0cf84d25e403528da406f58
0xdd1b8cceec63e7bc14ae7e7d558dfa15cfaa1ad8,0xaa1ce8e5082f0d98054407cf8134fa25f2cb0d1d
0x1a10d8a21aa450260c254d45f3e5019947bbdee0,0x2fcbb8f47d09f0da4c4ccd412757249c0edba48d
0x542ccd08a779c6a4817d60a50f826a0757502536,0xd3abd7c99f050137f88edb39cb7e4de9cc1b03e5
0xfb8fcac8a5051a92606852ea000ac7c81dd0db5a,0x938cb55ec7004b3f200b869211bbde6eacb7f895,0x7bec246b604a9a6c7f18a36389dce1097de31ae9
0x3302e717bf0c589b55b3066cd02d2eeadffe11e3,0xbe2ae891e9c8e0ff1eee1467e36cf055a1a4f709
0x35a5a5bd9f9e34d0fc24a2c5f0a1b38de430de4b,0xa6b0d4c2d6540baece3b9a4d6b0ae876bd900c50
0x30db01087febd7b67dc486812b322b4867cb8ca7,0xe38d978e500242e5e6df46be5dc1bd47cb06555f
0x243b2c3c8c61106eb223c1bca6287307890262e3,0x92777f593cd44d66897668b0f8f2f7e2d8ea6127
0xf0bd6ec297ac56b3a7cf4654fdf9552152625c94,0x4fd0c746c49f749fffb1664a51898b4c207db925
0x17cd0cebb17125d8737980fa51156536726cf22a,0x886bdd6456949c4c8e44d260483b59c5c646091a,0x3127f3c240e8834ce2bec9ec49f195689a8b71c0,0x97efbfc38216eda7b7aceb48b82190509d4ce69f,0x0e0697280a8cf650eb52ddde48fa418c34fcffac,0x9ed537d4e92904cc388c03db9bf9a57a924859eb,0xb035323cba03a36e0de60a15be2b9c2a735f39a8,0xc88a2ed3c11f435c40f75e4c4556b60ff52071c5,0xdbe290492c10771fed18b1b3cf4fc9df18547b2e,0x9f3274e320be88668e6b01df63bb89c0dece678d,0x9b0e555245430ff37763a516c9667fcf0f657c5e
0x3de3f0c46f87b393175b8a35a34f275ff28290fe,0x9bd4e6dec0f81e954b8d5fee97fe55e2e7c12aff,0x87c24c1fc20005565f649e72810860e6e1e35f17
0xdb56a5e0044b3b2b0d53a017623ca1d664911f60,0xde41ae5a20bfa1220f114eb2971f0944cefbf082
0x7d9e2534e043eb97f6f74bdeec2a6f674038acf1,0x4466d8df2615c6e7d8c3cfb7889ca59548e0edfc
0xe747c2d98e21de4f170fb65e84e8fa2f840c6e1c,0x00000000009a41862f3b2b0c688b7c0d1940511e
0x32115bb20ac97d4152b6788f0a3383ff165b7513,0xa0133086978fbdf8fd49b570553be3ca14157064
0x3638d7bcafe5deeeb2e8f834b7425363997c81fc,0x988a311ecf1ab685705e9b767278a1537fdb66cb,0xa1c61726fdc0c850405609be65309c18fcb743a8
0xf6510abe26ff92ebfa1a5192789061027749d0ee,0x04b707fc3ba5a5e139396681baefc5bc60302fa0,0xc4dd43856037db29db6723e65f5dcf5dfe439b0a
0x4a5972a8a058a439cc6d6c183a521e170ebfda16,0xda273fc0176bd687755cd2531d14aad139615c41
0x4494408d7b8a0799759572723a895d623ac0236b,0x1722435ed6e60c5334d940e18d0de447b8182796,0x35beb50ae281207050f5741cea60428881d83aeb,0x03aa4c5dd96e673216bb2edb69fbc5d6c6a34da0,0x537ae4bf970cfdf485e6ecc21c777a6bfcb795c0,0x91060b0a021f1b61cb26ba4fb77f2c108b11e227,0x2e0ab9af3ae28a229d8ff9cbaa0b28e060afaf30,0x7059091a38974776f12f817bf0fc0a2b3e48a87d,0x4bd74141a8158956c16fe528c01937978aa1335d,0x4a929fd41480d34ea8c2dce993b0caee55847b6b
0x0961de1e994777720b2772ec3e696026f400d54d,0xd2ce2670a6428c9ba41c2878a498a2a8c0c1748c
0x23bc95f84bd43c1fcc2bc285fda4cb12f9aee2df,0x5c2c3764a4ba0a4ea4b81532aa48e3a72ad0655b
0x22d1300bba03910ed6cc33ba57bec39d43219fe7,0x6f4a508ebffce9ecb92510b895d1603434895979
0x05a4448597935c508e4ad0d2cf56d56bedb246ce,0xe8dda644fd1fdcdf36b1aa70f3c588cd330b353b
0x5f7c2d39729e4c01b34532d057e00a7a06feb94d,0x851d1d48e05b6fde777964e800319e4e43f5c275
0x9dc7e643f4bc4ea5a30c1dc3cc9883844f645a6e,0x20ed547d7452120d4d9cc366422dd5c5da7e85b6
0x0bf73596b85cabec6b0b4e73ae18bc8cce7a6f29,0x25a6fc2f051336debadba903302f9ced6de811ef
0x5945d8faf55e2a86a719d167fdccbe3e9467a411,0xa89ba43f7274f42391e0cbe308bee9c470ecfb9d,0x30006cedb2d0d56e39ece55e488c477977472df5,0xaaeba4b14641f7cf01c03190f2a585defe6e601a,0x8b53ce307e6e4abcbc733961c69c221e640248de,0x28b873298b2a72b5d4b8d33b6d3b76ea6beeff0a,0xfab62671a53c1b61af6dc56db934054e64844fdb,0x5fe0cdf0b1c84cd4a92cec746c84816a3a8b21ef,0x3727eb2f278f743800d73174e1cbea2b0007991a,0xf8638b59ae7d54db875d33633fbaa63ed7ccd754,0x16f5080474bbae4f6dc2f6002b95bbf384c37238,0x9c3beef762f53b9c4af44f2a155ebe7d3bf60f22,0xfaaa554a1a32aa626bb1d63e737c4ae6345b113d,0x2454675d55716bdabd2ca85aa6ef20ae27dc36d8,0x01339645eb195656e282d5d7c533a59272c66ce8,0x10625a8a31b0db31ad1ecee134c92b1241cfb568,0x9f623fee7c7672d03977541a0ca1f7c6c287e62f
0xd7af0608d8e618716895dd2ab3ad859b03951e81,0xa3cdf8d3b49ad4ed0f159c6b59ce4d49d79b945c,0x682c1c8d0ff660ea8d9ecc16c7980fc1238a8777
0x36e160828f2a2dd2117f9bfeccd34878573308f1,0x4fdf48090c46e656ac712ff8a004c975b592f1f6
0x2f5d5cb8df4070b52d1875f7ca405c11f1e5ddc9,0xf70328127cb1379712b70cad4c5eda05dac26002
0x1fdf59b52db7771400c252ac61729fb3d83f5760,0x83c1b07c8bd8992f60d14259fd214598e0209b69,0xa514ce57fabbbabfd40a96c474938881f198980f
0xac4d88b78e5d5ec7f131fadc2af59851d72b0bbd,0x6a0aa6145ffdd333ff5898560383540d762dfb13
0x970e86b1321c7064cc7d79a26f4cbce8882bc41c,0x72d7ec4269d3c67adfe0bde5bd1ed8780aa2a9cf
0x1f18a352d143e9330ab6a551d620d3b86236af71,0x2e83740909da7f848d8cffd11cd6daa2c3cf8ef0,0x3ed591a31de15e90d1698d13011f01d1380d7034
0xba8d6ce9cfb1290604ebdc4fe7fc76890567b89b,0xaf301de836c81deb8dff9dc22745e23c476155b2
0xdc56337a486043329ed8c2c5116808a42157ee45,0xf87af975cb30b56368e7d16f047fac7d7e61656d
0x1f6703515e4707e34f6e0d0d09432a52a8978a24,0xac7d6589499fca98979b6b4b3a714774d2a6ad3c
0x0f31462e1cfebf6f677f54baa267be4e221ddc9f,0xff6b6d0bae4ad442d8c6e986099d2152cf9649e2,0x090e3659e1ccd42bcee279f2d483704489657685,0x59e66df91ca884d9ed4ee35e8e47fbf8cdeadf15,0x61dbcc15e6c8e9840ec3ee89917e66ca336f2e3e
0xcabc8e78e59578501a4cf54295c2a5c3a1c9185a,0x1ac142b2d26746a0474ae01c98ea380f06144795
0x864c56caf3797abeb010c4e8be54973f1cc93d20,0x7096e484f52d2bcf36149f100e69943c1b18ce6e,0xfcfac7c22a5e3440928e46444fb4a16fcddc3016
0xf457c84cf8ff995d0fcf3a6e03d37afdb0068ef1,0x9da493db7895e44ecbe9882b145096b4bee562e7
0xe7be9dc66212dff45df14c516de81a699a90f5a7,0xfa8e4132671a00cbc9c309d8d1d245f2a4914ead
0xdc2ed109efa5ab1c785dd92bfe1a1e8639790a87,0x583713ac1c7d76918317085c66a46acb9ddfa95a,0x76e6bc779af999fd6511533a6e72b3c14599eaed
0x4216b4738a18bf525301c759b5b16895091cd269,0xa0cef8edf7f7a2aa1955d8057c42e5a66ed8f9d1
0x7d9e5a429cfae0c135a918452ae39a2292801288,0x4ac1ead216bded6b188c25ec4f23b52443f9f9de
0x6a200fcee0e4fe4a4c604c59770192c600880fd7,0x08ec3a4e3873505d34450b0f726136e1bf0c9df7
0x3050243ca3816a40891d784f383774001007610b,0x65ea88a32afe2a79e71e6f2397d3628a8e8644a2
0x5952a99e4dcdb44229aa51a67b0e1faf43857fc3,0x6f0ffb56b5d729d167a7d782d9ff13ea02a5730e
0x5cdf015d1642dc5b837184caa802f4d1bfde965d,0x383b9d11e97a7cbfc97fecc48465593ec4579e1e
0x4f99c49da22eddfc039a46252c53b04f8cb03b4d,0xd485db09cae7a62d869112f3ffb521b4aa515f9b,0xcd41790929a9370cff3763271a963b5504454238,0x875041fe2cf870d6c1605a18fe3899bb6432b57d,0xae207ea3f902b721bad8f8832217f808bd728b46,0x7bbba6d2232fd84e2579bcd8a95a72a6c01912df
0x2e595e9599b4befe61a4c9f133448c3c85e775be,0x80e7b816cf0cf53f484810aaf31915cda0cb3bd7
0x908b8935c46b81c65964780232c0cdc1c8508fe9,0xc66a7c6a9de4041e1de2bbe70b08afafcd344449,0x3ad26e304950247098c43b5eaf32a744576770ab,0xeb2fca4f6811709ea9a25c2c3a413361a09f8fd3,0x125ebce7e172f274133338d00308e4cc40d4d3a9,0x672527580cf9a32672b7b1633c122fd4bd956762,0xfb92b565bbe89e6bd0a15fe24fb4ca43bc023973
0x2c322f852a90a55df685a68fe94650c57fb683e3,0x89a272edaf49c01a292f4faf603ef7233c56eef0
0x151e47f48ed7aeee8d2fe883aafb2ecca2e1618f,0x2168fb5d6189c840e6431f6cbf5240e7177449d1
0xc77b471a28a2ae28055bc01955587c9e4a857472,0x75260938f48180f8c1a6fc9a124ed3ed46561f5a
0x0729836c053cead90ee127aa401fdcbb970e4159,0x22afc16c330afb4f7da2b3a747c208e18875cdfd
0x4ec355d5780c9554ebdf1b40e9734a573d81052c,0xec59e07bd0ca0974e0f12b8bf94aa5a3a069fb47,0x09528b6c6fc792eff0c70563c9b4c4c6e38da61d,0xd4c80637f45a55b5e1afa9cd0c935395063d4523
0xece818b4f34c4419b1721340ec0a46b9d88637bc,0xb54d496ebe3bd5e4560e1e68eb5086e3e2b95c5a
0x0f8deb247b1080729ba42d3bf4e36f472c1e7beb,0xdb1a0f19c72ec35d60d7e7b64a618e08dedcd4e6
0xde65fc7bf95e06e7d3240555a5b00eeccfa7ffed,0x9a4a8f7684e44a053609b99346b40bc06bd6d8c1
0x0fdd314c2c5fe5f85c8852a33810559b4fb6627c,0x09dec933257c3eee35213881976b07e84254c3cf
0x36c6d2ec1c256552bce10e1dfe76303d390fc0e3,0x6ed126a8e0e11ac0579afcd5fd32f87d0da49d88
0x0d3e2b36d34bd0fd706d54068773f5e38c2f6a3c,0x20e0650e566517ac1b963bed132fdaeb5f9f1a47,0x6748dfff46941a69305268a0359e654bdfc42222,0x1e6512492132d83d2736fb9e4186e2502490f921,0xc8fd203538987c3bc44ec0d7897e4df5caa032e1,0x086cc1c2376fe8b6b0d8d6652ea26bdaf0349c07,0x40bab18b6880cd76cc6635ece816939f00bcac00,0x946c0d90ae45358df35928d007a54a58eeedb40d,0x5428e0939920ac2d55fccb90ac88510e1224101b,0xf58caec63c63ea4178b02fbd4cf81ba6e300ba26,0x96dc8e9c27aa6d734fba0b40e58389a27f0db43d,0xd76f88e6c8ca80c6fec4b8d991a8015dda84ab46,0xb8707636c17c4778bd2fec9ef7ece230b4caeb78,0x6b71a8d2fe0155d078ef75d7675b114fb426335f
0xcd6a75969704e06cf2227fdea37aedd685768f2e,0xba00515ae9b2c1a9ace7c24c970341707a080876,0x2f3305c3921238882447aa53a865256d2e9e3212,0xc055807dbc93ad918844fe08f20f761a64434258,0xf3ec8e6320865e964ac05e091e768d4463d7d0f5,0x31c2274d838f385d4bc6c8d8c16f363d9577edd5,0x44aed9b6985d975618a738539069ba394cf38e09
0x4d3d015590cbf2d4b3ec319f8baf2a689a8d7ca3,0x5801816037523b655d108f7e387e3d61c6dea0e4
0x2487f038a24c06a708b85f7bd10349a57601bebb,0x8ad18c41856ff994ffb96f857853a638622a8f0f,0x5597c2e2be24cd8694f57dc0a1cb0dbdf64c3e1d,0x7e0f1fc39cc6c80fc01b8f346e0a6e6e7d7e4f33
0x6dcbb3bbda11c6c5aa7ce79aa81c2f10b4a2668f,0x9305cf37d727e7152f1e817fd12b542f07e3974c
0x1663b0e349146a12b340f99f3c9c41d1b4b4d107,0xde2c31c9728ac89ec53f744e2f6e87afbb4545d7,0x6f4b1c5477a2ada2af10e07690dcd320e16c2ac3,0xf933ede4e554ccb4ad9f7ebbc1745ac272efba3c,0x7add6e007701bc30766a99e37c57c71a45424476,0xd83d03343eae60b87f8f79b5656b0cfbafa6b96d
0x80904550968ad202b5275e01d3fc6c9efefc4b08,0xcdb664c980e7ac18b46222b27f3ada09e8509926
0xf0ea4f70e281a8af933b17855e2968a54895e0d4,0xef4f57343d7d843ecebe2539a03aa5dc32bd90f7
0x42069631571057e771a8c4e2d321a1a1f069e81c,0x420399c3085b996e8bc36024db7a80a5d3338cbe
0xc14830c7781189630c0901cc7d2cb6b03a5e656c,0xed547cffb6d55c23e55d66b5e1e6688e5b1bf020
0xc30aedfd0ab4ad3d86ef78b4f1d214287a157aaf,0x03025ab7e6522cf6e3cba628805e04cd9d08baf7,0xac44481bc1a6927718964cdc64029bab91174d94
0x408747a148f5fd895839f32acd7d16ef91592538,0xa0b3f0c07ba2bc57a44d8e3839b02425ec251958
0x315c2235d75880afe04310d71ec381dbfb29d307,0xac5f6ad16b9ba91d652faec3093e49be689fe7a5
0x107753c195edde2fe69e573f667a697526178a47,0xd2ddee09e723d165233986e0ed0aa6da1cea97e0
0x7085f63b3fbe274569e7d28283253b31361f4119,0xc732348fa85084138ce6cb150126b1ddff4bb8c6
0x75cd5dd03f7d7c00324eb4bdc5f956276dfd1b01,0xa9c0f89c3745d7ecbdfc5c69037d3e396167f285
0x42943815e7683ae48f1f5695940569369e83e6be,0x65b9e2138dcb91be48f77f234838db5fe46807c8,0xf552dde6a6e215ba1e02d1e0708d93fcf1894f38
0x356ee97d7d560af2e97e9f9eee56b2e09d60e6f5,0x665967faf572697e53969c0b7e8bd336b1fac885
0x692a3f35622bac767bd2482b4108231211cf8dce,0xb30e7753f40a2b11539a89dc6809061cd6947e1e,0x43c50d3ef219d319a0b4373575d87eda744cd2c4
0x870ce4cbe75814672c0f1e62d3d19474dbca2edc,0x6a77500a141fede525e57e422d65d67a32f2d8fe
0xfd1d4706bef005c4523b5c05a03b6cbe3234ea34,0x7e819419147fe92d64939dc3a9d7e409504eb9bc,0x0b601d743013de0941b3f0d9ad8fa1eff7deed49,0x0039f22efb07a647557c7c5d17854cfd6d489ef3,0xb2c95127308876b0da00dce7798412bca95c9fee
